Ticker,Date,Close,High,Low,Open,Interval
005930.KS,2014-10-13,16459.984375,17321.526256887053,16293.721906565657,16354.180985996327,1wk
005930.KS,2014-10-20,16807.62109375,16883.194929603193,16339.063311460208,16852.965395261916,1wk
005930.KS,2014-10-27,18802.76953125,18893.45813027532,16414.636423583197,16641.3579211465,1wk
005930.KS,2014-11-03,18228.421875,18923.701648009952,18031.92976523632,18893.472092661694,1wk
005930.KS,2014-11-10,18047.037109375,19180.644968004082,17835.43030909757,18530.709795723407,1wk
005930.KS,2014-11-17,18485.3671875,18712.08878015127,17865.66150091987,17986.579683667213,1wk
005930.KS,2014-11-24,19452.708984375,19664.31576431381,17865.658134833917,18848.118184549825,1wk
005930.KS,2014-12-01,19679.4296875,19860.806919642855,19135.297991071428,19558.511532738095,1wk
005930.KS,2014-12-08,19437.595703125,20510.744455008262,19256.218449285574,19694.54681273085,1wk
005930.KS,2014-12-15,20072.416015625,20072.416015625,18923.69341232116,19346.90700301205,1wk
005930.KS,2014-12-22,20435.173828125,20480.51814874954,19921.271527713572,20329.37041333441,1wk
005930.KS,2014-12-29,20396.833984375,20657.545396205358,20258.81029575893,20626.873465401786,1wk
005930.KS,2015-01-05,20151.45703125,20534.856137628427,19660.706175085616,20488.848244863013,1wk
005930.KS,2015-01-12,20182.125,20780.227488601824,19936.749620060793,20136.1171162614,1wk
005930.KS,2015-01-19,21255.640625,21470.344065656565,20243.467261904763,20381.49090232684,1wk
005930.KS,2015-01-26,20933.583984375,21470.342548076926,20810.896312671703,21086.943574004123,1wk
005930.KS,2015-02-02,21040.943359375,21178.967040303844,20488.848635659622,20933.591607541453,1wk
005930.KS,2015-02-09,20872.2421875,21470.344645481262,20412.163373668256,20856.90622703894,1wk
005930.KS,2015-02-16,21117.6171875,21117.6171875,20872.241824391793,20979.59354575163,1wk
005930.KS,2015-02-23,20810.900390625,21316.98713557019,20810.900390625,21132.95559195376,1wk
005930.KS,2015-03-02,22114.453125,22221.804839199027,20964.25618715326,21086.943860523577,1wk
005930.KS,2015-03-09,22344.49609375,22681.887249592484,21746.39359021105,22083.784746053534,1wk
005930.KS,2015-03-16,22451.84765625,23157.30188588627,22313.824002625515,22359.83188716701,1wk
005930.KS,2015-03-23,21792.408203125,22819.917949507388,21700.392404941504,22421.182824045565,1wk
005930.KS,2015-03-30,21991.767578125,22267.814869900627,21654.376443732566,21853.743932237187,1wk
005930.KS,2015-04-06,22850.583984375,22911.92783399748,22007.106052065854,22129.79375131082,1wk
005930.KS,2015-04-13,22237.142578125,22865.91695447198,21884.41548895474,22681.8854296875,1wk
005930.KS,2015-04-20,21623.701171875,22589.86654338431,21470.341589095744,22175.79566988032,1wk
005930.KS,2015-04-27,21623.701171875,21746.388838098406,20841.567299700797,21623.701171875,1wk
005930.KS,2015-05-04,20519.513671875,21823.070220536716,20519.513671875,21577.694870200394,1wk
005930.KS,2015-05-11,20335.4765625,20856.89903846154,20258.7967866233,20856.89903846154,1wk
005930.KS,2015-05-18,20703.544921875,21040.936024305556,20044.09867621528,20473.505533854168,1wk
005930.KS,2015-05-25,20044.103515625,20994.933215677604,19890.74388658426,20703.54992050019,1wk
005930.KS,2015-06-01,20565.525390625,20780.228862264637,19399.992258866983,19936.75093796607,1wk
005930.KS,2015-06-08,19584.0234375,20657.540775499216,19215.960350185982,20626.86885155638,1wk
005930.KS,2015-06-15,19415.322265625,19614.689713850217,19016.587369174566,19246.626732511355,1wk
005930.KS,2015-06-22,19599.35546875,20366.153413536776,19200.620537460876,19798.722934394562,1wk
005930.KS,2015-06-29,19461.224609375,20013.75149102918,19277.04898215694,19476.57257830984,1wk
005930.KS,2015-07-06,19323.1015625,19430.537393268467,18724.5305053614,19231.0137075556,1wk
005930.KS,2015-07-13,20029.09765625,20121.185461566092,18739.868381824712,19184.95944085249,1wk
005930.KS,2015-07-20,18862.66015625,20013.75821297803,18785.920285801465,19814.23454981184,1wk
005930.KS,2015-07-27,18187.341796875,19568.658895371835,18033.86211926424,18862.65237836234,1wk
005930.KS,2015-08-03,17435.2890625,18218.035314425615,17112.981782295334,18171.99141725352,1wk
005930.KS,2015-08-10,17496.68359375,18095.254348273025,17343.20391310307,17496.68359375,1wk
005930.KS,2015-08-17,16898.119140625,18049.21717472752,16821.379271684833,17496.69011835831,1wk
005930.KS,2015-08-24,16591.16015625,17112.99128049838,15854.457392605227,16698.595975948196,1wk
005930.KS,2015-08-31,17327.85546875,17558.07498339238,16146.061960252435,16437.67334546612,1wk
005930.KS,2015-09-07,17112.9921875,17604.12738929372,16959.51243693946,17327.863838284753,1wk
005930.KS,2015-09-14,18264.083984375,18294.779923844537,17036.246405593487,17189.726102941175,1wk
005930.KS,2015-09-21,17066.9375,18003.163388039568,17020.893603866905,17849.683734262588,1wk
005930.KS,2015-09-28,17174.3828125,17573.430134327526,16729.291568923145,17189.730786416443,1wk
005930.KS,2015-10-05,19491.919921875,19630.05163785679,17112.984813299707,17174.37668706939,1wk
005930.KS,2015-10-12,19415.185546875,19676.10108386858,18985.442309473816,19338.44568305336,1wk
005930.KS,2015-10-19,19783.537109375,19952.36481162723,19169.61819209416,19292.40197555033,1wk
005930.KS,2015-10-26,21057.416015625,21364.37543276239,19522.618929938046,19921.666172216654,1wk
005930.KS,2015-11-02,20535.58984375,21379.728439718798,20351.41415008408,21256.944643941515,1wk
005930.KS,2015-11-09,19952.365234375,20643.02403094952,19952.365234375,20535.588218149038,1wk
005930.KS,2015-11-16,19722.140625,19890.968287937743,19384.485299124513,19814.22844114786,1wk
005930.KS,2015-11-23,20366.76171875,20704.41715040976,19660.754907097777,19722.14680376319,1wk
005930.KS,2015-11-30,19476.572265625,20336.058512177402,19445.876328248127,20336.058512177402,1wk
005930.KS,2015-12-07,19706.794921875,19875.622604227512,19369.139557169976,19476.575355030665,1wk
005930.KS,2015-12-14,19614.70703125,20105.8421055849,19261.703696571793,19537.967175885173,1wk
005930.KS,2015-12-21,19722.140625,19952.36016536965,19353.789360408562,19614.704839494163,1wk
005930.KS,2015-12-28,19648.849609375,20101.08503689236,19352.557432725695,20038.70773654514,1wk
005930.KS,2016-01-04,18260.953125,19648.847939795047,17949.06664976516,19648.847939795047,1wk
005930.KS,2016-01-11,17652.78125,18182.98846068905,17528.026612190813,18027.045163427563,1wk
005930.KS,2016-01-18,18214.171875,18260.954850706337,16966.625856164384,16966.625856164384,1wk
005930.KS,2016-01-25,17933.4765625,18338.929076086955,17403.269429347827,18276.551766304347,1wk
005930.KS,2016-02-01,18151.798828125,18229.77047257571,17730.751948091172,17964.6668814433,1wk
005930.KS,2016-02-08,17621.59375,18151.80099557522,17434.461780973452,18151.80099557522,1wk
005930.KS,2016-02-15,18557.251953125,18759.97823496586,17839.912801995797,17995.856095719537,1wk
005930.KS,2016-02-22,18276.556640625,18588.443272717577,18105.01899297408,18557.25460950832,1wk
005930.KS,2016-02-29,18947.107421875,19149.833674125515,18338.928665123458,18385.711646412037,1wk
005930.KS,2016-03-07,19477.31640625,19539.69372060148,18354.52474792334,19025.080877201763,1wk
005930.KS,2016-03-14,19851.58203125,20210.25162018853,19430.535122496072,19758.016051526905,1wk
005930.KS,2016-03-21,20085.4921875,20116.68083996506,19617.662400524066,19867.171620244564,1wk
005930.KS,2016-03-28,19945.1484375,20600.110309568023,19820.39379520133,20085.497410086005,1wk
005930.KS,2016-04-04,19430.541015625,20350.60676195074,19336.975007524077,19945.154060180077,1wk
005930.KS,2016-04-11,20272.625,20428.568269230767,19430.531346153846,19430.531346153846,1wk
005930.KS,2016-04-18,19960.73828125,20350.596450805664,19913.95530090332,20194.6531829834,1wk
005930.KS,2016-04-25,19414.9375,20350.597138554218,19368.15451807229,20038.71059236948,1wk
005930.KS,2016-05-02,20116.685546875,20116.685546875,19414.94070221657,19446.12936197917,1wk
005930.KS,2016-05-09,19539.69140625,20272.624763068634,19508.502752768356,20116.681495660414,1wk
005930.KS,2016-05-16,19789.201171875,19960.73877068558,19446.125974253842,19539.69193724143,1wk
005930.KS,2016-05-23,19991.931640625,20319.412580136017,19773.61101428432,19789.205344737227,1wk
005930.KS,2016-05-30,21473.38671875,21504.575370483843,19773.605199255628,20225.84064939633,1wk
005930.KS,2016-06-06,21925.623046875,22299.88688266803,21473.38757862509,21473.38757862509,1wk
005930.KS,2016-06-13,22237.51171875,22377.860670691618,21239.474727165147,21769.6818789446,1wk
005930.KS,2016-06-20,21832.05859375,22611.774972098214,21208.285491071427,22253.105438058035,1wk
005930.KS,2016-06-27,22877.63671875,23080.507985696622,21519.959778414905,21847.674901944065,1wk
005930.KS,2016-07-04,22784.005859375,23018.088111354882,22034.942653039383,22846.4277932363,1wk
005930.KS,2016-07-11,23689.12109375,23751.543020215744,22784.003159996708,22784.003159996708,1wk
005930.KS,2016-07-18,23657.9140625,24141.684073012864,23408.226315138523,23689.125030920186,1wk
005930.KS,2016-07-25,24016.833984375,24297.732627467107,23330.19285681652,23408.22025767544,1wk
005930.KS,2016-08-01,24360.154296875,24656.658417080398,23673.51317639934,24484.998136961483,1wk
005930.KS,2016-08-08,24110.46875,24641.055117313917,23813.96460355987,24438.1838592233,1wk
005930.KS,2016-08-15,26139.1796875,26139.1796875,24110.46723414179,24110.46723414179,1wk
005930.KS,2016-08-22,25156.0390625,26435.68869223015,25015.58971289547,26123.57902644231,1wk
005930.KS,2016-08-29,24921.95703125,26076.762804770664,24391.370594767533,24999.984448379775,1wk
005930.KS,2016-09-05,24578.62890625,25780.25076388889,24406.968640873016,24812.711086309522,1wk
005930.KS,2016-09-12,23829.57421875,24172.894868921907,22721.58484774067,23252.171307097247,1wk
005930.KS,2016-09-19,24516.21484375,25608.598700568906,23970.02291534055,24001.23388267823,1wk
005930.KS,2016-09-26,24937.564453125,25265.27963054404,23923.207951589877,24516.216367871948,1wk
005930.KS,2016-10-03,26622.94921875,26779.00402073564,24921.951877106538,24937.5573573051,1wk
005930.KS,2016-10-10,24609.849609375,26357.663912640695,23314.594366776317,25749.05000346782,1wk
005930.KS,2016-10-17,24797.11328125,25764.653258240243,24001.233622758024,24422.581677253773,1wk
005930.KS,2016-10-24,25187.248046875,25234.06449305878,24282.13008732187,24859.532923588522,1wk
005930.KS,2016-10-31,25390.125,25780.262138905964,25046.804317762755,25218.464658881378,1wk
005930.KS,2016-11-07,24937.564453125,25858.28804682611,24734.693152817974,25702.23320043609,1wk
005930.KS,2016-11-14,24750.30078125,24906.355641157,24016.842939687107,24890.7501551663,1wk
005930.KS,2016-11-21,25749.046875,25920.7071875,24422.58082386364,24422.58082386364,1wk
005930.KS,2016-11-28,26950.66015625,27356.40257898451,25592.983587869137,25749.03836584395,1wk
005930.KS,2016-12-05,27777.7578125,28105.472932759832,26700.979560217696,26794.612451720506,1wk
005930.KS,2016-12-12,27980.6328125,28105.47668450223,27013.09280448271,27044.30377248327,1wk
005930.KS,2016-12-19,27808.970703125,28558.033887047557,27777.759737128225,27793.365220126612,1wk
005930.KS,2016-12-26,28557.6171875,28684.39906180633,28050.489690274695,28208.967033157605,1wk
005930.KS,2017-01-02,28684.400390625,29017.202826096338,28161.42513488432,28510.075305378108,1wk
005930.KS,2017-01-09,29682.814453125,30744.612941304058,28969.666214795783,29001.36169205486,1wk
005930.KS,2017-01-16,29476.794921875,30047.31353326613,28779.494396841397,29207.383355384743,1wk
005930.KS,2017-01-23,31616.228515625,31695.467183583958,29318.30714481516,29476.78448073308,1wk
005930.KS,2017-01-30,31267.580078125,31616.23023611727,30934.777654586924,31616.23023611727,1wk
005930.KS,2017-02-06,30395.94921875,31426.0517730872,30269.1673659085,31362.66084666645,1wk
005930.KS,2017-02-13,29999.763671875,30395.95706426638,29381.701979744455,29904.67725770107,1wk
005930.KS,2017-02-20,30285.017578125,31346.81568264325,30158.23571489894,30285.017578125,1wk
005930.KS,2017-02-27,31394.36328125,31584.53610274167,29872.980709316635,30126.544471305526,1wk
005930.KS,2017-03-06,31838.099609375,32186.749779313403,31077.408329509395,31077.408329509395,1wk
005930.KS,2017-03-13,33597.20703125,33676.44572707842,31727.173809699292,31727.173809699292,1wk
005930.KS,2017-03-20,32884.05078125,33819.06716490963,32551.24833960843,33280.244164156626,1wk
005930.KS,2017-03-27,32756.099609375,33741.962801501824,32740.19859014715,32756.099609375,1wk
005930.KS,2017-04-03,33074.12109375,33582.95372596154,32724.298659104566,32915.1108961839,1wk
005930.KS,2017-04-10,33408.046875,33757.86935536649,32994.62030729414,33344.442787660635,1wk
005930.KS,2017-04-17,32406.279296875,33455.74663426153,31865.6446079183,33392.1425532078,1wk
005930.KS,2017-04-24,35475.171875,36413.331955961454,32533.4834855446,32803.800797008065,1wk
005930.KS,2017-05-01,36190.72265625,36333.83184074308,35475.176733784596,35475.176733784596,1wk
005930.KS,2017-05-08,36429.2421875,37542.313751500435,35952.2115172141,36190.726852357046,1wk
005930.KS,2017-05-15,35554.6796875,37208.38571947674,35554.6796875,36270.22556672071,1wk
005930.KS,2017-05-22,36635.95703125,36938.07646857367,35586.48951212565,35809.10383436415,1wk
005930.KS,2017-05-29,36540.54296875,36890.36539926023,35300.26344239556,36747.2562231424,1wk
005930.KS,2017-06-05,36651.83984375,36969.86014608188,35777.28401233731,36604.13679840021,1wk
005930.KS,2017-06-12,36238.41796875,36620.04237912736,35888.59559257075,36111.20983195755,1wk
005930.KS,2017-06-19,37860.3203125,38273.746741783914,36222.515611875264,36238.41662838618,1wk
005930.KS,2017-06-26,37907.98828125,38593.7449056058,37557.1360548354,37892.04045277661,1wk
005930.KS,2017-07-03,38163.1484375,38370.470179951946,37301.965815007316,37876.08756333577,1wk
005930.KS,2017-07-10,40252.31640625,40730.751228828245,38498.05539012975,38673.481491741775,1wk
005930.KS,2017-07-17,40730.73828125,40922.11214944695,39869.555874363745,40587.207880102294,1wk
005930.KS,2017-07-24,38083.41015625,40666.95808142274,37780.401448976656,40427.74068094378,1wk
005930.KS,2017-07-31,38035.5625,39343.2841457023,37413.59732704402,37812.292950733754,1wk
005930.KS,2017-08-07,35579.59375,38482.097587965036,35260.63728428956,37876.080303115195,1wk
005930.KS,2017-08-14,37397.6484375,37716.604927372064,35659.33556769723,35978.29205756929,1wk
005930.KS,2017-08-21,37493.33203125,38179.08842314441,37142.47992376914,37668.758084990426,1wk
005930.KS,2017-08-28,37062.75,37668.76742685026,36010.19341652324,37493.34132960413,1wk
005930.KS,2017-09-04,39135.96875,39215.70788763244,36281.30762275876,36504.57720812959,1wk
005930.KS,2017-09-11,40188.51171875,40316.094295634924,39183.79892578125,39630.337944878476,1wk
005930.KS,2017-09-18,42261.734375,42740.16910377359,40284.20416273585,40300.1519870283,1wk
005930.KS,2017-09-25,41001.29296875,42920.230237178235,40649.48780287149,42376.531344456904,1wk
005930.KS,2017-10-02,41001.29296875,41001.29296875,41001.29296875,41001.29296875,1wk
005930.KS,2017-10-09,43176.09375,44103.58020833333,41001.29791666667,41001.29791666667,1wk
005930.KS,2017-10-16,43048.1640625,44279.48227676913,42216.62448922734,43160.102081979014,1wk
005930.KS,2017-10-23,42440.49609375,43799.743331115766,41688.91232720658,43655.823035394686,1wk
005930.KS,2017-10-30,45079.0390625,45990.53435393757,42776.31411571036,43000.190152203795,1wk
005930.KS,2017-11-06,45095.0234375,45622.73115857713,44247.49285516401,45079.03229443706,1wk
005930.KS,2017-11-13,44631.2734375,45478.80388973486,44231.49492229487,45095.01651513794,1wk
005930.KS,2017-11-20,44343.4453125,44935.11768053552,43991.6401206951,44695.25050430491,1wk
005930.KS,2017-11-27,40649.50390625,44263.50386014949,40137.78709861822,44263.50386014949,1wk
005930.KS,2017-12-04,41576.98046875,41576.98046875,39993.85698167067,40649.49398137019,1wk
005930.KS,2017-12-11,40473.5859375,41800.85090502766,40393.6302165646,41576.974886408534,1wk
005930.KS,2017-12-18,39738.00390625,41640.950572183094,39258.26945265342,40473.596735098086,1wk
005930.KS,2017-12-25,41112.203125,41112.203125,38885.56104052198,40095.69260817308,1wk
005930.KS,2018-01-01,42048.046875,42403.0188747122,40854.05014869532,41112.211603031465,1wk
005930.KS,2018-01-08,38885.55859375,42370.73728928942,37723.83236190353,42273.92676996888,1wk
005930.KS,2018-01-15,39789.125,40854.040754257905,38659.66889699919,39369.612733171125,1wk
005930.KS,2018-01-22,40966.984375,40966.984375,38691.937192300116,39240.53012997243,1wk
005930.KS,2018-01-29,38482.1875,43677.686189727465,38482.1875,41305.82809224319,1wk
005930.KS,2018-02-05,36061.92578125,38982.37704138702,35836.03452355984,37514.08386640101,1wk
005930.KS,2018-02-12,39530.953125,39611.62853954082,36336.20670918367,36384.611957908164,1wk
005930.KS,2018-02-19,38094.95703125,40176.38416256353,37723.84986830263,40176.38416256353,1wk
005930.KS,2018-02-26,37126.83203125,39030.77213541667,37110.69694562147,38143.34242584746,1wk
005930.KS,2018-03-05,40127.953125,40773.356472406515,36368.47862635706,36965.47672270808,1wk
005930.KS,2018-03-12,41257.41796875,41967.36180552161,39998.88116720033,40789.50043996871,1wk
005930.KS,2018-03-19,40111.83984375,41773.754366640685,40015.0292890185,40837.91900423622,1wk
005930.KS,2018-03-26,39999.2109375,41006.91149748578,39267.81536976839,40161.743285884804,1wk
005930.KS,2018-04-02,39332.81640625,40129.22467232696,38130.077392174586,39820.413303848145,1wk
005930.KS,2018-04-09,40470.55078125,40779.36221291416,39040.26625564759,39219.05182134789,1wk
005930.KS,2018-04-16,41949.58203125,43054.80155008959,40486.79149160936,40893.12219706509,1wk
005930.KS,2018-04-23,43071.0625,43591.16589622642,39999.201816037734,41445.739386792455,1wk
005930.KS,2018-04-30,42177.140625,43802.46396315029,42095.87445809248,43071.06846098266,1wk
005930.KS,2018-05-07,41689.5390625,43233.59606481482,41120.67595638402,42177.13601059942,1wk
005930.KS,2018-05-14,40226.75390625,41527.01261837121,39901.6892282197,41445.74644886364,1wk
005930.KS,2018-05-21,42827.26953125,42908.535697343454,39901.68755188567,40348.651465399664,1wk
005930.KS,2018-05-28,41689.5390625,43071.06374878168,39901.68358613548,42664.73295869883,1wk
005930.KS,2018-06-04,40348.65625,42095.879028197385,40308.023162134945,41283.217270896275,1wk
005930.KS,2018-06-11,38723.32421875,40876.87740195435,38723.32421875,40429.913533742125,1wk
005930.KS,2018-06-18,38398.265625,38926.495734126984,37544.97083333333,38682.69722222222,1wk
005930.KS,2018-06-25,38192.6328125,39707.23882971597,37578.60334606109,38520.115194600745,1wk
005930.KS,2018-07-02,36759.90234375,38601.99099126531,36555.22582735941,38069.832048649776,1wk
005930.KS,2018-07-09,38069.80859375,38110.7438718078,37005.49136424731,37251.10303259409,1wk
005930.KS,2018-07-16,38847.59765625,38970.40354978925,37332.99163593256,38315.43878424657,1wk
005930.KS,2018-07-23,38397.296875,38642.908582089556,37578.591184701494,38561.038013059704,1wk
005930.KS,2018-07-30,37455.78515625,38356.36141137295,37210.173450307375,38110.74970543033,1wk
005930.KS,2018-08-06,37169.24609375,38520.11076455809,36718.9578701473,37783.27548957186,1wk
005930.KS,2018-08-13,36104.93359375,37169.2513640873,35777.45120287698,36800.833674355155,1wk
005930.KS,2018-08-20,37783.27734375,37987.95381906826,35613.70670537649,35613.70670537649,1wk
005930.KS,2018-08-27,39666.30078125,39666.30078125,37660.47132997936,37742.341919827144,1wk
005930.KS,2018-09-03,36759.90234375,39543.502966662025,36350.54931096882,39461.63236010579,1wk
005930.KS,2018-09-10,37537.6640625,37578.59935591603,36023.05820610687,37210.181715171755,1wk
005930.KS,2018-09-17,38806.66015625,38970.40133834389,36596.1541979826,37292.0542218816,1wk
005930.KS,2018-09-24,38315.02734375,39181.136680906886,38191.29743844187,39098.65007736814,1wk
005930.KS,2018-10-01,36871.515625,38603.73447986577,36747.7857067953,38315.03133738814,1wk
005930.KS,2018-10-08,36294.12109375,37531.42067649148,35551.74134410511,36459.09437144886,1wk
005930.KS,2018-10-15,36211.625,36706.54470387244,35757.9486047836,36335.35492596811,1wk
005930.KS,2018-10-22,33819.50390625,36252.85845560214,33324.58433689024,35840.42548113567,1wk
005930.KS,2018-10-29,36417.84375,36500.33037231031,33448.32534682899,33695.78521375991,1wk
005930.KS,2018-11-05,36541.5859375,37160.235812288374,35386.772837895034,36087.90936265519,1wk
005930.KS,2018-11-12,36294.12109375,37325.2040793679,35799.201260653404,36170.39113547585,1wk
005930.KS,2018-11-19,34974.33203125,36500.33472600973,34479.412238354955,36335.36146171138,1wk
005930.KS,2018-11-26,34520.6640625,36294.12709080047,34438.17741002091,34768.12401993728,1wk
005930.KS,2018-12-03,33778.27734375,35799.1999198718,33365.84416494963,35263.036787431316,1wk
005930.KS,2018-12-10,32128.541015625,33613.30029234195,31922.324449414315,33365.84041288912,1wk
005930.KS,2018-12-17,31881.08984375,32664.713009379044,31427.413274175295,31881.089843750004,1wk
005930.KS,2018-12-24,32219.740234375,32511.13323391069,31720.2093780281,32053.229948926033,1wk
005930.KS,2018-12-31,31179.046875,32802.5219459279,30679.516083945262,32219.736023030706,1wk
005930.KS,2019-01-07,33718.33203125,33759.95960165895,31470.443229166664,31636.95351080247,1wk
005930.KS,2019-01-14,35216.921875,35300.17700945627,33177.171080821514,33676.7018875591,1wk
005930.KS,2019-01-21,37256.68359375,37256.68359375,34426.00819221369,35549.95283694134,1wk
005930.KS,2019-01-28,38588.75,39171.53586839267,36923.647518878104,37464.80582524272,1wk
005930.KS,2019-02-04,37298.30859375,39213.177115304126,37173.42586408342,38588.763466971264,1wk
005930.KS,2019-02-11,38338.98828125,39546.18769510044,36840.39590543567,37048.53373540988,1wk
005930.KS,2019-02-18,39254.80078125,39296.428353658535,37839.463319359755,38713.642339939026,1wk
005930.KS,2019-02-25,37548.05859375,39587.80900516214,37548.05859375,39462.92632691241,1wk
005930.KS,2019-03-04,36465.75,38380.61815068493,36132.729452054795,38297.36301369863,1wk
005930.KS,2019-03-11,36798.7734375,37423.18701392817,36257.61500459559,36965.28372454751,1wk
005930.KS,2019-03-18,38755.26953125,39129.917679242746,35882.96706330559,36590.63578729189,1wk
005930.KS,2019-03-25,37465.87109375,38346.92741286394,37088.275528415455,38011.286910344345,1wk
005930.KS,2019-04-01,39311.8984375,39899.26938533885,37633.69572938901,37927.38120330843,1wk
005930.KS,2019-04-08,39311.8984375,39647.5389791222,38598.662286552826,39647.5389791222,1wk
005930.KS,2019-04-15,38011.28515625,39941.217956677705,37969.33009537114,39563.62240876794,1wk
005930.KS,2019-04-22,37633.69140625,38514.74772679766,36752.63508570234,38095.197097965436,1wk
005930.KS,2019-04-29,38011.28515625,38850.38637382726,37843.46491273455,37885.41997361341,1wk
005930.KS,2019-05-06,35997.453125,38011.29665646853,35619.85746284965,38011.29665646853,1wk
005930.KS,2019-05-13,34570.98046875,36249.18340412621,34277.294955059166,35661.812376744536,1wk
005930.KS,2019-05-20,35829.6171875,36920.44862412178,34864.65091664228,34948.56102715164,1wk
005930.KS,2019-05-27,35661.80859375,36081.35928308823,34654.886939338234,35661.80859375,1wk
005930.KS,2019-06-03,37088.28125,37214.14645786199,35661.808894230766,36039.40451781674,1wk
005930.KS,2019-06-10,36920.46875,37801.525390625,36333.09765625,37172.19921875,1wk
005930.KS,2019-06-17,38346.93359375,38430.84373290481,36417.00039318928,36710.685880231125,1wk
005930.KS,2019-06-24,39745.65234375,39745.65234375,38223.47842420213,38223.47842420213,1wk
005930.KS,2019-07-01,38604.015625,40083.90669496167,38223.47220700986,40041.62409296276,1wk
005930.KS,2019-07-08,39153.68359375,39365.09657211798,37504.66236247975,37842.92312786852,1wk
005930.KS,2019-07-15,39576.51171875,39703.35951272035,38604.0119649773,38857.707552918,1wk
005930.KS,2019-07-22,39872.48828125,40210.74905139846,39111.40154841596,39576.51010737009,1wk
005930.KS,2019-07-29,38012.046875,39787.91558328699,37462.373227196884,39576.50264182425,1wk
005930.KS,2019-08-05,36489.8828125,37716.07817931633,35940.20902737544,37504.66518503766,1wk
005930.KS,2019-08-12,37124.125,37420.103217539865,36320.7555523918,37208.690205011386,1wk
005930.KS,2019-08-19,37166.390625,37885.19453924915,36785.84737627986,37504.65129052901,1wk
005930.KS,2019-08-26,37208.69140625,37546.95223721591,36320.75672496449,36405.32193270597,1wk
005930.KS,2019-09-02,39153.68359375,39322.813976444384,36447.59747063985,37927.488319215714,1wk
005930.KS,2019-09-09,39872.48828125,40083.901262592786,39153.684144684514,39280.53193349019,1wk
005930.KS,2019-09-16,41606.0703125,41944.33104674797,39238.24517276423,39745.63627413618,1wk
005930.KS,2019-09-23,41226.17578125,42290.901395435176,40885.46358471074,41950.18919889592,1wk
005930.KS,2019-09-30,40885.46484375,41950.190490722656,40331.80750732422,40928.05386962891,1wk
005930.KS,2019-10-07,41865.01171875,42120.54586962742,40544.75193921669,41183.58731641022,1wk
005930.KS,2019-10-14,42503.8515625,43355.632154934865,42290.906414391284,42589.02962174349,1wk
005930.KS,2019-10-21,43355.62890625,44718.47775202603,42418.67032477898,42503.84837763998,1wk
005930.KS,2019-10-28,43611.171875,44037.0622253418,42759.391174316406,43185.2815246582,1wk
005930.KS,2019-11-04,44377.77734375,45570.27040097168,43781.53081513915,44037.065041686656,1wk
005930.KS,2019-11-11,45740.6171875,45740.6171875,43781.52185172254,44462.946316340785,1wk
005930.KS,2019-11-18,43951.875,45825.792151162794,43100.09447674419,45655.43604651163,1wk
005930.KS,2019-11-25,42844.56640625,45059.19608132455,42759.38834182406,44462.94963034294,1wk
005930.KS,2019-12-02,42929.74609375,43696.34870256697,41737.25314670139,43355.63643198165,1wk
005930.KS,2019-12-09,46592.39453125,46677.57258340951,43185.27244486975,43355.62854918876,1wk
005930.KS,2019-12-16,47699.70703125,48807.021658761165,46251.68021065849,46422.036307198665,1wk
005930.KS,2019-12-23,48435.10546875,48778.008870298676,46634.86261061947,48092.20206720133,1wk
005930.KS,2019-12-30,47577.83984375,48520.824056869365,47063.48481841216,48177.920706644145,1wk
005930.KS,2020-01-06,51006.875,51178.32668067227,46806.30882352941,47063.486344537814,1wk
005930.KS,2020-01-13,52549.92578125,53150.00649979609,50492.50617480628,51092.58689335237,1wk
005930.KS,2020-01-20,52121.296875,53835.81321957237,51778.39360608553,53150.00668174342,1wk
005930.KS,2020-01-27,48349.375,52121.31205673759,48349.375,52121.31205673759,1wk
005930.KS,2020-02-03,51778.40234375,52464.2089973096,47320.65909561258,47577.83659069743,1wk
005930.KS,2020-02-10,52978.56640625,53064.29224185882,50663.96884481189,50749.69468042071,1wk
005930.KS,2020-02-17,50749.69921875,53150.02283044763,50149.61831582559,52807.11945734797,1wk
005930.KS,2020-02-24,46463.41015625,49806.71826712407,46463.41015625,49206.63732414668,1wk
005930.KS,2020-03-02,48435.10546875,49720.993224557526,45949.05580752213,46549.1367602323,1wk
005930.KS,2020-03-09,42820.05859375,48435.10131224975,40162.55745980355,48435.10131224975,1wk
005930.KS,2020-03-16,38919.53515625,43634.45681614813,36262.033857034694,42948.650029253855,1wk
005930.KS,2020-03-23,41405.57421875,42605.735790307976,36347.75045289855,36519.202105978264,1wk
005930.KS,2020-03-30,40588.62109375,41884.00261801862,39163.70141705452,40631.80047789229,1wk
005930.KS,2020-04-06,42531.69921875,43352.10763007614,40804.52361595812,41020.420566307104,1wk
005930.KS,2020-04-13,44388.41015625,44906.56280398833,41711.288142935315,42013.543854116004,1wk
005930.KS,2020-04-20,42618.0546875,44388.40954280648,41754.46695320415,44388.40954280648,1wk
005930.KS,2020-04-27,43179.37890625,43611.172695312496,42402.1500859375,42618.046980468745,1wk
005930.KS,2020-05-04,42143.078125,42618.05134157275,41884.00182505123,42229.436891649595,1wk
005930.KS,2020-05-11,41322.65625,42531.6785854232,40761.32445141066,42229.4230015674,1wk
005930.KS,2020-05-18,42099.8984375,43611.17684294871,41106.77262820512,41409.02830929487,1wk
005930.KS,2020-05-25,43783.89453125,44215.688362919136,41840.822288738906,42099.89858774038,1wk
005930.KS,2020-06-01,47929.12109375,49224.50274493243,43697.54103322072,43870.25858671171,1wk
005930.KS,2020-06-08,45165.64453125,48792.71349934273,44474.774251613286,48706.354714388144,1wk
005930.KS,2020-06-15,45683.7890625,45683.7890625,43093.025977670135,44388.407520085064,1wk
005930.KS,2020-06-22,46029.23046875,46547.38315695356,44129.33727867026,44906.566310975606,1wk
005930.KS,2020-06-29,46597.78125,46858.589727145525,45206.80270522388,45641.48350046642,1wk
005930.KS,2020-07-06,45815.359375,48597.316680502845,45467.614711812144,46945.52953036053,1wk
005930.KS,2020-07-13,47293.28125,47814.898322610294,46163.11092601103,46336.983283547794,1wk
005930.KS,2020-07-20,47119.40625,48249.57651060886,46684.725380535056,47641.02329335793,1wk
005930.KS,2020-07-27,50336.046875,52509.45131692573,47206.34447862694,47206.34447862694,1wk
005930.KS,2020-08-03,49988.29296875,50770.718423913044,48945.05902853261,50249.101453804346,1wk
005930.KS,2020-08-10,50422.97265625,51813.95121228448,49988.291857489225,50075.22801724138,1wk
005930.KS,2020-08-17,48597.3203125,52074.76720427102,48075.70327873435,50422.97993067979,1wk
005930.KS,2020-08-24,48162.63671875,49379.74306182311,48162.63671875,48510.38138819946,1wk
005930.KS,2020-08-31,48336.515625,49292.813595998196,46945.53675809352,48684.260341726615,1wk
005930.KS,2020-09-07,51292.34765625,52161.7094809322,48510.38981726695,48771.19836467161,1wk
005930.KS,2020-09-14,51553.14453125,53291.867786941395,51379.272205680856,52335.569996311126,1wk
005930.KS,2020-09-21,50336.046875,52161.706606217616,49901.36598661485,51379.28100712435,1wk
005930.KS,2020-09-28,50908.11328125,51607.881161404635,50645.70032619201,50995.584266269325,1wk
005930.KS,2020-10-05,52220.17578125,53094.88559333124,50295.81419467127,50295.81419467127,1wk
005930.KS,2020-10-12,52045.234375,53707.18303571429,51607.87946428572,52482.58928571429,1wk
005930.KS,2020-10-19,52657.5234375,53794.64603664867,52045.22665334302,52132.697622508305,1wk
005930.KS,2020-10-26,49508.5625,53444.75563162544,49508.5625,52832.45892226149,1wk
005930.KS,2020-11-02,52570.05859375,53182.35544925125,48983.74844009984,49333.63235752912,1wk
005930.KS,2020-11-09,55281.65625,55281.65625,52045.230172072785,53094.881873022154,1wk
005930.KS,2020-11-16,56593.7265625,58605.55919146059,55893.95869155719,55981.42967542504,1wk
005930.KS,2020-11-23,59655.19140625,60792.31382308468,56593.707976310485,56681.17893145161,1wk
005930.KS,2020-11-30,62541.75,63066.575874125876,58343.14300699301,59830.14965034965,1wk
005930.KS,2020-12-07,64203.703125,64641.05805091962,62629.225391689375,63328.99327316077,1wk
005930.KS,2020-12-14,63853.81640625,65165.881126926375,63503.9324807363,64378.64229452055,1wk
005930.KS,2020-12-21,68052.40625,68927.11584190231,62979.09061696658,63941.27116805913,1wk
005930.KS,2020-12-28,72634.5859375,72903.6029224537,69316.70978973765,70841.13937114198,1wk
005930.KS,2021-01-04,79629.015625,80705.08340371621,71917.19654420044,72634.57506334459,1wk
005930.KS,2021-01-11,78911.640625,86802.8046875,78732.29598721591,80705.08700284091,1wk
005930.KS,2021-01-18,77835.5703125,80436.06747731855,74966.05619959677,77656.22568044355,1wk
005930.KS,2021-01-25,73531.3046875,80615.4181878811,73531.3046875,78014.92082698172,1wk
005930.KS,2021-02-01,74876.3984375,77476.89610778443,72634.5901010479,73262.2964352545,1wk
005930.KS,2021-02-08,73172.6328125,76042.14782475491,73172.6328125,75145.42438342524,1wk
005930.KS,2021-02-15,74069.3203125,77118.17853359564,72634.56350257264,75145.38791994551,1wk
005930.KS,2021-02-22,73979.671875,76580.16943181818,72724.25926136364,75145.4121590909,1wk
005930.KS,2021-03-01,73620.9765625,76490.49087431486,72724.25334005785,73979.66585147686,1wk
005930.KS,2021-03-08,74248.6796875,74876.38591674215,72275.88868131039,74338.35200596316,1wk
005930.KS,2021-03-15,73441.6328125,75145.40695589133,73351.96048916361,74248.68372252748,1wk
005930.KS,2021-03-22,73082.953125,74338.3658167178,72365.5744440184,73531.3148006135,1wk
005930.KS,2021-03-29,76380.046875,76740.33011497642,72957.35609522405,73587.85176518279,1wk
005930.KS,2021-04-05,75299.1953125,77641.03631504187,75119.05369691986,77280.75308388159,1wk
005930.KS,2021-04-12,75569.40625,76289.97269815256,74578.62738379023,75749.54786203815,1wk
005930.KS,2021-04-19,74578.625,75659.47463768117,73497.77536231885,75479.33303140097,1wk
005930.KS,2021-04-26,73407.703125,75209.11915260735,73407.703125,74668.69434432515,1wk
005930.KS,2021-05-03,73767.984375,74398.47996794872,72957.34718406593,72957.34718406593,1wk
005930.KS,2021-05-10,72146.734375,75209.14257568664,70615.53027465669,74128.29262250313,1wk
005930.KS,2021-05-17,72146.734375,73407.72598704744,71246.0260806804,72777.23018102373,1wk
005930.KS,2021-05-24,72146.734375,72507.01769272784,71246.0260806804,72146.734375,1wk
005930.KS,2021-05-31,74038.1953125,74758.76169023722,71696.35458485402,72326.85016537408,1wk
005930.KS,2021-06-07,72957.3515625,74578.62604166666,72687.13914930556,74488.55523726852,1wk
005930.KS,2021-06-14,72507.0078125,73767.99925271739,72507.0078125,72777.22026397516,1wk
005930.KS,2021-06-21,73497.7890625,73768.0015222886,71696.37266390932,71786.44348383886,1wk
005930.KS,2021-06-28,72375.6640625,74275.52524414062,72285.19448242188,73913.64692382813,1wk
005930.KS,2021-07-05,71832.859375,73551.78170261336,71470.9809902393,72466.14654833123,1wk
005930.KS,2021-07-12,72194.734375,72918.49111058898,71561.44723135965,72285.20396694863,1wk
005930.KS,2021-07-19,71742.375,72285.19246532157,70928.14880201766,71561.43584489281,1wk
005930.KS,2021-07-26,71018.6171875,71923.31294785033,70656.73888335988,71832.8433718153,1wk
005930.KS,2021-08-02,73732.703125,75361.15546395705,71199.55504217792,71651.90291411043,1wk
005930.KS,2021-08-09,67309.3671875,74546.93355174731,67037.95844884073,73732.70733576949,1wk
005930.KS,2021-08-16,65771.3828125,67942.65267150963,65590.44365758254,67309.3656292985,1wk
005930.KS,2021-08-23,67218.90625,69299.70684724092,66042.80156460297,66314.21033815613,1wk
005930.KS,2021-08-30,69299.6953125,69752.0431931299,67128.4254854765,68214.06039898825,1wk
005930.KS,2021-09-06,68123.59375,70204.39409030545,67671.2458499336,69480.63745019921,1wk
005930.KS,2021-09-13,69842.5234375,70294.87138722473,67942.66204865609,68033.13163860103,1wk
005930.KS,2021-09-20,69932.9921875,70294.87054293338,69480.64424320828,69842.52259864166,1wk
005930.KS,2021-09-27,66538.5390625,70719.92266478826,66265.84013191599,70265.42444714822,1wk
005930.KS,2021-10-04,64993.25,66538.54405594406,64720.55104895105,66538.54405594406,1wk
005930.KS,2021-10-11,63720.6640625,64993.25935048146,62084.47012080956,64993.25935048146,1wk
005930.KS,2021-10-18,63993.37109375,64538.76914284446,62902.57499556108,63811.57174405185,1wk
005930.KS,2021-10-25,63447.95703125,65629.54867702365,63175.2580755283,63538.85668315723,1wk
005930.KS,2021-11-01,63811.5546875,65629.54769853989,63538.855735844016,63811.5546875,1wk
005930.KS,2021-11-08,64175.15625,64538.75486898017,63266.15970254957,63993.35694050991,1wk
005930.KS,2021-11-15,64720.55078125,65447.74798103933,63720.65463153968,65175.04903111833,1wk
005930.KS,2021-11-22,65720.4375,69265.52334024897,65447.73858921162,66629.4338692946,1wk
005930.KS,2021-11-29,68720.1484375,69083.74710648149,64084.26540798612,65175.06141493056,1wk
005930.KS,2021-12-06,69901.8125,71447.1061443433,68083.81997724317,68265.61922951885,1wk
005930.KS,2021-12-13,70901.7265625,71356.22480969552,69265.53287259614,70174.52936698718,1wk
005930.KS,2021-12-20,73174.2109375,73446.90986024844,69810.92422360249,70538.12135093167,1wk
005930.KS,2021-12-27,71495.8515625,73595.98513330141,71313.23125199553,73595.98513330141,1wk
005930.KS,2022-01-03,71495.8515625,72865.50389128353,69760.95861270753,72500.26327027459,1wk
005930.KS,2022-01-10,70582.75,72682.88357050452,70400.12968952135,71313.23124191462,1wk
005930.KS,2022-01-17,69030.4765625,71039.29995453042,68208.68517485118,70856.67964616402,1wk
005930.KS,2022-01-24,66930.3359375,69213.08955064803,65012.822902455664,68847.84897254434,1wk
005930.KS,2022-01-31,67569.5078125,68391.29912373312,66930.33679265203,66930.33679265203,1wk
005930.KS,2022-02-07,68391.296875,69213.08815921228,66108.54330774366,67112.95487733645,1wk
005930.KS,2022-02-14,67843.4453125,69030.47733008076,66747.72345011776,67934.75546769852,1wk
005930.KS,2022-02-21,65651.9921875,67843.43559848749,65104.13133475313,67843.43559848749,1wk
005930.KS,2022-02-28,66565.09375,66747.71403463649,65286.75175754458,65651.99232681756,1wk
005930.KS,2022-03-07,63917.09375,64556.2646875,62730.062008928566,63917.09375,1wk
005930.KS,2022-03-14,64556.26953125,64738.88981280941,63551.85798267327,63917.09854579208,1wk
005930.KS,2022-03-21,63734.48046875,65012.82248388252,63551.860180873926,64738.89205206841,1wk
005930.KS,2022-03-28,63421.46484375,64706.41492741498,63329.68269491679,63788.593439082855,1wk
005930.KS,2022-04-04,62228.28515625,63880.36352323009,62136.5030247511,63237.88860273783,1wk
005930.KS,2022-04-11,61126.90234375,63329.67359938063,61035.12020809872,62228.28797156532,1wk
005930.KS,2022-04-18,61494.0234375,62687.19105643657,60667.98431669776,61035.112814832086,1wk
005930.KS,2022-04-25,61861.15234375,62044.716594028185,59199.47071471624,61035.11321749814,1wk
005930.KS,2022-05-02,61035.12109375,62778.98169642857,61035.12109375,61126.903230733085,1wk
005930.KS,2022-05-09,61035.12109375,61402.249641682334,59566.60690202068,60851.55681978384,1wk
005930.KS,2022-05-16,62411.84765625,63054.322558593754,60667.987207031256,61585.808496093756,1wk
005930.KS,2022-05-23,61035.12109375,63146.110244360905,60117.299723919175,63146.110244360905,1wk
005930.KS,2022-05-30,61310.46875,62228.29013847306,60943.340194610784,61952.943721931144,1wk
005930.KS,2022-06-06,58556.99609375,61310.45985991379,58556.99609375,61310.45985991379,1wk
005930.KS,2022-06-13,54885.71484375,57639.17879912207,54518.58631636705,57272.05027173913,1wk
005930.KS,2022-06-20,53600.7578125,54977.48960562928,52132.24389982877,54885.70748608733,1wk
005930.KS,2022-06-27,51896.95703125,55313.66060804048,51619.92701151023,54482.570548821175,1wk
005930.KS,2022-07-04,54205.54296875,54759.603033166524,51435.24264666738,51804.61602294506,1wk
005930.KS,2022-07-11,55406.00390625,55406.00390625,53005.0770703125,54759.600527343755,1wk
005930.KS,2022-07-18,56606.46484375,57437.55486592578,55590.68814997961,55960.06149316885,1wk
005930.KS,2022-07-25,56698.80859375,57806.92863141286,56144.748574918565,56237.09191139047,1wk
005930.KS,2022-08-01,56791.16015625,57160.53355564024,55683.039958079265,56329.44340701219,1wk
005930.KS,2022-08-08,55590.703125,56698.82345307309,54113.209354235885,56698.82345307309,1wk
005930.KS,2022-08-15,56237.10546875,57160.5390560858,55406.01524014778,55590.70195761494,1wk
005930.KS,2022-08-22,55406.00390625,56237.093964843756,54482.5705078125,55683.03392578125,1wk
005930.KS,2022-08-29,53097.421875,55313.66209239131,53097.421875,54205.54198369566,1wk
005930.KS,2022-09-05,51342.91015625,53374.46415523831,51342.91015625,53005.090700876804,1wk
005930.KS,2022-09-12,51896.95703125,54020.85384925489,51250.553651857204,51342.89699177046,1wk
005930.KS,2022-09-19,50327.12890625,52635.71280103211,50050.09883887615,51989.30931049312,1wk
005930.KS,2022-09-26,49371.2421875,50579.95433145009,48162.5300435499,49929.10933086158,1wk
005930.KS,2022-10-03,52253.546875,53276.303130560496,49371.233791147686,49371.233791147686,1wk
005930.KS,2022-10-10,52346.53125,52997.37622113677,50208.040630550626,52253.55339698047,1wk
005930.KS,2022-10-17,51974.62109375,53090.3553569432,51230.79825162119,51881.6432384839,1wk
005930.KS,2022-10-24,53276.3046875,55879.68432318936,52718.437622709425,52997.371155104716,1wk
005930.KS,2022-10-31,55228.83984375,56065.64044744318,53927.15001578283,54020.12786063762,1wk
005930.KS,2022-11-07,58483.06640625,58761.999950317964,55228.841725457074,55507.77526952504,1wk
005930.KS,2022-11-14,57460.3125,58483.068871359224,56995.42324029126,58483.068871359224,1wk
005930.KS,2022-11-21,56716.48828125,57460.31107838114,56065.64333376024,57088.39967981557,1wk
005930.KS,2022-11-28,56158.6171875,58761.996792218546,55600.75012934603,56251.59503052566,1wk
005930.KS,2022-12-05,56158.6171875,56809.46208867964,54392.03817001242,56623.506402628314,1wk
005930.KS,2022-12-12,55321.81640625,56344.572675945376,54206.08229385504,55693.72777704832,1wk
005930.KS,2022-12-19,54020.125,55693.72611876076,53648.21364027539,55321.81475903614,1wk
005930.KS,2022-12-26,51738.21875,54638.55289330922,51738.21875,54264.31622965642,1wk
005930.KS,2023-01-02,55199.91796875,55574.15470074152,50989.75473384534,51925.34656382415,1wk
005930.KS,2023-01-09,56883.97265625,57258.20931846217,55761.26266961349,55854.821835166535,1wk
005930.KS,2023-01-16,57819.5703125,58287.366188814725,56041.94598250405,57351.774436185275,1wk
005930.KS,2023-01-23,60439.21875,60813.45539860681,57819.56220975232,57819.56220975232,1wk
005930.KS,2023-01-30,59410.07421875,60719.90262672244,57071.094918799216,60719.90262672244,1wk
005930.KS,2023-02-06,58848.72265625,59222.959366305644,57632.45334856916,58755.16347873609,1wk
005930.KS,2023-02-13,58568.03515625,59784.3042569389,58006.68018670128,58848.712641024365,1wk
005930.KS,2023-02-20,57351.765625,58942.271360114195,57071.08814233279,58848.71219922512,1wk
005930.KS,2023-02-27,56603.29296875,57819.562073863635,56322.61548295454,56883.97045454545,1wk
005930.KS,2023-03-06,55667.703125,57632.44558823529,55293.46646533613,57164.64976365546,1wk
005930.KS,2023-03-13,57351.765625,57351.765625,55199.90492455139,56041.93737255302,1wk
005930.KS,2023-03-20,58942.2734375,59222.950930059524,56229.05767609127,57164.64931795635,1wk
005930.KS,2023-03-27,60224.61328125,60224.61328125,58342.59411621094,58907.19986572266,1wk
005930.KS,2023-04-03,61165.625,61353.82692307692,58624.89903846154,60224.61538461538,1wk
005930.KS,2023-04-10,61259.7265625,62671.24099942396,60883.32271265361,60977.423675115206,1wk
005930.KS,2023-04-17,61824.328125,62106.630993150684,60789.21760844749,61165.621432648404,1wk
005930.KS,2023-04-24,61636.1328125,62012.536677003816,59565.91155772901,61447.930880248095,1wk
005930.KS,2023-05-01,61259.7265625,62388.93811203917,60883.32271265361,61636.130412346385,1wk
005930.KS,2023-05-08,60318.71875,62388.939986349455,59848.21392355695,62388.939986349455,1wk
005930.KS,2023-05-15,64365.05078125,64365.05078125,60130.50796669407,60318.70986956323,1wk
005930.KS,2023-05-22,66152.96875,66247.06970128023,63988.64687055477,64365.05067567567,1wk
005930.KS,2023-05-29,67940.890625,68223.19349463297,66152.9724506579,66152.9724506579,1wk
005930.KS,2023-06-05,67752.6875,68411.39418402777,65870.66840277778,68411.39418402777,1wk
005930.KS,2023-06-12,67564.5,68129.10584958216,66623.49025069637,67846.80292479109,1wk
005930.KS,2023-06-19,67376.2890625,67940.89483676676,65964.7746268331,67093.98617536662,1wk
005930.KS,2023-06-26,68279.9453125,69414.79204899585,67617.95138287742,67807.09250562673,1wk
005930.KS,2023-07-03,66104.8203125,69603.93097281831,66010.24975411303,68752.79594733549,1wk
005930.KS,2023-07-10,69414.796875,69414.796875,65442.83302111716,66199.3975647139,1wk
005930.KS,2023-07-17,66483.0859375,69509.34304987553,65631.95112464437,69225.63144559032,1wk
005930.KS,2023-07-24,66766.8125,68469.08250708214,64402.548601274786,66293.95972025495,1wk
005930.KS,2023-07-31,64591.69140625,67334.23760065886,64497.12084782211,67050.52592537519,1wk
005930.KS,2023-08-07,63835.12890625,65821.11069444445,63740.55834490741,64024.270028935185,1wk
005930.KS,2023-08-14,62700.28515625,64213.41420979449,62227.43232701734,63835.13194640837,1wk
005930.KS,2023-08-21,63456.85546875,64969.98466025522,62700.29087299739,62984.00259640462,1wk
005930.KS,2023-08-28,67145.1015625,67145.1015625,62794.85554577465,63173.13780809859,1wk
005930.KS,2023-09-04,66483.0859375,68941.91984130512,65821.09219416785,68941.91984130512,1wk
005930.KS,2023-09-11,68090.796875,68374.50852864583,66199.38585069444,66577.66805555555,1wk
005930.KS,2023-09-18,65064.5390625,67807.08504042515,64591.686307685326,67428.8028365734,1wk
005930.KS,2023-09-25,65024.50390625,66545.54493329678,64834.37377786915,65119.56897044042,1wk
005930.KS,2023-10-02,62742.94921875,65024.51100852273,62742.94921875,65024.51100852273,1wk
005930.KS,2023-10-09,64644.25390625,66260.36025390626,62742.952320772056,62742.952320772056,1wk
005930.KS,2023-10-16,65404.7578125,67020.8637468205,63503.45671329942,64549.17231785974,1wk
005930.KS,2023-10-23,63978.78125,65689.95221953938,63408.39092682021,65309.69200408618,1wk
005930.KS,2023-10-30,66165.296875,66735.68736530172,63408.409505208336,63503.47458692529,1wk
005930.KS,2023-11-06,67020.875,67876.46063829787,65880.09414893617,66355.4195035461,1wk
005930.KS,2023-11-13,68922.171875,69397.49719827586,66830.74045258621,67781.39109913794,1wk
005930.KS,2023-11-20,68161.65625,69777.7624651325,68161.65625,68541.91653591352,1wk
005930.KS,2023-11-27,68446.84375,69207.36423611111,67591.25820312499,67971.51844618055,1wk
005930.KS,2023-12-04,69017.234375,69302.42955836777,67591.25845816116,69207.36449724519,1wk
005930.KS,2023-12-11,69682.703125,70633.35391797408,68636.98725272852,69207.37772851296,1wk
005930.KS,2023-12-18,72154.390625,72534.65091814888,69207.37335309618,69682.69871953227,1wk
005930.KS,2023-12-25,74979.4453125,74979.4453125,72305.01923765923,72496.04967157643,1wk
005930.KS,2024-01-01,73164.6484375,76221.13505629895,72687.07240331266,74979.43736741188,1wk
005930.KS,2024-01-08,69821.6328125,74215.33337252052,69439.57189423735,73546.72676556087,1wk
005930.KS,2024-01-15,71349.8671875,71349.8671875,67529.25850276105,69917.1389307229,1wk
005930.KS,2024-01-22,70108.1640625,72591.55951975477,70012.64885260558,72496.04430986036,1wk
005930.KS,2024-01-29,71827.4453125,71922.96053233046,69248.53437707778,70490.23223487366,1wk
005930.KS,2024-02-05,70776.7734375,72113.98643092105,70012.6517269737,70872.28865131579,1wk
005930.KS,2024-02-12,69535.078125,71827.44333791209,69248.53247338599,71445.38246909341,1wk
005930.KS,2024-02-19,69630.5859375,70872.28362911522,69439.55552340535,69535.07073045267,1wk
005930.KS,2024-02-26,70108.1640625,70585.74011197207,68770.9511239782,69057.49675366144,1wk
005930.KS,2024-03-04,70012.6484375,71636.40699607776,68961.98113489086,70967.80053078104,1wk
005930.KS,2024-03-11,69057.4921875,71158.82666623444,68866.46178034232,69630.58340897302,1wk
005930.KS,2024-03-18,75361.515625,76316.66791429024,68484.41914211026,69344.05620247147,1wk
005930.KS,2024-03-25,79062.2109375,79158.16022261833,74648.54382205704,76375.6309541869,1wk
005930.KS,2024-04-01,81077.1328125,82036.62550850591,78678.4010724852,79829.7923076923,1wk
005930.KS,2024-04-08,80309.5390625,82516.37227449223,79158.14782146057,81748.77811379929,1wk
005930.KS,2024-04-15,74456.6484375,79829.80863402062,73209.30767759343,79541.96076634988,1wk
005930.KS,2024-04-22,73593.09375,75608.02852020861,72057.90535365058,74264.73867340287,1wk
005930.KS,2024-04-29,74456.6484375,75799.93848663016,73113.35838836984,74264.74985905284,1wk
005930.KS,2024-05-06,75991.8203125,78198.65347814078,75703.97250828598,76375.61738478535,1wk
005930.KS,2024-05-13,74264.734375,77047.26318233204,74072.8358365633,76183.71975936693,1wk
005930.KS,2024-05-20,72825.5078125,75895.88495347496,72633.60924118906,74936.39209692029,1wk
005930.KS,2024-05-27,70522.703125,75032.3181547619,70522.703125,72249.78973214286,1wk
005930.KS,2024-06-03,74168.78125,75416.12168499353,71194.35405886157,71386.25258732212,1wk
005930.KS,2024-06-10,76375.609375,77239.15269707915,72057.89276460427,73017.38534469221,1wk
005930.KS,2024-06-17,76759.4140625,79158.14575195312,74840.4287109375,75991.819921875,1wk
005930.KS,2024-06-24,78547.4375,78932.94639570553,76619.8930214724,76812.64746932515,1wk
005930.KS,2024-07-01,83944.5546875,83944.5546875,78065.54454291044,78547.43062033583,1wk
005930.KS,2024-07-08,81342.375,85582.97274881517,81053.24333530806,84715.57775473934,1wk
005930.KS,2024-07-15,81342.375,84811.95497630331,80764.11167061611,81631.50666469194,1wk
005930.KS,2024-07-22,77969.171875,81824.26071925217,77198.15410614957,81342.37461372065,1wk
005930.KS,2024-07-29,76716.2578125,82980.77635246544,76619.88060419283,78643.80197864321,1wk
005930.KS,2024-08-05,71993.78125,74114.08002844712,67656.8064759036,73921.32559404284,1wk
005930.KS,2024-08-12,77294.53125,77294.53125,72090.16131546134,72475.67019950126,1wk
005930.KS,2024-08-19,74885.109375,77198.16294642857,74692.35491071428,77198.16294642857,1wk
005930.KS,2024-08-26,71608.265625,75366.97674125168,70837.24796012786,75270.59953314267,1wk
005930.KS,2024-09-02,66403.8984375,71993.77668042452,65536.50353773584,71801.02225825471,1wk
005930.KS,2024-09-09,62066.92578125,65729.25991119954,61874.17135335792,64476.35612990101,1wk
005930.KS,2024-09-16,60717.6484375,62356.06117311508,59946.63067956349,61681.420634920636,1wk
005930.KS,2024-09-23,62221.34375,63384.35952102803,60282.98413161994,60379.90211253894,1wk
005930.KS,2024-09-30,58732.29296875,62318.25805100041,58053.8671423783,62221.34007580445,1wk
005930.KS,2024-10-07,59119.97265625,59992.23454789959,57666.20283683402,58344.628752561475,1d
005930.KS,2024-10-08,58441.546875,59119.97279228856,58053.87492226368,58150.792910447766,1d
005930.KS,2024-10-10,57084.6953125,58344.629164898135,57084.6953125,58247.71117625212,1d
005930.KS,2024-10-11,57472.359375,58247.703177698146,57181.60544898819,57278.52342432546,1d
005930.KS,2024-10-14,57472.359375,59313.80090640809,57569.27735033727,57666.19532567453,1d
005930.KS,2024-10-15,59119.97265625,59507.64460809426,58247.710764600415,59216.89064421107,1d
005930.KS,2024-10-16,57666.19921875,58150.789128151264,57375.445273109246,57569.28123686975,1d
005930.KS,2024-10-17,57860.03515625,58247.70708359506,57278.52726523241,57569.2812107412,1d
005930.KS,2024-10-18,57375.44921875,58247.71111565667,57278.53123020481,58053.8751385663,1d
005930.KS,2024-10-21,57181.609375,57763.11726694916,56697.01946504237,57181.609375,1d
005930.KS,2024-10-22,55921.67578125,57084.69156872833,55921.67578125,56987.773586438474,1d
005930.KS,2024-10-23,57278.52734375,58150.78918147208,55340.167704367595,55727.83963224408,1d
005930.KS,2024-10-24,54855.57421875,56697.01575612853,54855.57421875,56406.26182917403,1d
005930.KS,2024-10-25,54177.15234375,55146.33217100849,54080.23436102415,54274.07032647585,1d
005930.KS,2024-10-28,56309.3515625,56697.02351817986,53983.31982842083,53983.31982842083,1d
005930.KS,2024-10-29,57763.12109375,57763.12109375,55534.007360266354,56212.43327915268,1d
005930.KS,2024-10-30,57278.52734375,57956.95321753384,56793.9374339044,57278.52734375,1d
005930.KS,2024-10-31,57375.44921875,59313.80898965371,56503.187321843325,56697.023298933695,1d
005930.KS,2024-11-01,56503.1875,57763.12135506004,56309.35152229846,57181.61342195541,1d
005930.KS,2024-11-04,56890.859375,57569.28529599659,56600.1054088586,56793.9413862862,1d
005930.KS,2024-11-05,55824.76171875,56309.35166422526,55437.08976236979,56018.5976969401,1d
005930.KS,2024-11-06,55534.00390625,56212.429782940664,54564.824082406194,55824.75785340314,1d
005930.KS,2024-11-07,55534.00390625,56309.347765325045,55049.4139943281,55146.33197671248,1d
005930.KS,2024-11-08,55243.25,56503.18377192983,55243.25,56212.429824561405,1d
005930.KS,2024-11-11,53304.890625,55049.41431818182,53304.890625,54952.496335227275,1d
005930.KS,2024-11-12,51366.53125,52917.21898584906,51366.53125,52917.21898584906,1d
005930.KS,2024-11-13,49040.5,51366.53162055336,48943.58201581027,50397.35177865613,1d
005930.KS,2024-11-14,48362.07421875,50203.515922469946,48362.07421875,48652.82817196894,1d
005930.KS,2024-11-15,51851.1171875,52529.54301985981,48749.74195385514,48749.74195385514,1d
005930.KS,2024-11-18,54952.49609375,55727.83995397927,54177.15223352072,55243.250041335974,1d
005930.KS,2024-11-19,54564.82421875,55727.84001026865,54177.152288243786,54758.66018400311,1d
005930.KS,2024-11-20,53595.640625,54758.65633476492,53111.05074593129,54370.98443150995,1d
005930.KS,2024-11-21,54661.7421875,55146.33210050975,53014.13648326685,53207.97244847075,1d
005930.KS,2024-11-22,54274.06640625,54952.49223632812,54177.148430524554,54274.06640625,1d
005930.KS,2024-11-25,56115.51171875,56115.51171875,54952.495931832906,55630.92180753454,1d
005930.KS,2024-11-26,56503.1875,57084.695433104636,55727.84358919383,56115.515544596914,1d
005930.KS,2024-11-27,54564.82421875,56018.59395814832,54274.07027087034,55921.67597552176,1d
005930.KS,2024-11-28,53789.484375,54661.74628378378,53498.730405405404,54274.07432432432,1d
005930.KS,2024-11-29,52529.54296875,53595.640704278136,52141.87106492159,53401.80475236393,1d
005930.KS,2024-12-02,51948.0390625,52723.382929104475,51463.4491458722,52626.46494577891,1d
005930.KS,2024-12-03,51948.0390625,52723.382929104475,51463.4491458722,51463.4491458722,1d
005930.KS,2024-12-04,51463.453125,51754.20709745763,50397.3552259887,50397.3552259887,1d
005930.KS,2024-12-05,52044.953125,52723.37895716946,51560.36324487896,51560.36324487896,1d
005930.KS,2024-12-06,52432.62890625,52723.38285582255,51075.777141578095,52238.7929398683,1d
005930.KS,2024-12-09,51754.203125,52917.21892556179,51560.3671582397,51851.121108380146,1d
005930.KS,2024-12-10,52335.70703125,52820.29691116898,52044.95310329861,52820.29691116898,1d
005930.KS,2024-12-11,52335.70703125,52529.542983217594,51754.199175347225,51948.03512731482,1d
005930.KS,2024-12-12,54177.15234375,54758.6602401051,52238.792689233,52335.710671958856,1d
005930.KS,2024-12-13,54370.9921875,54564.828166778076,53789.48424966578,54080.23821858289,1d
005930.KS,2024-12-16,53886.3984375,54855.57826551259,53498.72650629497,54564.82431710881,1d
005930.KS,2024-12-17,52529.54296875,53498.72272832103,52335.70701683579,53014.13284853552,1d
005930.KS,2024-12-18,53207.96875,53692.55862932605,52335.70696721311,52432.62494307832,1d
005930.KS,2024-12-19,51463.453125,52141.87906073446,51463.453125,51851.125088276836,1d
005930.KS,2024-12-20,51366.53125,51463.449233490566,50300.43343160377,51075.7772995283,1d
005930.KS,2024-12-23,51851.1171875,52335.70706775701,51657.2812353972,51754.1992114486,1d
005930.KS,2024-12-24,52723.38671875,52820.30470904182,51948.042796415444,52044.96078670726,1d
005930.KS,2024-12-26,51948.0390625,52917.21889575559,51851.12107917444,52820.30091243004,1d
005930.KS,2024-12-27,52399.828125,52790.14341829609,51911.93400837989,52204.67047835195,1d
005930.KS,2024-12-30,51911.93359375,52692.564174107145,51814.35477120536,52009.512416294645,1d
005930.KS,2025-01-02,52107.09375,52302.25140449438,51033.7266502809,51424.04195926966,1d
005930.KS,2025-01-03,53082.8828125,53765.93461339614,51521.621553308825,51521.621553308825,1d
005930.KS,2025-01-06,54546.5625,54839.29897137746,52985.30131932021,53082.8801431127,1d
005930.KS,2025-01-07,54058.671875,55912.66964688628,54058.671875,55424.77549638989,1d
005930.KS,2025-01-08,55912.66796875,56107.82562309119,53375.61846231457,53473.197289485164,1d
005930.KS,2025-01-09,54741.71875,56302.97989081997,54741.71875,56205.40106951872,1d
005930.KS,2025-01-10,53961.0859375,55132.03174446203,53863.50712025317,54741.716475474685,1d
005930.KS,2025-01-13,52790.1484375,53668.35793091497,52790.1484375,53278.04260050832,1d
005930.KS,2025-01-14,52594.984375,53278.03612012987,52399.82673353432,52887.72083719852,1d
005930.KS,2025-01-15,52399.828125,53375.61635824022,52204.67047835195,52790.14341829609,1d
005930.KS,2025-01-16,52985.30078125,53668.35254086096,52790.14313564687,52887.721958448434,1d
005930.KS,2025-01-17,52399.828125,52790.14341829609,51911.93400837989,52497.406948324024,1d
005930.KS,2025-01-20,52107.09375,52594.987886235955,52009.51492275281,52302.25140449438,1d
005930.KS,2025-01-21,52204.671875,52985.30248247663,52009.51422313084,52399.82952686916,1d
005930.KS,2025-01-22,52985.30078125,53082.879604051566,51814.35490763122,52107.09137603591,1d
005930.KS,2025-01-23,52399.828125,52790.14341829609,52204.67047835195,52399.828125,1d
005930.KS,2025-01-24,52399.828125,52497.406948324024,51911.93400837989,52302.249301675976,1d
005930.KS,2025-01-31,51131.3046875,51716.77764193702,50448.25290732348,50936.14703602099,1d
005930.KS,2025-02-03,49765.203125,50155.51844362745,49570.04546568627,49862.781954656864,1d
005930.KS,2025-02-04,51424.04296875,52302.25243121442,50253.09701879744,50350.675847960156,1d
005930.KS,2025-02-05,51619.19921875,52497.40865725426,51521.620392249526,52302.25100425331,1d
005930.KS,2025-02-06,52692.56640625,52692.56640625,51911.93579282407,52107.09344618055,1d
005930.KS,2025-02-07,52399.828125,52887.72224162011,52302.249301675976,52594.98577164805,1d
005930.KS,2025-02-10,54253.828125,54546.56460768885,51619.19978080036,51716.77860836331,1d
005930.KS,2025-02-11,54351.40625,54936.879207809696,53668.35446588869,54156.24859739676,1d
005930.KS,2025-02-12,54448.984375,54546.5632000448,53180.459649417564,53765.93259968638,1d
005930.KS,2025-02-13,54448.984375,55034.45732526881,54253.826724910396,54741.72085013441,1d
005930.KS,2025-02-14,54644.14453125,55912.66931501116,54644.14453125,54644.14453125,1d
005930.KS,2025-02-17,54644.14453125,55132.03867885045,54351.40804268973,54741.72336077009,1d
005930.KS,2025-02-18,55522.35546875,55815.0919650703,54546.56714768233,54839.30364400263,1d
005930.KS,2025-02-19,57278.7734375,57473.93109827513,55912.669812074106,56010.24864246167,1d
005930.KS,2025-02-20,56986.03125,57669.08299443493,56693.294788099316,57669.08299443493,1d
005930.KS,2025-02-21,56790.8828125,57083.61932184278,55717.515611576455,56986.040485395184,1d
005930.KS,2025-02-24,55912.66796875,56302.98327743237,55815.0891415794,55912.66796875,1d
005930.KS,2025-02-25,55815.08984375,56400.56281413899,55132.03804496285,55229.61687336102,1d
005930.KS,2025-02-26,55229.61328125,55717.50739150839,54741.71917099161,55619.928569456715,1d
005930.KS,2025-02-27,54936.8828125,55717.5134741341,54839.30397979574,55132.04047790852,1d
005930.KS,2025-02-28,53180.4609375,54351.406866399084,53180.4609375,54058.670384174315,1d
005930.KS,2025-03-04,53180.4609375,53668.35507454129,52497.4091456422,52594.98797305046,1d
005930.KS,2025-03-05,52692.56640625,54058.66997974537,52692.56640625,53765.93349971065,1d
005930.KS,2025-03-06,52985.30078125,53180.45842685313,52692.5643128453,52790.14313564687,1d
005930.KS,2025-03-07,52399.828125,52887.72224162011,52107.091655027936,52204.67047835195,1d
005930.KS,2025-03-10,52399.828125,53473.195181564246,52204.67047835195,52204.67047835195,1d
005930.KS,2025-03-11,52302.25,52790.14412313433,51228.882929104475,51228.882929104475,1d
005930.KS,2025-03-12,53570.77734375,53961.09266137295,52302.25256147541,52497.41022028689,1d
005930.KS,2025-03-13,53375.62109375,54546.567077525135,52887.726933843696,54448.98824554388,1d
005930.KS,2025-03-14,53375.62109375,53765.93642167505,53082.884597806216,53180.46342978748,1d
005930.KS,2025-03-17,56205.40625,56400.563910590274,54058.671983506945,54156.25081380208,1d
005930.KS,2025-03-18,56205.40625,57571.509874131945,55912.66975911458,57376.352213541664,1d
005930.KS,2025-03-19,57083.61328125,57766.66506410256,56010.24619391026,56010.24619391026,1d
005930.KS,2025-03-20,58742.453125,58840.03195078904,57083.61308658638,57766.66486710964,1d
005930.KS,2025-03-21,60206.1328125,60206.1328125,58937.608134116694,59425.5022411872,1d
005930.KS,2025-03-24,59035.1875,60108.55454545454,59035.1875,59718.23925619834,1d
005930.KS,2025-03-25,58352.13671875,59620.661430027176,58059.400246916804,59425.50378213838,1d
005930.KS,2025-03-26,59913.40234375,59913.40234375,58254.56221371132,58352.141044890064,1d
005930.KS,2025-03-27,60303.71484375,60498.87249696602,59327.9265776699,59425.50540427791,1d
005930.KS,2025-03-28,59091.45703125,59974.88412972384,58895.13989825582,59582.249863735466,1d
005930.KS,2025-03-31,56735.65234375,58600.66513705666,56735.65234375,58404.34800091912,1d
005930.KS,2025-04-01,57717.23828125,58502.506829294216,56833.81116470025,57619.079712744475,1d
005930.KS,2025-04-02,57717.23828125,58306.189692283166,57226.44543872237,57717.23828125,1d
005930.KS,2025-04-03,56539.33984375,56735.65699598524,55852.22981092665,55852.22981092665,1d
005930.KS,2025-04-04,55066.953125,57128.28292112299,54674.318878119426,55165.11168672014,1d
005930.KS,2025-04-07,52220.35546875,53103.78253495066,52122.19690583881,52318.51403166119,1d
005930.KS,2025-04-08,52514.8359375,54281.6902307243,52318.51879380841,53987.21451518692,1d
005930.KS,2025-04-09,52024.0390625,53300.10039799528,51925.88049823113,52318.5147553066,1d
005930.KS,2025-04-10,55361.4296875,55655.90537732713,53987.20980164007,55557.74681405142,1d
005930.KS,2025-04-11,54183.53125,54674.32410552537,53790.89696557971,54576.165534420295,1d
005930.KS,2025-04-14,55165.1171875,55655.91004504004,54772.48290146797,55263.27575900801,1d
005930.KS,2025-04-15,55557.75,56048.54284452296,55165.11572438162,55263.27429328622,1d
005930.KS,2025-04-16,53692.73828125,55165.11684472121,53496.42113945384,54968.79970292505,1d
005930.KS,2025-04-17,54085.37109375,54281.68823020645,53496.41968438067,53692.73682083712,1d
005930.KS,2025-04-18,54281.68359375,54576.15927328209,53889.04935437387,54281.68359375,1d
005930.KS,2025-04-21,54379.84765625,54968.799074909744,54085.371946920124,54183.53051669675,1d
005930.KS,2025-04-22,53987.20703125,54477.999822443184,53692.73135653409,53889.04847301136,1d
005930.KS,2025-04-23,54674.32421875,55066.95850398339,54478.007076133305,54968.79993267504,1d
005930.KS,2025-04-24,54674.32421875,54772.48279005835,54183.53136220826,54576.16564744165,1d
005930.KS,2025-04-25,54674.32421875,55361.43421790844,54576.16564744165,55361.43421790844,1d
005930.KS,2025-04-28,54772.4765625,54870.63512264785,54478.00088205645,54772.4765625,1d
005930.KS,2025-04-29,54772.4765625,55459.58648353494,54576.1594422043,54674.31800235215,1d
005930.KS,2025-04-30,54478.0078125,54968.80067567567,54281.69066722973,54870.64210304054,1d
005930.KS,2025-05-02,53300.09765625,54478.00036688536,53201.93909703039,53987.207570787294,1d
005930.KS,2025-05-07,53594.57421875,53987.20846211081,53300.0985362294,53496.4156579098,1d
005930.KS,2025-05-08,53594.57421875,54478.00126631182,53496.4156579098,54085.36702295101,1d
005930.KS,2025-05-09,53790.8984375,53987.215585082115,53398.26414233576,53692.73986370894,1d
005930.KS,2025-05-12,56539.33984375,56539.33984375,53987.21686469184,54183.534016927086,1d
005930.KS,2025-05-13,55852.2265625,57128.28797781195,55754.06799209139,56637.495125768895,1d
005930.KS,2025-05-14,56343.015625,56833.8084440331,55950.381369773524,56441.174188806624,1d
005930.KS,2025-05-15,56244.859375,57520.9207569808,56048.54223931064,56343.01794284468,1d
005930.KS,2025-05-16,55754.06640625,56441.17637956646,55655.907838633364,56343.01781194982,1d
005930.KS,2025-05-19,54772.4765625,55361.4279233871,54478.00088205645,55361.4279233871,1d
005930.KS,2025-05-20,54870.640625,55655.909184928445,54674.323485017885,55165.116334973165,1d
005930.KS,2025-05-21,54674.32421875,55557.75136052514,54674.32421875,55165.117075291746,1d
005930.KS,2025-05-22,53692.73828125,54478.00684843465,53496.42113945384,54281.689706638484,1d
005930.KS,2025-05-23,53201.94140625,54183.52704105166,53103.78284276983,53987.20991409133,1d
005930.KS,2025-05-26,53692.73828125,53987.21399394424,52711.152572269195,52907.46971406536,1d
005930.KS,2025-05-27,52907.46484375,53496.41621492347,52809.30628188775,53201.94052933673,1d
005930.KS,2025-05-28,54870.640625,55066.95776498211,53201.94493515206,53300.10350514311,1d
005930.KS,2025-05-29,55066.953125,55361.428810160425,54576.160316399284,55165.11168672014,1d
005930.KS,2025-05-30,55165.1171875,56146.70290258007,54772.48290146797,55165.1171875,1d
005930.KS,2025-06-02,55754.06640625,56244.85924433319,55165.11500055018,55263.27356816681,1d
005930.KS,2025-06-04,56735.65234375,56833.81091181877,55754.06666306228,56146.700935337365,1d
005930.KS,2025-06-05,58011.7109375,58796.97944426819,56833.80817734772,57030.125304039764,1d
005930.KS,2025-06-09,58698.8203125,59287.77168687291,58404.34462531355,59287.77168687291,1d
005930.KS,2025-06-10,58109.87109375,58993.29818808066,57717.23682960304,58895.13962204392,1d
005930.KS,2025-06-11,58796.98046875,58993.297598862686,58306.18764346828,58404.34620852462,1d
005930.KS,2025-06-12,58404.34765625,58895.14049369748,58208.03052127101,58600.66479122899,1d
005930.KS,2025-06-13,57226.4453125,59091.45810999142,56637.49390276586,59091.45810999142,1d
005930.KS,2025-06-16,56146.69921875,57030.1263043597,55852.22352354677,56931.967739291955,1d
005930.KS,2025-06-17,57030.125,58698.82056798623,56343.01506024096,56735.649311531844,1d
005930.KS,2025-06-18,58698.8203125,58698.8203125,56833.807626985785,56931.96618938127,1d
005930.KS,2025-06-19,58109.87109375,59484.091018264364,57913.55396167652,59385.93245222762,1d
005930.KS,2025-06-20,58404.34765625,58698.82335871849,58011.71338629202,58306.189088760504,1d
005930.KS,2025-06-23,56931.96875,57422.761584051725,56539.33448275862,57324.60301724138,1d
005930.KS,2025-06-24,59385.9296875,59484.088248966946,58208.026949896695,58306.18551136364,1d
005930.KS,2025-06-25,60171.203125,60465.67883360523,59189.61742964927,60367.52026407015,1d
005930.KS,2025-06-26,59091.45703125,60171.20126271802,58796.981331758725,60171.20126271802,1d
005930.KS,2025-06-27,60046.47265625,60836.5578227796,59256.38748972039,59355.14813553659,1d
005930.KS,2025-06-30,59058.8671875,60441.5162520903,59058.8671875,60441.5162520903,1d
005930.KS,2025-07-01,59453.9140625,60342.75995379983,59453.9140625,59651.43537167774,1d
005930.KS,2025-07-02,60046.47265625,60145.2333020662,59058.86619808799,59453.908781352795,1d
005930.KS,2025-07-03,63009.29296875,63009.29296875,60342.75549201606,60540.27678658895,1d
005930.KS,2025-07-04,62515.4921875,63898.141303811215,62219.21023400474,63898.141303811215,1d
005930.KS,2025-07-07,60935.3203125,62515.4906933752,60935.3203125,62120.4480981564,1d
005930.KS,2025-07-08,60639.03515625,61626.64159201954,60243.992581942184,60836.55644340391,1d
005930.KS,2025-07-09,59651.43359375,60639.04011020282,59453.91229045944,60639.04011020282,1d
005930.KS,2025-07-10,60243.99609375,60441.517392418034,59651.432197745904,59848.95349641393,1d
005930.KS,2025-07-11,61824.171875,62021.69319089457,60441.52266373802,60540.2833216853,1d
005930.KS,2025-07-14,61725.40234375,61824.1629875,61034.0778375,61527.88105625,1d
005930.KS,2025-07-15,62910.53125,63009.291895604394,61231.60027472527,61527.88221153846,1d
005930.KS,2025-07-16,63898.140625,63898.140625,62317.97022314528,62910.5341238408,1d
005930.KS,2025-07-17,65873.359375,65972.12003373314,63601.86422413793,65083.27410513493,1d
005930.KS,2025-07-18,66268.390625,66959.71511736214,65478.30549087183,66169.62998323397,1d
005930.KS,2025-07-21,66959.71875,67947.32522123893,66367.15486725664,66564.67616150442,1d
005930.KS,2025-07-22,65182.03515625,67651.05163944128,64786.99251893939,67256.00900213068,1d
005930.KS,2025-07-23,65577.0703125,65675.830960561,64095.66059158509,65379.54901637801,1d
005930.KS,2025-07-24,65182.03515625,65972.1204308712,65083.27449692235,65675.83845288826,1d
005930.KS,2025-07-25,65083.26953125,65478.312138419955,64688.226924080045,64885.74822766502,1d
005930.KS,2025-07-28,69527.4921875,69527.4921875,66367.15163352272,67354.75805664062,1d
005930.KS,2025-07-29,69725.0078125,69922.52908109064,67947.31639518414,69922.52908109064,1d
005930.KS,2025-07-30,71700.234375,72786.6015625,69725.02130681818,70120.06392045454,1d
005930.KS,2025-07-31,70515.1015625,73082.87837009804,70120.05897671568,72095.27190563724,1d
005930.KS,2025-08-01,68046.0859375,71107.66600145138,67947.32529027577,69329.97435141509,1d
005930.KS,2025-08-04,68836.171875,69329.97511657102,67848.56539185796,68638.65057837158,1d
005930.KS,2025-08-05,69033.6875,70613.85774320457,68836.16621959943,70120.05454220314,1d
005930.KS,2025-08-06,67947.328125,68539.89203306686,67453.52486827761,68342.37073037791,1d
005930.KS,2025-08-07,69626.25,70120.05319148937,68836.16489361702,69922.53191489361,1d
005930.KS,2025-08-08,70910.140625,71502.704474234,69823.77356807103,70120.05549268803,1d
005930.KS,2025-08-11,70120.0625,71206.42966549296,69922.5411971831,71107.6690140845,1d
005930.KS,2025-08-12,70218.8203125,71502.70872890296,70218.8203125,70218.8203125,1d
005930.KS,2025-08-13,71008.90625,71206.42754694019,70515.10300764951,71008.90625,1d
005930.KS,2025-08-14,70712.625,71008.90694832403,70317.58240223464,71008.90694832403,1d
005930.KS,2025-08-18,69132.4453125,70317.57294642857,69132.4453125,70218.81231026787,1d
005930.KS,2025-08-19,69132.4453125,69823.769765625,68836.16340401786,69527.48785714286,1d
005930.KS,2025-08-20,69626.25,69823.77127659574,68539.8829787234,69231.2074468085,1d
005930.KS,2025-08-21,69725.0078125,71008.89605833923,69725.0078125,70613.85352115793,1d
005930.KS,2025-08-22,70515.1015625,70910.14414828431,69922.53768382352,70811.38350183824,1d
005930.KS,2025-08-25,70613.8671875,70910.14914772726,70120.06392045454,70811.38849431818,1d
005930.KS,2025-08-26,69428.734375,70218.81954569701,69428.734375,69922.53760668563,1d
005930.KS,2025-08-27,69725.0078125,70021.28971538598,68934.9227381374,69231.20464102337,1d
005930.KS,2025-08-28,68737.4140625,69527.4992816092,68737.4140625,69231.21732444325,1d
005930.KS,2025-08-29,68836.171875,69626.25706151362,68836.171875,69231.21446825682,1d
005930.KS,2025-09-01,66762.203125,67749.80968010356,66663.44246948964,67552.28836908285,1d
005930.KS,2025-09-02,68243.609375,68638.65197630246,66959.72092076701,66959.72092076701,1d
005930.KS,2025-09-03,68934.9375,68934.9375,67947.33094555874,68342.37356733525,1d
005930.KS,2025-09-04,69231.21875,69231.21875,68441.13351462196,68638.65482346648,1d
005930.KS,2025-09-05,68638.65625,69527.50215827338,68638.65625,69428.74150179856,1d
005930.KS,2025-09-08,69231.21875,69626.26136768902,68737.41547788873,68934.93678673323,1d
005930.KS,2025-09-09,70613.8671875,70613.8671875,69132.45738636363,69231.21803977272,1d
005930.KS,2025-09-10,71700.234375,71897.75568181818,70712.62784090909,70910.14914772726,1d
005930.KS,2025-09-11,72490.3125,72687.83378746595,71206.42413147139,72292.79121253407,1d
005930.KS,2025-09-12,74465.5234375,74663.0447198276,73280.39574353448,73675.43830818965,1d
005930.KS,2025-09-15,75551.8984375,76638.26560457516,74959.33452818627,76243.222998366,1d
005930.KS,2025-09-16,78415.9609375,78514.72159359256,75749.42322300063,75946.94453518577,1d
005930.KS,2025-09-17,77230.828125,78119.67397298594,76144.46097746164,78119.67397298594,1d
005930.KS,2025-09-18,79304.796875,79502.31816235991,77625.86593244085,78119.6691508406,1d
005930.KS,2025-09-22,82465.140625,82958.94386227545,80094.88508607785,80489.9276758982,1d
005930.KS,2025-09-23,83650.2734375,84835.40127840909,82563.90625,84736.640625,1d
005930.KS,2025-09-24,84341.59375,84440.35439841921,82662.66272687353,83156.46596896955,1d
005930.KS,2025-09-25,85032.921875,85131.6825275842,83057.70882331592,83353.99078106853,1d
005930.KS,2025-09-26,82267.6171875,84242.83008515906,81378.77138355342,83946.5481505102,1d
005930.KS,2025-09-29,83527.4765625,84321.08679112233,82535.46377672208,82634.66505529988,1d
005930.KS,2025-09-30,83229.875,84221.88781287246,82733.86859356376,83924.28396901072,1d
005930.KS,2025-10-01,85313.1015625,85511.50412427326,84023.48491097384,84221.8874727471,1d
005930.KS,2025-10-02,89033.1484375,89578.75547527855,87991.53500174095,88586.74267931755,1d
005930.KS,2025-10-10,93646.015625,93745.21691273834,91959.59373344808,93249.2104740466,1d
005930.KS,2025-10-13,92554.796875,92653.99815782423,89975.5635215702,90570.77121851554,1d
005930.KS,2025-10-14,90868.375,95233.23144104803,89479.55704148472,94538.82246179039,1d
005930.KS,2025-10-15,94241.21875,94538.82259868422,91364.38154605264,91562.7841118421,1d
005930.KS,2025-10-16,96919.6484375,96919.6484375,94241.2139361566,94538.8177696392,1d
005930.KS,2025-10-17,97118.0546875,98308.47006671347,95927.63930828651,96423.64571629213,1d
005930.KS,2025-10-20,97316.453125,97514.85567979103,95233.22629969419,97118.05057020897,1d
005930.KS,2025-10-21,96721.25,99102.08076923077,96522.84743589743,97713.26282051281,1d
005930.KS,2025-10-22,97812.4609375,97812.4609375,94737.22129342039,96324.44175488084,1d
005930.KS,2025-10-23,95729.234375,97713.25995790157,95530.83181670985,96026.83821243524,1d
005930.KS,2025-10-24,98010.8671875,98209.26975265688,96919.65307913715,97118.05564429403,1d
005930.KS,2025-10-27,101185.296875,101185.296875,99796.4790747549,100490.88797487745,1d
005930.KS,2025-10-28,98705.2734375,100193.29263505025,98308.46831815327,100094.09135521358,1d
005930.KS,2025-10-29,99697.2890625,100193.29547574627,98308.47110541044,99399.68521455224,1d
005930.KS,2025-10-30,103268.53125,104954.95298991355,101185.30439481269,101582.10951008646,1d
005930.KS,2025-10-31,106641.375,107732.58906976745,102474.92127906976,104161.34302325582,1d
005930.KS,2025-11-03,110212.6171875,110609.42228988525,105649.35851006977,106046.163612455,1d
005930.KS,2025-11-04,104062.140625,111502.2364752145,104062.140625,110907.02880719733,1d
005930.KS,2025-11-05,99796.484375,101185.30224900597,95927.63458312624,100193.28948185884,1d
005930.KS,2025-11-06,98407.6796875,102970.93902784778,98010.87452746976,102871.73773784022,1d
005930.KS,2025-11-07,97118.0546875,99498.88544592696,95530.83418188202,95630.03546348315,1d
005930.KS,2025-11-10,99796.484375,100193.28948185884,97118.04990370278,97812.45884070576,1d
005930.KS,2025-11-11,102673.3203125,105153.35220410628,101185.30117753624,102871.7228638285,1d
005930.KS,2025-11-12,102276.515625,103070.1258335354,100788.49648399612,102177.31434893307,1d
005930.KS,2025-11-13,101978.9140625,103367.7319582928,101482.90767114543,101681.31022768725,1d
005930.KS,2025-11-14,96423.640625,98804.47125771605,96423.640625,98209.26359953704,1d
005930.KS,2025-11-17,99796.484375,100193.28948185884,98705.27033113816,99002.8741612823,1d
005930.KS,2025-11-18,97018.859375,100094.09929383946,96721.2555118865,99002.88512908998,1d
005930.KS,2025-11-19,95729.234375,96721.24716645078,93844.41007124353,96324.44204987047,1d
005930.KS,2025-11-20,99796.484375,102078.11373943837,98705.27033113816,100094.08820514413,1d
005930.KS,2025-11-21,94042.8125,96026.83808016877,93745.20866297468,94836.42273206751,1d
005930.KS,2025-11-24,95927.640625,98209.27013314374,95431.63421018614,97018.85473759047,1d
005930.KS,2025-11-25,98506.875,100590.10196374623,97018.85574018127,100590.10196374623,1d
005930.KS,2025-11-26,101978.9140625,102078.1153407709,98506.86932301799,99697.28466226897,1d
005930.KS,2025-11-27,102673.3203125,104657.34582578503,101879.710107186,103268.5279664855,1d
005930.KS,2025-11-28,99697.2890625,102970.93138992538,99697.2890625,102970.93138992538,1d
005930.KS,2025-12-01,99994.8984375,101978.92420014882,99102.08684430804,101185.31389508929,1d
005930.KS,2025-12-02,102574.1171875,102673.31846137572,100193.2866144826,100391.68916223405,1d
005930.KS,2025-12-03,103665.328125,104657.34083433014,103169.32177033492,103863.73066686603,1d
005930.KS,2025-12-04,104260.546875,104260.546875,102375.72252616555,103070.13149678877,1d
005930.KS,2025-12-05,107534.1875,107534.1875,103764.53886070111,104458.94782057196,1d
005930.KS,2025-12-08,108625.3984375,109121.40482305936,107137.37928082192,108823.80099172374,1d
005930.KS,2025-12-09,107534.1875,108526.2002998155,106442.97342020295,108030.19389990775,1d
005930.KS,2025-12-10,107137.3828125,108923.005859375,106542.17513020833,107434.98665364583,1d
005930.KS,2025-12-11,106442.96875,109617.40957013048,106442.96875,108327.79298695247,1d
005930.KS,2025-12-12,108030.1953125,108030.1953125,105946.96840564738,106244.57224948348,1d
005930.KS,2025-12-15,103962.9375,104954.95026240459,103764.53494751909,104458.94388120229,1d
005930.KS,2025-12-16,101978.9140625,104756.5498540856,101879.71278422908,104062.1409061892,1d
005930.KS,2025-12-17,107038.1796875,107236.58224484476,102574.12214724282,102673.3234259152,1d
005930.KS,2025-12-18,106740.578125,107335.78580971189,104855.75379007899,105550.16275557621,1d
005930.KS,2025-12-19,105450.953125,108823.7964046331,105351.75185206962,108823.7964046331,1d
005930.KS,2025-12-22,109617.4140625,109617.4140625,108426.99870616515,108823.80382494343,1d
005930.KS,2025-12-23,110609.4296875,111601.4425098094,109518.21558295964,110014.22199411434,1d
005930.KS,2025-12-24,110212.6171875,111502.23377025203,110014.21463630738,111502.23377025203,1d
005930.KS,2025-12-26,116065.4921875,116065.4921875,111502.23352029914,111502.23352029914,1d
005930.KS,2025-12-29,119121.8046875,119321.1717246339,117825.9189461297,119022.12116893305,1d
005930.KS,2025-12-30,119520.53125,120816.41690992494,118324.32910237699,118723.06315158465,1d
005930.KS,2026-01-02,128093.3125,128093.3125,119819.5810311284,119819.5810311284,1d
005930.KS,2026-01-05,137662.9375,138161.35508689357,133177.179217958,134174.01439174512,1d
005930.KS,2026-01-06,138460.390625,138859.1246512779,132280.01321769258,134871.78438849893,1d
005930.KS,2026-01-07,140553.765625,143943.00536347518,137164.52588652482,143045.85366799645,1d
005930.KS,2026-01-08,138360.703125,144042.6628354647,137862.28560653818,137862.28560653818,1d
005930.KS,2026-01-09,138560.078125,140254.69778552157,134772.10476618705,135569.57284172662,1d
005930.KS,2026-01-12,138360.703125,141550.57524315562,136466.7165548451,140553.740206232,1d
005930.KS,2026-01-13,137164.515625,139756.28699582122,136466.73102516352,139357.5529387718,1d
005930.KS,2026-01-14,139855.96875,139855.96875,136367.0457947256,136566.41282074127,1d
005930.KS,2026-01-15,143444.578125,143544.26164002778,137862.30128344335,138560.08588863793,1d
005930.KS,2026-01-16,148428.75,149026.8510745467,143843.3084284755,144840.14355271996,1d
005930.KS,2026-01-19,148827.484375,150123.3700393503,146136.02953365707,146734.13060951105,1d
005930.KS,2026-01-20,144740.453125,148827.47693913567,143444.567525396,148030.0088778409,1d
005930.KS,2026-01-21,149026.859375,149325.90992892976,141351.2284908027,141450.91200877927,1d
005930.KS,2026-01-22,151818.0,156503.12541037425,150322.747209455,154509.45502298095,1d
005930.KS,2026-01-23,151618.625,155506.28205128206,149624.95471729126,154210.39636752137,1d
005930.KS,2026-01-26,151618.625,155905.0161078238,151020.52391518737,154409.76339579225,1d
005930.KS,2026-01-27,158995.203125,158995.203125,148727.80129310343,150023.6869612069,1d
005930.KS,2026-01-28,161886.03125,162783.182901016,159692.99388084974,162085.3982835591,1d
005930.KS,2026-01-29,160191.40625,166072.73354853765,156602.79976275668,165673.9994943995,1d
005930.KS,2026-01-30,159992.046875,165973.05797313084,159593.31280179127,159593.31280179127,1d
005930.KS,2026-02-02,149924.0,159094.88297872338,149924.0,155207.2260638298,1d
005930.KS,2026-02-03,166969.875,166969.875,156702.47373134329,157400.2582835821,1d
005930.KS,2026-02-04,168564.828125,168863.87867755766,162583.81707384685,162982.55114392372,1d
005930.KS,2026-02-05,158795.828125,163480.95299748902,157998.3600615976,161487.28283898305,1d
005930.KS,2026-02-06,158098.046875,159792.66654516078,151120.20117433797,153612.2889245744,1d
005930.KS,2026-02-09,165873.359375,168166.08008751503,164477.79024564303,168066.39657827525,1d
005930.KS,2026-02-10,165275.265625,167567.98643885707,164976.21508406213,166870.20184333535,1d
005930.KS,2026-02-11,167268.9375,168066.4056168057,161487.29365315853,163480.9639451728,1d
005930.KS,2026-02-12,178034.75,179031.58510638296,169561.65159574468,170658.17021276595,1d
005930.KS,2026-02-13,180626.515625,183816.3878656181,178333.79495205573,178931.89599717164,1d
005930.KS,2026-02-19,189398.671875,190295.82347861843,186507.85004111842,187405.00164473685,1d
005930.KS,2026-02-20,189498.359375,189697.72640222253,188003.10667083116,189398.67586138874,1d
005930.KS,2026-02-23,192389.171875,196974.61327720206,189897.08415641193,193784.74099740933,1d
005930.KS,2026-02-24,199367.015625,199367.015625,191392.33500000002,192389.170078125,1d
005930.KS,2026-02-25,202855.9375,205348.0251842752,200363.84981572483,201859.10242628993,1d
005930.KS,2026-02-26,217310.0625,218306.89764908256,205348.04071100918,205846.45828555044,1d
005930.KS,2026-02-27,215814.8125,222294.2410508083,209335.3839491917,209335.3839491917,1d
005930.KS,2026-03-03,194482.53125,211827.46227895952,194482.53125,208836.95692913892,1d
005930.KS,2026-03-04,171655.0,195279.9912891986,171355.9494773519,183617.02090592333,1d
005930.KS,2026-03-05,190993.609375,199067.97386319155,187504.68644800366,194382.84878979647,1d
005930.KS,2026-03-06,187604.375,189099.62772316684,180427.16192879915,185511.0211875664,1d
005930.KS,2026-03-09,172950.890625,174944.5608339337,166770.51297730548,172950.890625,1d
005930.KS,2026-03-10,187305.328125,190893.9347309074,183716.7215190926,187006.27757450772,1d
005930.KS,2026-03-11,189398.671875,194183.48042763158,187105.95111019738,192389.17722039475,1d
005930.KS,2026-03-12,187305.328125,189398.681978446,185311.6577883848,186009.4424062001,1d
005930.KS,2026-03-13,182919.234375,185610.68904972752,179330.62814202998,179430.31164850137,1d
005930.KS,2026-03-16,188102.796875,188401.84742647057,183018.9375,184015.77267156861,1d
005930.KS,2026-03-17,193286.328125,197373.3520822589,192488.86003577875,197373.3520822589,1d
005930.KS,2026-03-18,207840.109375,208338.5269034772,199067.96087380094,199865.4289193645,1d
005930.KS,2026-03-19,199865.4375,204351.1954488778,198968.28591022445,199267.33644014964,1d
005930.KS,2026-03-20,198768.921875,201859.11073062939,198370.1878291123,201360.6931732698,1d
005930.KS,2026-03-23,185710.375,190594.86688137412,185710.375,189897.08232689212,1d
005930.KS,2026-03-24,189099.625,195379.68634686348,184912.91743542437,194881.26877965208,1d
005930.KS,2026-03-25,188401.828125,195778.4076388889,188401.828125,193086.9529513889,1d
005930.KS,2026-03-26,179530.015625,185311.65965956415,178333.81341095225,184912.9255882149,1d
005930.KS,2026-03-27,179530.015625,181124.951910397,171455.65068017767,171555.33419801499,1d
005930.KS,2026-03-30,176105.78125,176455.39567675837,170412.06058564945,170811.61993051617,1d
005930.KS,2026-03-31,167015.8125,174507.55050089714,166816.0328199761,169812.72802033494,1d
005930.KS,2026-04-01,189441.078125,190589.81126417086,177803.91197600844,178802.81035789612,1d
005930.KS,2026-04-02,178203.46875,193386.72393497758,174807.2143007287,192387.82556754485,1d
005930.KS,2026-04-03,185994.875,186993.77336197637,182498.73073308272,183997.07827604725,1d
005930.KS,2026-04-06,192887.28125,194385.62885163128,189890.58604673744,190689.70476760744,1d
005930.KS,2026-04-07,196283.53125,202276.92151717556,192188.04790076334,201777.47232824427,1d
005930.KS,2026-04-08,210268.109375,214263.7029023159,207271.41422951306,213764.25371140143,1d
005930.KS,2026-04-09,203775.265625,207271.40988817404,201777.4689031863,206771.9607077206,1d
005930.KS,2026-04-10,205773.0625,210767.5543082524,205273.61331917474,208270.3084041262,1d
005930.KS,2026-04-13,200778.578125,202776.3749222637,197981.66260883084,197981.66260883084,1d
005930.KS,2026-04-14,206272.515625,209768.65995762713,205273.61724424938,207770.8631961259,1d
005930.KS,2026-04-15,210767.5625,215262.6053021327,209768.66409952607,214763.15610189573,1d
005930.KS,2026-04-16,217260.40625,217759.8554597701,210268.1173132184,211766.46494252872,1d
005930.KS,2026-04-17,215762.046875,217759.84360532407,214763.14850983795,216760.94524016202,1d
005930.KS,2026-04-20,214263.703125,218758.7458479021,212765.35555069929,214263.703125,1d
005930.KS,2026-04-21,218758.75,219757.64840182647,215762.05479452055,217759.85159817353,1d
005930.KS,2026-04-22,217260.40625,222254.89834770115,215262.60941091954,218259.30466954023,1d
005930.KS,2026-04-23,224252.6875,229247.17942650334,215762.0512249443,222754.339922049,1d
005930.KS,2026-04-24,219258.203125,224752.1444333713,216261.50786588836,223753.2460136674,1d
005930.KS,2026-04-27,224252.6875,225751.035077951,218259.29718819598,219757.644766147,1d
005930.KS,2026-04-28,221755.4375,225751.03096846846,221255.98831644145,223753.23423423423,1d
005930.KS,2026-04-29,225751.03125,227748.82798672566,218259.29348727877,219258.1918556416,1d
005930.KS,2026-04-30,220257.09375,229746.62840136053,220257.09375,228747.7300170068,1d
005930.KS,2026-05-04,232243.875,232243.875,223753.23870967742,227748.8322580645,1d
005930.KS,2026-05-06,265706.96875,269702.56226503756,250723.493068609,253720.1882048872,1d
005930.KS,2026-05-07,271200.90625,276694.8472605893,259713.57504604053,271700.35543278087,1d
005930.KS,2026-05-08,268204.21875,269702.56634078216,259713.58240223466,259713.58240223466,1d
005930.KS,2026-05-11,285185.5,288182.1952714536,279691.55866900174,284186.6015761821,1d
005930.KS,2026-05-12,278692.65625,291178.8863687276,265706.97692652326,289680.53875448025,1d
005930.KS,2026-05-13,283687.15625,285185.50390625,261711.390625,263709.1875,1d
005930.KS,2026-05-14,295673.9375,299170.08203125,281689.359375,281689.359375,1d
005930.KS,2026-05-15,270202.0,296173.35674676526,265706.95748613676,290679.41589648795,1d
005930.KS,2026-05-18,280690.4375,288182.17515569396,261711.36877224199,269203.10642793594,1d
005930.KS,2026-05-19,275196.5,281189.89019963704,265706.9655172414,273698.15245009074,1d
005930.KS,2026-05-20,275695.96875,282188.80859375,263209.73828125,277693.765625,1d
005930.KS,2026-05-21,299170.0625,299170.0625,286683.8328464107,290679.4263355593,1d
005930.KS,2026-05-22,292177.78125,300168.9684294872,291678.33205128205,299669.51923076925,1d
005930.KS,2026-05-26,298670.625,301667.3202341137,297172.27738294314,297671.7265886288,1d
005930.KS,2026-05-27,306661.8125,322644.18709283386,305662.91408794787,321145.8394747557,1d
005930.KS,2026-05-28,299170.0625,306162.35110601,287183.28203255427,304664.00354757934,1d
005930.KS,2026-05-29,316650.78125,318648.5779771293,305163.4500690063,309159.043523265,1d
005930.KS,2026-06-01,348615.53125,354109.47228689113,319148.02932485676,319148.02932485676,1d
005930.KS,2026-06-02,360102.875,369592.4098474341,341623.25450762827,360102.875,1d
005930.KS,2026-06-04,351112.78125,365596.8077880512,347616.636913229,348615.5352951636,1d
005930.KS,2026-06-05,328637.5625,342622.1396276596,324641.9690349544,333132.6051481763,1d
005930.KS,2026-06-08,295174.46875,315152.43617808796,292177.7736357868,292677.222821489,1d
005930.KS,2026-06-09,321645.28125,323643.0780279503,299669.5166925466,309658.50058229815,1d
005930.KS,2026-06-10,302166.75,314153.53016528924,294924.7369834711,310657.3859504132,1d
005930.KS,2026-06-11,298670.625,306162.3630852843,287183.29326923075,290179.9885033445,1d
005930.KS,2026-06-12,322144.71875,338626.54156976746,319647.47286821704,325640.8629844961,1d
005930.KS,2026-06-15,336628.75,344120.48775964393,333632.05489614245,342122.6910237389,1d
005930.KS,2026-06-16,342622.15625,345119.4022868076,332133.72289540817,342622.15625,1d
005930.KS,2026-06-17,346118.28125,347616.6287878788,331134.80587121216,331634.25505050505,1d
005930.KS,2026-06-18,362100.65625,362600.10543103446,344120.48573275865,344619.9349137931,1d
005930.KS,2026-06-19,353610.03125,374087.44831391243,345868.56870144774,372089.65152718924,1d
005930.KS,2026-06-22,353110.59375,362600.128801273,341623.26184582745,342622.16027227725,1d
005930.KS,2026-06-23,309658.5,352611.13064516126,309658.5,347117.18951612903,1d
005930.KS,2026-06-24,340124.90625,340624.35545154184,313654.098568282,313654.098568282,1d
005930.KS,2026-06-25,358105.0625,362100.6559449093,351612.2231520223,359103.96086122736,1d
005930.KS,2026-06-26,339126.0,356107.27245949925,321145.8291605302,353610.02650957287,1d
005930.KS,2026-06-29,323000.0,335500.0,316000.0,331000.0,1d
005930.KS,2026-06-30,334000.0,343000.0,321000.0,323500.0,1d
005930.KS,2026-07-01,314500.0,339000.0,311500.0,334500.0,1d
005930.KS,2026-07-02,286000.0,304000.0,281500.0,290000.0,1d
005930.KS,2026-07-03,309500.0,313000.0,283500.0,288500.0,1d
005930.KS,2026-07-06,318000.0,325000.0,303000.0,320000.0,1d
005930.KS,2026-07-07,296000.0,310000.0,286000.0,307000.0,1d
005930.KS,2026-07-08,277500.0,300000.0,273500.0,285500.0,1d
005930.KS,2026-07-09,278000.0,291500.0,267500.0,288500.0,1d
005930.KS,2026-07-10,285000.0,298000.0,282000.0,291000.0,1d
005930.KS,2026-07-13,254500.0,292500.0,253000.0,285000.0,1d
005930.KS,2026-07-14,263000.0,270000.0,247000.0,255000.0,1d
005930.KS,2026-07-15,279500.0,284500.0,273000.0,283500.0,1d
005930.KS,2026-07-16,255000.0,265500.0,252500.0,264500.0,1d
005930.KS,2026-07-20,244000.0,257500.0,240000.0,241000.0,1d
005930.KS,2026-07-21,259000.0,263500.0,243000.0,247000.0,1d
005930.KS,2026-07-22,260500.0,276000.0,260000.0,276000.0,1d
005930.KS,2026-07-23,270000.0,273000.0,263000.0,269000.0,1d
005930.KS,2026-07-24,249500.0,266500.0,247000.0,266000.0,1d
005930.KS,2026-07-27,254000.0,258500.0,246000.0,257000.0,1d
005930.KS,2026-07-28,220000.0,240000.0,218500.0,238500.0,1d
005930.KS,2026-07-29,208500.0,234000.0,189200.0,226500.0,1d
005930.KS,2026-07-30,207000.0,226000.0,202000.0,214000.0,1d
005930.KS,2026-07-31,262500.0,267000.0,243000.0,257000.0,1d
005930.KS,2026-08-03,239500.0,249500.0,238000.0,248000.0,1d
005930.KS,2026-08-04,240000.0,244500.0,228000.0,244500.0,1d
005930.KS,2026-08-05,246000.0,254500.0,244000.0,254000.0,1d
005930.KS,2026-08-06,230500.0,246000.0,228000.0,241500.0,1d
005930.KS,2026-08-07,231000.0,239500.0,229000.0,235000.0,1d
005930.KS,2026-08-10,230000.0,238500.0,228500.0,236000.0,1d
005930.KS,2026-08-11,239500.0,243000.0,227500.0,229500.0,1d
005930.KS,2026-08-12,255500.0,260500.0,241000.0,243500.0,1d
005930.KS,2026-08-13,268000.0,271000.0,262500.0,267500.0,1d
005930.KS,2026-08-14,274500.0,275500.0,266000.0,275000.0,1d
005930.KS,2026-08-18,268500.0,288000.0,265000.0,283000.0,1d
005930.KS,2026-08-19,247500.0,254500.0,246500.0,251500.0,1d
005930.KS,2026-08-20,271000.0,273000.0,252500.0,257000.0,1d
005930.KS,2026-08-21,281500.0,285000.0,266000.0,267000.0,1d
005930.KS,2026-08-24,257000.0,272000.0,255000.0,271500.0,1d
005930.KS,2026-08-25,257000.0,258000.0,245000.0,249000.0,1d
005930.KS,2026-08-26,261500.0,266500.0,255500.0,256500.0,1d
005930.KS,2026-08-27,266000.0,271000.0,262500.0,270000.0,1d
005930.KS,2026-08-28,257000.0,266000.0,256000.0,262500.0,1d
005930.KS,2026-08-31,260000.0,260000.0,246000.0,249000.0,1d
005930.KS,2026-09-01,261000.0,262500.0,254000.0,256500.0,1d
005930.KS,2026-09-02,250500.0,255500.0,249500.0,252000.0,1d
005930.KS,2026-09-03,250000.0,255000.0,243000.0,254000.0,1d
005930.KS,2026-09-04,255500.0,259000.0,252500.0,254000.0,1d
005930.KS,2026-09-07,270000.0,270000.0,264000.0,267000.0,1d
005930.KS,2026-09-08,269500.0,279000.0,269000.0,272000.0,1d
005930.KS,2026-09-09,269500.0,275000.0,267500.0,269500.0,1d
005930.KS,2026-09-10,269000.0,270500.0,263500.0,269000.0,1d
005930.KS,2026-09-11,259500.0,261500.0,256500.0,258000.0,1d
005930.KS,2026-09-14,249000.0,254500.0,248500.0,249500.0,1d
005930.KS,2026-09-15,248500.0,252000.0,246000.0,248000.0,1d
005930.KS,2026-09-16,253500.0,254000.0,247500.0,248000.0,1d
005930.KS,2026-09-17,252500.0,259000.0,251500.0,257000.0,1d
005930.KS,2026-09-18,261000.0,262000.0,257500.0,261000.0,1d
005930.KS,2026-09-21,274000.0,275000.0,263500.0,264000.0,1d
005930.KS,2026-09-22,276500.0,283500.0,274500.0,283000.0,1d
005930.KS,2026-09-23,285500.0,285500.0,281000.0,284500.0,1d
005930.KS,2026-09-28,270000.0,285500.0,270000.0,284500.0,1d
005930.KS,2026-09-29,272500.0,276000.0,266000.0,266000.0,1d
005930.KS,2026-09-30,268500.0,276000.0,267500.0,274500.0,1d
005930.KS,2026-10-01,276000.0,276000.0,264500.0,266500.0,1d
005930.KS,2026-10-02,276000.0,277000.0,271500.0,273500.0,1d
005930.KS,2026-10-06,272000.0,279000.0,270000.0,278500.0,1d
005930.KS,2026-10-07,268500.0,279500.0,268500.0,269500.0,1d
005930.KS,2026-10-08,262000.0,270000.0,262000.0,269500.0,1d
000660.KS,2014-10-13,37993.98046875,39415.52395567602,34720.122741284016,34763.19981664541,1wk
000660.KS,2014-10-20,39027.8359375,40320.14838576159,37520.13808119481,37993.98597889073,1wk
000660.KS,2014-10-27,40880.140625,40966.29476751844,38252.439278187565,39458.59727344573,1wk
000660.KS,2014-11-03,40837.07421875,41612.46170391614,40406.3033936577,41353.99920886076,1wk
000660.KS,2014-11-10,42387.84375,42387.84375,40664.76067073171,40923.223132621955,1wk
000660.KS,2014-11-17,40018.6171875,42517.088443554894,39372.460828175455,42387.85717168999,1wk
000660.KS,2014-11-24,41397.07421875,42043.23042403746,40320.14720993757,40707.84093311004,1wk
000660.KS,2014-12-01,41655.53515625,42344.768416332736,40750.91650239142,41397.07268371898,1wk
000660.KS,2014-12-08,40966.30859375,43034.008712046525,40492.46064997371,42215.544081887485,1wk
000660.KS,2014-12-15,41784.765625,42129.38224871134,39544.75757087629,40578.60744201031,1wk
000660.KS,2014-12-22,40492.44921875,41784.76142785904,40492.44921875,41353.99069148936,1wk
000660.KS,2014-12-29,41402.88671875,42053.19383998691,40752.57959751309,40839.287213678006,1wk
000660.KS,2015-01-05,43093.6796875,44567.70897258552,40492.451537349094,41663.00420491701,1wk
000660.KS,2015-01-12,41142.76171875,43787.34387348525,40969.34649548867,43353.80581533193,1wk
000660.KS,2015-01-19,41186.109375,42009.8315625,40579.15618421053,41186.109375,1wk
000660.KS,2015-01-26,41316.16796875,42790.197046333946,40752.568615556134,40969.33759755378,1wk
000660.KS,2015-02-02,39451.95703125,41272.81658653846,39191.83423763736,41012.69379292582,1wk
000660.KS,2015-02-09,40795.921875,41186.106037460144,39018.41624601487,39278.539020988304,1wk
000660.KS,2015-02-16,40275.69140625,41229.47527162944,40145.62997006189,41229.47527162944,1wk
000660.KS,2015-02-23,40405.75390625,41532.95304955741,40102.277213821086,40319.04627984174,1wk
000660.KS,2015-03-02,40058.90625,41186.10491071428,39235.18415178571,40622.50558035714,1wk
000660.KS,2015-03-09,38238.0625,39668.73830782313,37370.98625283447,39408.61543367347,1wk
000660.KS,2015-03-16,40622.515625,40752.57704108858,38498.17916221985,38498.17916221985,1wk
000660.KS,2015-03-23,39712.0859375,41923.130023539845,39365.255492631004,40839.28488332423,1wk
000660.KS,2015-03-30,38324.7734375,40188.98753004808,38151.35817307692,39885.510817307695,1wk
000660.KS,2015-04-06,37804.5234375,39105.1377759461,36027.01717495699,38541.538229286125,1wk
000660.KS,2015-04-13,38628.23828125,38931.714900743544,37891.22363390853,38498.17687289562,1wk
000660.KS,2015-04-20,40925.9921875,40969.34599278337,37804.51820709746,38238.056259931145,1wk
000660.KS,2015-04-27,40015.56640625,41186.119269704766,39365.25925988624,41012.70403067443,1wk
000660.KS,2015-05-04,39842.14453125,40839.28198959467,38628.23806022171,40319.03635915397,1wk
000660.KS,2015-05-11,39278.55078125,40969.34932481374,39191.84316363135,39972.21172219923,1wk
000660.KS,2015-05-18,41489.59375,41489.59375,38498.18103448275,39105.13433908046,1wk
000660.KS,2015-05-25,44307.5859375,44481.00114664873,41186.1121728229,41489.58878883317,1wk
000660.KS,2015-06-01,42530.07421875,44827.82542526758,41706.35208811162,43874.04190558104,1wk
000660.KS,2015-06-08,40362.39453125,42313.3158566058,40275.68691678974,42139.90062768528,1wk
000660.KS,2015-06-15,37761.16796875,40839.288434629736,37717.81415937142,40362.396531465274,1wk
000660.KS,2015-06-22,36417.19921875,38671.597265625,36027.01494140625,37977.936328125,1wk
000660.KS,2015-06-29,36980.796875,37457.68874560375,35203.29081184056,35550.12126318875,1wk
000660.KS,2015-07-06,35420.05859375,36460.54991106946,34336.21347154223,36417.19610618115,1wk
000660.KS,2015-07-13,34639.6796875,36287.12377776909,32775.46663798498,35940.2934429756,1wk
000660.KS,2015-07-20,33425.7734375,34986.509940418284,32732.112769536314,34813.094773427365,1wk
000660.KS,2015-07-27,32168.533203125,33685.916844781845,29523.950284808794,33382.440116450474,1wk
000660.KS,2015-08-03,31388.146484375,33209.00581081664,30391.009234180765,31648.269245295232,1wk
000660.KS,2015-08-10,31995.109375,32255.232215447155,30694.49517276423,31388.156080623306,1wk
000660.KS,2015-08-17,27746.43359375,32428.644262695314,27226.18796386719,32341.936657714847,1wk
000660.KS,2015-08-24,31995.109375,32688.77028285908,26272.406885162603,27399.605860433607,1wk
000660.KS,2015-08-31,30217.599609375,31951.75166730183,28916.985565929877,31951.75166730183,1wk
000660.KS,2015-09-07,30347.6640625,31648.27823660714,29740.71078125,30174.248839285712,1wk
000660.KS,2015-09-14,30997.96875,31604.921984265733,28916.986232517484,30607.784527972028,1wk
000660.KS,2015-09-21,29784.0703125,30564.438966975984,28960.347843886462,30521.08515283843,1wk
000660.KS,2015-09-28,29957.474609375,30130.889802482816,28916.983450728112,29263.813836943744,1wk
000660.KS,2015-10-05,32558.701171875,33035.592933380496,30434.365143350533,30564.42653285203,1wk
000660.KS,2015-10-12,31301.44921875,32558.709644433864,31041.326372056785,32558.709644433864,1wk
000660.KS,2015-10-19,27833.142578125,31388.15455850857,27616.37355493088,31344.800753869746,1wk
000660.KS,2015-10-26,26619.232421875,28700.214761044383,26402.463428211526,28049.907780053953,1wk
000660.KS,2015-11-02,27052.7734375,28613.510366586535,26359.112580128203,26619.235401642625,1wk
000660.KS,2015-11-09,27009.419921875,27399.60415830658,26359.1128611557,26792.650901635236,1wk
000660.KS,2015-11-16,26879.359375,27529.666456653227,26055.637071572582,26532.528931451612,1wk
000660.KS,2015-11-23,27746.43359375,29610.64710083008,26098.989099121096,27009.418951416017,1wk
000660.KS,2015-11-30,27052.7734375,28310.033741486375,26532.527794471152,27789.78809845753,1wk
000660.KS,2015-12-07,25882.22265625,27486.31350764238,25665.45362227806,27269.544473670438,1wk
000660.KS,2015-12-14,26532.53125,26619.23886846405,24755.025071486925,25145.209354575163,1wk
000660.KS,2015-12-21,27486.310546875,28743.570808482847,26229.050285267153,26402.465493764787,1wk
000660.KS,2015-12-28,27101.12109375,28070.592092225612,26924.85363948171,27982.458365091465,1wk
000660.KS,2016-01-04,26175.712890625,27497.718592171717,26043.51232047033,26924.849454834806,1wk
000660.KS,2016-01-11,23619.837890625,25999.448424381997,23619.837890625,25911.314700909516,1wk
000660.KS,2016-01-18,23928.30859375,24941.8465268186,22738.503194060773,22826.636927371088,1wk
000660.KS,2016-01-25,24060.50390625,25646.91075721154,23663.902193509613,24280.83819110577,1wk
000660.KS,2016-02-01,24765.57421875,25382.510231316726,23972.370774021354,24765.57421875,1wk
000660.KS,2016-02-08,24104.572265625,24765.575161391684,23663.903668447212,24765.575161391684,1wk
000660.KS,2016-02-15,26087.580078125,27189.2515341269,24236.77203204181,24457.106323242188,1wk
000660.KS,2016-02-22,27145.185546875,27762.12158203125,25911.3134765625,25911.3134765625,1wk
000660.KS,2016-02-29,28114.658203125,28290.92565267437,26087.58253330721,27145.187230603446,1wk
000660.KS,2016-03-07,27057.05078125,28423.123377697473,26131.64676430171,28334.989661797637,1wk
000660.KS,2016-03-14,25955.384765625,27409.591382374787,25602.849828231112,27409.591382374787,1wk
000660.KS,2016-03-21,25690.978515625,26836.716837076547,25470.644223038165,26263.84767635077,1wk
000660.KS,2016-03-28,24853.70703125,25999.44529864805,24677.439605496453,25558.776734264186,1wk
000660.KS,2016-04-04,24501.173828125,24809.64184394672,23575.769780659848,24765.574984543615,1wk
000660.KS,2016-04-11,24368.97265625,24545.240089568266,23884.237214624776,24324.905797920434,1wk
000660.KS,2016-04-18,24236.77734375,24809.646626420454,23972.376136363637,24677.446022727272,1wk
000660.KS,2016-04-25,24809.640625,26219.780056616342,24104.570909191832,24368.972052619894,1wk
000660.KS,2016-05-02,23487.634765625,24941.841045673078,23355.43419471154,24633.373046875,1wk
000660.KS,2016-05-09,23002.900390625,23399.502121497844,22650.36551873803,23046.967249610872,1wk
000660.KS,2016-05-16,23179.169921875,23707.972277507128,22606.300703273526,23002.90246999762,1wk
000660.KS,2016-05-23,25250.30859375,25338.442306119112,23487.634346367802,23619.834914921466,1wk
000660.KS,2016-05-30,24324.908203125,25911.315259850544,24148.640752377716,25426.579770295517,1wk
000660.KS,2016-06-06,25558.77734375,25911.312203663794,24324.905334051724,24324.905334051724,1wk
000660.KS,2016-06-13,25558.77734375,26792.649353448276,24677.440193965518,25250.309341325432,1wk
000660.KS,2016-06-20,28026.525390625,29172.263849990173,25602.847880429443,26263.850837755504,1wk
000660.KS,2016-06-27,28334.99609375,28819.7316412325,27012.99005516135,27629.92620650272,1wk
000660.KS,2016-07-04,27365.517578125,28995.99125025161,26704.51473807367,28423.122122207125,1wk
000660.KS,2016-07-11,28819.7265625,29524.796325496944,27806.188778191896,27982.456218941134,1wk
000660.KS,2016-07-18,28202.794921875,29172.265997314455,27497.725048828124,28995.998529052733,1wk
000660.KS,2016-07-25,30317.99609375,30317.99609375,27409.583677779796,28467.18819267805,1wk
000660.KS,2016-08-01,30670.53515625,31111.20376481681,29084.128165409482,30582.401434536638,1wk
000660.KS,2016-08-08,30273.939453125,31067.143106918666,29480.73579933133,30979.009367608258,1wk
000660.KS,2016-08-15,31199.33984375,31199.33984375,28995.996634445622,30273.935695842163,1wk
000660.KS,2016-08-22,31948.478515625,32036.612249461206,30758.673108836207,31287.47551185345,1wk
000660.KS,2016-08-29,32301.0078125,32565.40896785471,31111.20261340382,31155.269472629607,1wk
000660.KS,2016-09-05,34328.08984375,34372.15671132863,32477.28140544769,32521.348273026317,1wk
000660.KS,2016-09-12,33314.55859375,33755.22735821759,32609.48857060185,33050.157335069445,1wk
000660.KS,2016-09-19,34680.625,35077.22681067344,33711.1539072427,34107.75571791614,1wk
000660.KS,2016-09-26,35429.76171875,37016.16895988806,34195.88942008706,34680.62496599036,1wk
000660.KS,2016-10-03,37192.4375,38029.70801244076,35429.762736966826,35429.762736966826,1wk
000660.KS,2016-10-10,36619.5625,37456.83288206979,36090.760153429605,37192.4317087846,1wk
000660.KS,2016-10-17,36090.765625,37280.57108516483,34239.95713141026,36795.8355273199,1wk
000660.KS,2016-10-24,37412.76953125,38426.307457302704,35121.29248104387,36134.83040709658,1wk
000660.KS,2016-10-31,36311.09765625,37809.37110323119,35650.09466493477,37456.83617452973,1wk
000660.KS,2016-11-07,35121.28125,37148.35645388959,34107.743648055206,36839.8884880803,1wk
000660.KS,2016-11-14,37016.16796875,37368.70290178571,34812.82463727678,35253.49330357143,1wk
000660.KS,2016-11-21,37544.97265625,38690.71125843603,35826.36475297095,36839.90274721244,1wk
000660.KS,2016-11-28,39131.375,39219.50872747748,36839.898085585584,37368.70045045045,1wk
000660.KS,2016-12-05,40100.84375,41202.515281593405,38602.570467032965,38822.90477335165,1wk
000660.KS,2016-12-12,40894.046875,40938.11373585668,39395.77360587285,40321.17768386315,1wk
000660.KS,2016-12-19,40805.921875,41114.38996692764,39616.116377564795,40761.85500472462,1wk
000660.KS,2016-12-26,39920.4609375,41617.30379614094,39831.15341862416,41260.073720637585,1wk
000660.KS,2017-01-02,42867.6171875,43269.50109863281,39831.160970052086,39965.12227376302,1wk
000660.KS,2017-01-09,44921.69921875,46350.6200686506,43046.240603255465,43314.16326261183,1wk
000660.KS,2017-01-16,43894.65625,44921.69296795524,43135.54215412004,44743.07788657172,1wk
000660.KS,2017-01-23,47600.91015625,47779.52520374062,44564.45434890947,44609.10811078213,1wk
000660.KS,2017-01-30,47958.14453125,49029.834911836595,46261.301428654566,47600.914404387804,1wk
000660.KS,2017-02-06,44653.765625,48761.9120625,44653.765625,48404.681937500005,1wk
000660.KS,2017-02-13,45011.0,46082.69047619047,42465.73511904762,44251.88591269841,1wk
000660.KS,2017-02-20,42421.07421875,46171.99025493421,42331.76669407895,45457.53005756579,1wk
000660.KS,2017-02-27,42063.85546875,43090.892279558124,40768.89601164411,41840.58659683519,1wk
000660.KS,2017-03-06,43939.30078125,44251.87710794588,42421.07290872713,42510.380430640245,1wk
000660.KS,2017-03-13,41751.265625,46350.60290775401,41617.30434491979,44251.87618649732,1wk
000660.KS,2017-03-20,44207.23046875,44832.38322285354,41572.6581478851,41929.88829308712,1wk
000660.KS,2017-03-27,45100.3203125,46618.548917079206,44564.474922648515,44653.782487623765,1wk
000660.KS,2017-04-03,44475.15234375,46618.533179593374,43492.76946065512,45368.227692018074,1wk
000660.KS,2017-04-10,44475.15234375,45278.92015719127,43224.8468561747,44385.8448089232,1wk
000660.KS,2017-04-17,46439.9140625,46886.451697716344,43849.99577824519,44832.37857572115,1wk
000660.KS,2017-04-24,48226.0625,48851.215162037035,45814.759375,47065.06469907407,1wk
000660.KS,2017-05-01,49922.9140625,49922.9140625,48226.07082960644,48226.07082960644,1wk
000660.KS,2017-05-08,49387.0625,51887.67325949367,48940.52486437613,50012.215189873416,1wk
000660.KS,2017-05-15,48404.68359375,50726.679485701105,47690.223319303506,49387.06647111393,1wk
000660.KS,2017-05-22,50994.609375,50994.609375,48940.53579246935,49029.8433395359,1wk
000660.KS,2017-05-29,50994.609375,52512.83767513135,50101.5339043345,51530.4546573993,1wk
000660.KS,2017-06-05,52066.2890625,52155.59659090909,49476.37073863636,51083.90625,1wk
000660.KS,2017-06-12,54031.0625,55013.44545454546,50726.683471074386,51083.91363636364,1wk
000660.KS,2017-06-19,58049.90234375,59389.51547475961,54745.52328725961,54745.52328725961,1wk
000660.KS,2017-06-26,60193.27734375,62158.04307307122,58049.89654812685,58049.89654812685,1wk
000660.KS,2017-07-03,59478.81640625,61979.42730621246,58317.81848841029,59389.508874108484,1wk
000660.KS,2017-07-10,63497.66796875,64480.05101749297,58675.06027492089,59836.05842343531,1wk
000660.KS,2017-07-17,63586.9609375,64212.11364334621,62515.27058462079,64122.80611393961,1wk
000660.KS,2017-07-24,57692.6640625,65194.496541215165,57335.43394446594,63676.26853957043,1wk
000660.KS,2017-07-31,57156.828125,60907.74497070312,56442.367773437494,56888.90549316406,1wk
000660.KS,2017-08-07,54834.8203125,59300.19655944626,54834.8203125,57156.815960912056,1wk
000660.KS,2017-08-14,59836.046875,60103.96947294776,55638.59284048507,56263.74556902985,1wk
000660.KS,2017-08-21,61086.3515625,61622.19675164474,59478.81599506579,60103.96871573465,1wk
000660.KS,2017-08-28,61354.2890625,61890.13438182314,59300.215338427945,60729.136189956334,1wk
000660.KS,2017-09-04,64837.25390625,65015.868930785124,59478.80317019628,59478.80317019628,1wk
000660.KS,2017-09-11,68945.421875,69213.34449886659,65373.1202234456,65730.35038860103,1wk
000660.KS,2017-09-18,74214.5625,75286.25293321299,69391.95555054152,69838.49323104693,1wk
000660.KS,2017-09-25,74035.9453125,77072.40145318155,72696.33230925814,74661.0980473462,1wk
000660.KS,2017-10-02,74035.9453125,74035.9453125,74035.9453125,74035.9453125,1wk
000660.KS,2017-10-09,76893.7890625,80644.70560213414,74035.94788944541,74035.94788944541,1wk
000660.KS,2017-10-16,72517.703125,77786.84657866378,70552.93776939655,76893.77141702586,1wk
000660.KS,2017-10-23,70017.1171875,75643.49267578125,68320.27378627233,73768.0341796875,1wk
000660.KS,2017-10-30,75375.5703125,76804.49107671801,70642.27028102784,71088.80801984598,1wk
000660.KS,2017-11-06,73232.1796875,75375.56055640243,72339.10432545732,74661.10026676829,1wk
000660.KS,2017-11-13,74125.25,75732.78554216867,72517.71445783133,73232.17469879518,1wk
000660.KS,2017-11-20,76000.7109375,78322.70680633078,73053.56233475322,74393.17533600176,1wk
000660.KS,2017-11-27,69124.0078125,77429.60565043605,68588.16279069768,76804.453125,1wk
000660.KS,2017-12-04,70285.0390625,70999.49943416455,67516.50512229987,69302.65605146124,1wk
000660.KS,2017-12-11,67605.8125,70999.49925693526,67516.50495376486,70552.96152575957,1wk
000660.KS,2017-12-18,68498.8828125,72160.49193285528,67784.4224963331,68052.3451148957,1wk
000660.KS,2017-12-25,69256.15625,69618.27994281046,66992.88316993463,69437.21809640522,1wk
000660.KS,2018-01-01,71791.0234375,72153.14713705864,68984.56476592056,69256.15754058954,1wk
000660.KS,2018-01-08,67355.015625,72424.74798387097,65182.27318548387,71972.09330897177,1wk
000660.KS,2018-01-15,66359.1640625,69527.74624829467,65634.91670574693,66721.28774087653,1wk
000660.KS,2018-01-22,68350.8515625,69165.62992549669,64005.366959850995,65906.51647350994,1wk
000660.KS,2018-01-29,65363.31640625,69708.80004544668,65001.192769650275,69256.14549969703,1wk
000660.KS,2018-02-05,66449.6875,67173.93477520435,61742.08021117166,63552.69839918256,1wk
000660.KS,2018-02-12,70252.0,71972.08762886598,66449.70103092783,66721.29381443298,1wk
000660.KS,2018-02-19,69980.4140625,71519.43998625485,68079.2643919793,71428.90904956339,1wk
000660.KS,2018-02-26,70070.921875,71700.47819767443,68712.95827277133,70885.7000363372,1wk
000660.KS,2018-03-05,75412.265625,77766.06983418367,69799.34789540817,70161.47161989796,1wk
000660.KS,2018-03-12,81296.796875,82292.63737124165,76317.59439379176,76860.78011901448,1wk
000660.KS,2018-03-19,75231.1875,82835.78407039712,74959.59476534296,81658.8822202166,1wk
000660.KS,2018-03-26,73601.6484375,76770.23108856089,72062.62257841328,74506.95776637454,1wk
000660.KS,2018-04-02,72696.328125,75321.72478206725,71247.83341765255,73963.76099392901,1wk
000660.KS,2018-04-09,76227.0078125,77766.03291085214,71700.46340558195,72424.71051068883,1wk
000660.KS,2018-04-16,76408.1015625,79848.27675133295,74506.9521160397,76227.03971045616,1wk
000660.KS,2018-04-23,78852.4375,80391.46326061997,72786.86538461539,75502.79319747417,1wk
000660.KS,2018-04-30,75140.671875,77856.59977409638,74778.54815512047,77313.41419427711,1wk
000660.KS,2018-05-07,77947.1328125,78580.84933943089,75140.67390752032,75140.67390752032,1wk
000660.KS,2018-05-14,79576.671875,80300.91917306598,75955.43538467008,77947.11545435153,1wk
000660.KS,2018-05-21,86185.4375,88448.71054359243,79124.0256039916,80029.33482142857,1wk
000660.KS,2018-05-28,82745.2734375,87000.22732323578,81115.71663019694,85642.26331714989,1wk
000660.KS,2018-06-04,80029.34375,83922.17381928733,79305.09629524888,82383.14797794117,1wk
000660.KS,2018-06-11,78761.9140625,81658.90400502873,77947.1356411638,80391.4709051724,1wk
000660.KS,2018-06-18,81025.1875,81025.1875,74506.96012569833,78580.85223463687,1wk
000660.KS,2018-06-25,77585.015625,80391.47476662777,74597.4946032672,80391.47476662777,1wk
000660.KS,2018-07-02,77222.8828125,79486.15604850528,75502.79515313599,76951.29002417937,1wk
000660.KS,2018-07-09,80391.4609375,81568.36295572916,77222.87858072916,77222.87858072916,1wk
000660.KS,2018-07-16,79576.671875,82564.19197952218,78942.95548919226,80300.91917306598,1wk
000660.KS,2018-07-23,77947.1328125,78218.72560975609,71157.31288109756,78128.1946773374,1wk
000660.KS,2018-07-30,75412.265625,78218.72448979592,75050.1419005102,78037.66262755102,1wk
000660.KS,2018-08-06,67988.71875,74506.94478195738,67536.0641644474,74416.41386484687,1wk
000660.KS,2018-08-13,67445.5390625,69346.68848573825,65634.92056417785,67264.47721266779,1wk
000660.KS,2018-08-20,74054.296875,74416.42057610024,67355.00840464547,67626.60118047066,1wk
000660.KS,2018-08-27,75140.671875,76317.57396460843,73782.7079254518,74325.89350527109,1wk
000660.KS,2018-09-03,68712.9765625,74959.61079545454,67083.41980607707,74416.42520998024,1wk
000660.KS,2018-09-10,70342.546875,70433.07782335907,66902.3708373552,68712.98980453669,1wk
000660.KS,2018-09-17,69437.2265625,72334.21645819752,68894.04095705671,70614.12870762713,1wk
000660.KS,2018-09-24,66178.109375,69437.22283259235,66178.109375,69437.22283259235,1wk
000660.KS,2018-10-01,63643.234375,67536.06378911807,62828.45612553343,67264.47103929588,1wk
000660.KS,2018-10-08,65544.3828125,66268.63013639502,61108.367953642955,62918.986263380524,1wk
000660.KS,2018-10-15,64095.890625,64910.668895656774,61379.963056144064,64820.13797669491,1wk
000660.KS,2018-10-22,60655.71484375,64186.42063316231,56943.94721898321,63009.51870335821,1wk
000660.KS,2018-10-29,65725.4453125,65906.5071453168,58664.03383264463,60293.59032799587,1wk
000660.KS,2018-11-05,65997.046875,66630.7633744856,62556.87159207819,65182.26851851852,1wk
000660.KS,2018-11-12,63462.17578125,67445.53631530849,63281.1139387928,65363.325127050644,1wk
000660.KS,2018-11-19,62737.9296875,63824.30076433982,59840.94014926046,63009.52245670996,1wk
000660.KS,2018-11-26,63009.51953125,66721.28720478628,62285.2721803161,62647.39585578305,1wk
000660.KS,2018-12-03,60474.6640625,64367.49423418787,59478.823786021705,64276.963299962576,1wk
000660.KS,2018-12-10,55948.11328125,60293.59780794903,55404.927715412625,59659.88131447209,1wk
000660.KS,2018-12-17,54318.55078125,56581.82373046875,52598.46333984375,55767.04546875,1wk
000660.KS,2018-12-24,56173.19921875,57844.46795583677,54966.171797520656,55337.56485020661,1wk
000660.KS,2018-12-31,54130.546875,57008.84353559177,52644.97440501715,56173.209021226416,1wk
000660.KS,2019-01-07,60444.22265625,61187.00880256337,53480.60253456221,54780.4782906106,1wk
000660.KS,2019-01-14,59979.98046875,61465.55274042183,57565.92552728328,59701.43566781154,1wk
000660.KS,2019-01-21,69264.8125,69450.50904825737,60165.68163538874,61187.01265080429,1wk
000660.KS,2019-01-28,70471.828125,71586.00722579051,65922.26346343874,69357.64902420949,1wk
000660.KS,2019-02-04,68243.4765625,72607.34513180272,67779.23522534013,70471.83498086735,1wk
000660.KS,2019-02-11,68522.015625,72050.24949186992,67036.44347052845,67779.22954776423,1wk
000660.KS,2019-02-18,71214.6328125,71678.87422588005,67779.24635348762,68986.27402827574,1wk
000660.KS,2019-02-25,64993.796875,72050.26625,64900.94859375,71771.72140625,1wk
000660.KS,2019-03-04,61929.80078125,66293.66980181784,61465.559396083205,65272.338754450895,1wk
000660.KS,2019-03-11,63229.66015625,63786.74967304515,61186.99859466777,62208.32937545889,1wk
000660.KS,2019-03-18,70657.53125,73257.28272831801,61836.945877135346,64251.00082128778,1wk
000660.KS,2019-03-25,68893.4140625,69543.35193101416,66107.96605458221,68429.17272784704,1wk
000660.KS,2019-04-01,73350.125,75578.4832278481,70100.43591772152,70193.28417721519,1wk
000660.KS,2019-04-08,72514.484375,73814.35989516646,70750.36759763124,73257.27038652368,1wk
000660.KS,2019-04-15,75949.8984375,76506.98815709047,72885.90497975245,73350.14641274449,1wk
000660.KS,2019-04-22,72978.7421875,75949.88690760179,71957.41118996502,75671.34209009224,1wk
000660.KS,2019-04-29,74650.0078125,75485.64222831157,72514.49763875933,73071.58724930037,1wk
000660.KS,2019-05-06,69079.109375,74742.85355762769,68150.62672211022,74650.00529233871,1wk
000660.KS,2019-05-13,66479.375,69729.06511871508,66293.67842178771,68614.88564944135,1wk
000660.KS,2019-05-20,62765.42578125,67593.53545673077,62208.33620330991,66665.05282683062,1wk
000660.KS,2019-05-27,60629.9140625,63415.36187547856,60072.82449990429,63043.968833748084,1wk
000660.KS,2019-06-03,60722.76171875,62765.423427943424,59608.5826046445,60537.06519973242,1wk
000660.KS,2019-06-10,58587.26171875,62951.13065818146,58123.02034221474,61372.70997796157,1wk
000660.KS,2019-06-17,61187.00390625,62579.72781913885,57937.31477617603,58308.707819613046,1wk
000660.KS,2019-06-24,64529.54296875,66479.35649730216,60908.460701438846,61187.00549123201,1wk
000660.KS,2019-07-01,63508.20703125,66572.19947574013,63508.20703125,65922.26168448465,1wk
000660.KS,2019-07-08,69357.6484375,70378.97927125168,61465.54654032798,61651.243055555555,1wk
000660.KS,2019-07-15,71307.453125,71493.14961751302,68614.8539835612,69171.94346110027,1wk
000660.KS,2019-07-22,74092.9140625,74928.54843162594,71493.16269188595,72235.94879777568,1wk
000660.KS,2019-07-29,70657.53125,74278.61366622864,69543.35204500657,73350.13099540079,1wk
000660.KS,2019-08-05,68057.7890625,70564.6926159618,66757.91314589018,70100.45121717258,1wk
000660.KS,2019-08-12,70936.0625,72328.78624018324,68243.46326897906,68429.15976767016,1wk
000660.KS,2019-08-19,69079.109375,71957.40559895833,68150.62672211022,71771.70906838037,1wk
000660.KS,2019-08-26,71864.546875,72421.63638565892,66386.50002018733,67407.83078972869,1wk
000660.KS,2019-09-02,76042.75,77992.5641025641,70843.24572649572,71493.18376068377,1wk
000660.KS,2019-09-09,76692.671875,78549.63729570218,75485.64435154358,77156.91323017555,1wk
000660.KS,2019-09-16,76321.28125,77435.46053832116,73350.13648114355,75207.10196167883,1wk
000660.KS,2019-09-23,75578.46875,77528.28182585996,74371.44160780098,76042.70995853808,1wk
000660.KS,2019-09-30,74557.15625,76971.21112235368,73257.28054950187,74835.70104296389,1wk
000660.KS,2019-10-07,74278.609375,75857.02982421876,72514.49240234375,74928.54720703125,1wk
000660.KS,2019-10-14,71864.546875,76785.50421915375,71771.69862322352,76135.56645671834,1wk
000660.KS,2019-10-21,76971.1953125,76971.1953125,71585.99708798251,72235.93480473461,1wk
000660.KS,2019-10-28,77156.9140625,77992.54851083033,75207.10034972924,77435.45887861011,1wk
000660.KS,2019-11-04,76414.109375,79292.40511087484,76135.56462636695,77992.52961725395,1wk
000660.KS,2019-11-11,79106.71875,79106.71875,74928.54698503521,76599.81569102113,1wk
000660.KS,2019-11-18,75857.0390625,80313.75616776316,74742.85978618421,79849.51480263157,1wk
000660.KS,2019-11-25,75114.234375,78085.37837994438,74928.53787469098,76414.10987716317,1wk
000660.KS,2019-12-02,74835.7109375,75949.89025666873,71307.47642679901,75114.25576729218,1wk
000660.KS,2019-12-09,81613.6328125,81892.17763438566,73721.52952573948,75485.64673101535,1wk
000660.KS,2019-12-16,88205.84375,89505.71934210527,80777.9832236842,80963.6797368421,1wk
000660.KS,2019-12-23,90084.5859375,91022.96704101562,87738.63317871094,89896.90971679687,1wk
000660.KS,2019-12-30,88677.0234375,91867.5195188492,88301.67095734127,89709.2427579365,1wk
000660.KS,2020-01-06,92805.90625,93556.61125505561,87081.78058645096,87269.45683771487,1wk
000660.KS,2020-01-13,92899.7421875,97122.45774147726,91398.33221275252,92899.7421875,1wk
000660.KS,2020-01-20,92618.2109375,94776.48738285208,92149.02040590173,93838.10631965552,1wk
000660.KS,2020-01-27,87738.6328125,92899.72886029411,87738.6328125,92618.21453041444,1wk
000660.KS,2020-02-03,93181.265625,94776.5138783988,85861.89128587613,86143.40568353474,1wk
000660.KS,2020-02-10,98060.8515625,98530.04223983253,91398.343944378,91961.37275717703,1wk
000660.KS,2020-02-17,96653.265625,99468.40928398058,94776.50318567961,98060.83745449029,1wk
000660.KS,2020-02-24,82483.6953125,94307.29668835324,82296.01910018487,94307.29668835324,1wk
000660.KS,2020-03-02,86894.1015625,89990.75960954373,82859.06228907937,84454.31037392009,1wk
000660.KS,2020-03-09,77416.4296875,86894.07744318181,71316.95340909091,86894.07744318181,1wk
000660.KS,2020-03-16,70190.90625,79574.7172459893,61745.47635360962,78542.49803643048,1wk
000660.KS,2020-03-23,78167.15625,82483.70989645859,63809.92346938775,65405.17155612245,1wk
000660.KS,2020-03-30,74695.171875,80231.6230566897,71786.18905072236,76008.90605370603,1wk
000660.KS,2020-04-06,78917.8515625,81357.64245503864,75258.16522369203,76008.87011370392,1wk
000660.KS,2020-04-13,78917.8515625,80606.93756502675,75633.51766869798,78073.30856123663,1wk
000660.KS,2020-04-20,76384.2109375,79950.058622543,75070.47757985258,78730.16336187039,1wk
000660.KS,2020-04-27,78542.5,79574.71923536439,76196.54719235364,76665.73775388292,1wk
000660.KS,2020-05-04,79762.3984375,80231.58901654412,75821.19757352941,77791.7980055147,1wk
000660.KS,2020-05-11,76853.4375,81169.99198717948,75633.54166666667,79293.22916666667,1wk
000660.KS,2020-05-18,76290.3828125,79668.55474515683,74319.78251845019,75445.83982933579,1wk
000660.KS,2020-05-25,76478.0390625,80137.72436733129,75539.65821510737,76478.0390625,1wk
000660.KS,2020-06-01,84829.6484375,85955.70571764381,77041.08558317201,77041.08558317201,1wk
000660.KS,2020-06-08,79950.078125,87269.45147447183,79293.21128594484,87269.45147447183,1wk
000660.KS,2020-06-15,80137.7421875,82014.50429961944,76947.24659689696,78917.84681462237,1wk
000660.KS,2020-06-22,79387.046875,82014.51414745863,78730.18005688534,79199.37064125296,1wk
000660.KS,2020-06-29,80137.7421875,81920.66619401347,78354.81818098653,78824.0087090164,1wk
000660.KS,2020-07-06,77697.953125,81920.66796875,77322.60069444445,80700.77256944445,1wk
000660.KS,2020-07-13,77791.7890625,78730.1701127111,76947.24611731002,77979.46527254222,1wk
000660.KS,2020-07-20,78542.5,79480.88112305854,77041.09020310633,77697.95698924731,1wk
000660.KS,2020-07-27,77697.953125,81076.125,77510.27690972222,77979.46744791667,1wk
000660.KS,2020-08-03,75633.515625,77510.27779931763,75070.48697270472,77322.60158188586,1wk
000660.KS,2020-08-10,75258.1640625,76947.2500389651,74882.81162328554,75164.32595269638,1wk
000660.KS,2020-08-17,69909.390625,75258.16279362416,66906.57116191275,75258.16279362416,1wk
000660.KS,2020-08-24,73006.0546875,75258.16948505784,69158.69190833869,70003.23495742287,1wk
000660.KS,2020-08-31,73850.59375,74788.97486499365,70284.74551302414,73381.40319250317,1wk
000660.KS,2020-09-07,73569.078125,75070.48788265306,71598.47781808036,73756.75434470664,1wk
000660.KS,2020-09-14,78542.5,78730.1762246117,74038.27060931899,74225.9468339307,1wk
000660.KS,2020-09-21,77791.7890625,80606.9322131333,75258.16022693003,78542.49390266888,1wk
000660.KS,2020-09-28,78824.03125,79668.57444196429,76290.40167410714,78261.00245535714,1wk
000660.KS,2020-10-05,77791.7890625,79293.19874283776,77228.76043237334,77885.62716752112,1wk
000660.KS,2020-10-12,80043.9140625,83515.92440284291,78354.82795098182,78730.18042020808,1wk
000660.KS,2020-10-19,78730.1875,85298.8563021454,77228.77748808105,80794.62626638856,1wk
000660.KS,2020-10-26,74976.640625,79480.86934840426,74976.640625,79105.51695478724,1wk
000660.KS,2020-11-02,80982.3046875,82296.03848312573,74319.7975811124,75258.1788637022,1wk
000660.KS,2020-11-09,84172.796875,84454.3112458194,80325.43380713489,81169.97691959309,1wk
000660.KS,2020-11-16,90835.296875,94307.30718943698,85486.52422843491,86424.90539449896,1wk
000660.KS,2020-11-23,92712.0625,95714.88233805669,90366.10950151822,91304.49070091093,1wk
000660.KS,2020-11-30,107913.8515625,112136.56749320653,91304.50223505434,93556.61739809783,1wk
000660.KS,2020-12-07,108383.0234375,113544.11979166667,106975.45170454546,111198.1669034091,1wk
000660.KS,2020-12-14,111198.1875,112136.56882911392,107913.85284810126,108852.23417721518,1wk
000660.KS,2020-12-21,110728.9765625,111198.16714115466,105567.88019729873,110728.9765625,1wk
000660.KS,2020-12-28,112336.1328125,113284.11705564347,108070.20371835443,112810.12493407173,1wk
000660.KS,2021-01-04,130821.796875,130821.796875,114232.07625679349,118024.01239809782,1wk
000660.KS,2021-01-11,120867.96875,132717.76960784313,118972.0006127451,130821.80147058824,1wk
000660.KS,2021-01-18,121815.9765625,127977.87420963036,118498.03167558367,119446.01592898833,1wk
000660.KS,2021-01-25,116128.0625,127977.86479591836,115180.07831632653,123237.94387755102,1wk
000660.KS,2021-02-01,120867.96875,125607.88909313726,111862.12009803922,114706.07230392157,1wk
000660.KS,2021-02-08,119446.0,123237.9365079365,118024.0238095238,120867.97619047618,1wk
000660.KS,2021-02-15,126081.890625,127029.8747650376,118972.00957471805,123237.93820488722,1wk
000660.KS,2021-02-22,134139.71875,141723.58977473498,124659.87996908127,128925.8074204947,1wk
000660.KS,2021-03-01,132717.796875,142671.631640625,129399.85195312499,134139.7732700893,1wk
000660.KS,2021-03-08,132717.796875,135561.74966517856,123711.94637276785,135561.74966517856,1wk
000660.KS,2021-03-15,130821.796875,137457.68512228262,128925.82880434782,134139.7409986413,1wk
000660.KS,2021-03-22,127977.84375,132717.7638888889,123711.91562500001,131295.78784722224,1wk
000660.KS,2021-03-29,133665.765625,135561.7339317376,124659.91616799646,128451.85278147164,1wk
000660.KS,2021-04-05,132717.796875,139353.68671875,132243.80474330357,134613.7654017857,1wk
000660.KS,2021-04-12,130347.8125,133191.76477272727,128451.84431818181,133191.76477272727,1wk
000660.KS,2021-04-19,125607.8984375,131769.79534198114,121815.96188089623,130821.81120283018,1wk
000660.KS,2021-04-26,121341.953125,128925.8251953125,119919.9771118164,125607.88116455078,1wk
000660.KS,2021-05-03,122763.9453125,125607.89771356178,120393.98497828185,120867.97704512547,1wk
000660.KS,2021-05-10,112336.1328125,124185.93585179326,109492.18008306963,124185.93585179326,1wk
000660.KS,2021-05-17,116128.0625,118972.01505102041,110914.14948979592,113758.10204081633,1wk
000660.KS,2021-05-24,118498.015625,119919.9918125,112810.110875,115654.06324999999,1wk
000660.KS,2021-05-31,121815.9765625,123237.95294260701,117550.04742217899,119446.01592898833,1wk
000660.KS,2021-06-07,121341.953125,123237.92114257812,114232.07305908203,122763.9291381836,1wk
000660.KS,2021-06-14,118024.03125,122763.95218373493,118024.03125,120393.99171686747,1wk
000660.KS,2021-06-21,121815.9765625,122289.96868920235,114232.10253526265,114706.09466196499,1wk
000660.KS,2021-06-28,116128.0625,122763.95178571428,115180.07831632653,122289.95969387755,1wk
000660.KS,2021-07-05,113284.1171875,119446.0147751046,111862.14082112971,117076.05416448745,1wk
000660.KS,2021-07-12,115180.0859375,117550.04655349794,113284.11744470165,114706.09381430042,1wk
000660.KS,2021-07-19,112336.1328125,113758.1091772152,110440.16432621308,112810.12493407173,1wk
000660.KS,2021-07-26,106648.21875,113758.09999999999,106648.21875,113284.10791666666,1wk
000660.KS,2021-08-02,111862.125,116602.04555084747,107122.20444915254,107596.19650423729,1wk
000660.KS,2021-08-09,96220.40625,111862.14716748768,93755.64707512315,111388.1550184729,1wk
000660.KS,2021-08-16,97168.375,100012.32743902439,95272.40670731707,96220.39085365854,1wk
000660.KS,2021-08-23,98116.359375,100960.31182065218,95746.39900362318,99064.34352355072,1wk
000660.KS,2021-08-30,101434.3046875,102856.28092143692,96694.38390771027,99538.33637558411,1wk
000660.KS,2021-09-06,99538.3359375,101908.29631696429,97642.36763392857,100960.31216517858,1wk
000660.KS,2021-09-13,101434.3046875,102856.28092143692,98590.35221962618,99538.33637558411,1wk
000660.KS,2021-09-20,98590.3359375,101434.28793569711,98590.3359375,101434.28793569711,1wk
000660.KS,2021-09-27,94798.3984375,100012.3103515625,94419.20484374999,98590.33437499999,1wk
000660.KS,2021-10-04,89110.5078125,94798.41256648937,88636.51574966755,94798.41256648937,1wk
000660.KS,2021-10-11,93281.6328125,93376.43121982978,85792.55863344767,89110.50288998983,1wk
000660.KS,2021-10-18,93376.4375,94040.02639593909,90532.48508883249,93186.84067258883,1wk
000660.KS,2021-10-25,97642.3671875,102856.279998483,93186.84169447815,94324.4226714199,1wk
000660.KS,2021-11-01,101434.3046875,103330.27299941589,97168.37598568926,98116.3601416472,1wk
000660.KS,2021-11-08,100960.3046875,104278.2489730047,98590.34448356807,101434.29672828638,1wk
000660.KS,2021-11-15,105700.234375,107122.21062219731,102382.28979820627,102856.28188060538,1wk
000660.KS,2021-11-22,109492.1640625,116128.05279356061,107122.20380140693,110440.14816693723,1wk
000660.KS,2021-11-29,111862.125,114232.08527542374,106174.22033898305,107122.20444915254,1wk
000660.KS,2021-12-06,114232.0859375,118498.01445798755,109492.1653591805,109966.15741701245,1wk
000660.KS,2021-12-13,115654.0546875,118971.9988793545,113758.08657786886,114706.07063268442,1wk
000660.KS,2021-12-20,121341.953125,123237.92114257812,114232.07305908203,115180.0570678711,1wk
000660.KS,2021-12-27,125704.2109375,128103.14626073472,119466.97909708969,123305.27561426527,1wk
000660.KS,2022-01-03,121865.9296875,127143.58805979331,116588.2713152067,126663.80093503937,1wk
000660.KS,2022-01-10,123305.3046875,124744.66622081713,118027.64573200389,121386.15597641052,1wk
000660.KS,2022-01-17,114189.3515625,123305.30819984243,113229.77717962184,122345.73381696428,1wk
000660.KS,2022-01-24,115628.6953125,116588.2695474585,106512.7400803942,111790.39837266598,1wk
000660.KS,2022-01-31,119467.0,121865.93574297188,115628.70281124498,115628.70281124498,1wk
000660.KS,2022-02-07,126663.796875,127143.583984375,114669.119140625,118027.62890625,1wk
000660.KS,2022-02-14,126184.0390625,128582.97516634982,121865.95407557035,124744.67740019012,1wk
000660.KS,2022-02-21,118027.640625,126184.02229420732,117068.0663109756,126184.02229420732,1wk
000660.KS,2022-02-28,123785.0703125,124264.85740673449,118027.62518168605,118027.62518168605,1wk
000660.KS,2022-03-07,113229.7578125,116108.48046875,111790.396484375,114189.33203125,1wk
000660.KS,2022-03-14,118987.203125,119946.77734375,109871.248046875,110830.822265625,1wk
000660.KS,2022-03-21,113229.7578125,119466.990234375,113229.7578125,118987.203125,1wk
000660.KS,2022-03-28,111589.5859375,118323.44026131467,111589.5859375,113032.55472117457,1wk
000660.KS,2022-04-04,107741.671875,113513.54715401786,106298.70305524554,110627.60951450893,1wk
000660.KS,2022-04-11,103893.7578125,108703.65400752315,102931.77857349538,106779.69552951389,1wk
000660.KS,2022-04-18,106298.7109375,110627.61771776018,102450.79379949094,102931.78344174208,1wk
000660.KS,2022-04-25,108222.640625,108222.640625,103412.7454861111,104855.71402777778,1wk
000660.KS,2022-05-02,103412.75,107741.65581395349,102450.77093023255,105817.69767441861,1wk
000660.KS,2022-05-09,108222.640625,108222.640625,102450.76645833334,102931.75597222222,1wk
000660.KS,2022-05-16,108222.640625,110627.58819444444,105817.69305555556,109184.61965277778,1wk
000660.KS,2022-05-23,101969.796875,109184.64099351416,97640.89040389152,108703.65138561321,1wk
000660.KS,2022-05-30,102931.7734375,104374.742224007,101488.80465099298,103893.75262850468,1wk
000660.KS,2022-06-06,99564.84375,103412.76041666667,98602.86458333334,102931.77083333334,1wk
000660.KS,2022-06-13,92734.796875,97640.8909005446,91388.02596602697,96197.92206950208,1wk
000660.KS,2022-06-20,88117.2890625,93119.58058133187,86289.52869984989,93023.38266750818,1wk
000660.KS,2022-06-27,84438.9921875,92738.13884821428,84052.98536607143,89457.08086607142,1wk
000660.KS,2022-07-04,91483.625,93124.15414029536,83280.9792985232,84438.99986814347,1wk
000660.KS,2022-07-11,95247.1953125,95536.70046542554,88492.07507757093,91676.63175975178,1wk
000660.KS,2022-07-18,96501.7109375,100844.28792968749,95247.18869531249,97466.728046875,1wk
000660.KS,2022-07-25,94475.171875,97949.23335354954,93992.66333631256,95633.19236784984,1wk
000660.KS,2022-08-01,95054.1796875,95247.183098033,92738.13876110406,93799.65751903554,1wk
000660.KS,2022-08-08,90036.078125,94282.15254890139,88588.55275321544,94282.15254890139,1wk
000660.KS,2022-08-15,93027.640625,94185.66104771783,90036.08786631224,90036.08786631224,1wk
000660.KS,2022-08-22,91773.1328125,93413.66200052577,88878.08130421925,91869.6345294427,1wk
000660.KS,2022-08-29,88492.0546875,92159.11911293621,88395.55299209378,89457.07164156216,1wk
000660.KS,2022-09-05,87237.5390625,89650.08162506914,86755.03054998617,88588.56289753872,1wk
000660.KS,2022-09-12,88009.546875,91869.61472039473,86851.52652138157,87237.53330592105,1wk
000660.KS,2022-09-19,80578.90625,88299.04098053892,80385.90288173653,87623.52919161678,1wk
000660.KS,2022-09-26,80490.3046875,81265.18126692239,77875.09623194946,78940.55152865524,1wk
000660.KS,2022-10-03,88335.9140625,89110.79050164473,80490.29011615954,80490.29011615954,1wk
000660.KS,2022-10-10,92500.8828125,93566.33800719895,85236.41557591622,88335.92159685864,1wk
000660.KS,2022-10-17,87657.90625,93178.90145027624,86205.0127762431,91629.1484116022,1wk
000660.KS,2022-10-24,80780.8671875,92500.87309839627,80393.42897556954,89304.50784997002,1wk
000660.KS,2022-10-31,81846.34375,82814.93953402367,78843.69681952662,81652.62459319527,1wk
000660.KS,2022-11-07,90563.703125,92307.17548462567,82330.63920454546,82718.0775066845,1wk
000660.KS,2022-11-14,85623.8515625,90951.12739500849,79424.83968467196,90951.12739500849,1wk
000660.KS,2022-11-21,82427.4921875,84945.84094998532,82233.7730519242,84848.98138219741,1wk
000660.KS,2022-11-28,79327.984375,84558.4009271978,79231.12480921856,81458.8948221917,1wk
000660.KS,2022-12-05,78940.546875,79715.42340874234,75744.18117331289,79327.98514187116,1wk
000660.KS,2022-12-12,75937.890625,80102.85146285077,75066.1546356824,77584.50304926658,1wk
000660.KS,2022-12-19,75356.734375,77584.50415729434,74872.43659624035,75841.03215375963,1wk
000660.KS,2022-12-26,72928.8046875,75554.24165625,72637.08946875,75554.24165625,1wk
000660.KS,2023-01-02,80805.125,81291.31708784598,71081.28324308063,73026.0515944645,1wk
000660.KS,2023-01-09,83333.328125,85958.76553383897,81194.08282890898,82555.42074460327,1wk
000660.KS,2023-01-16,85180.8515625,85375.32839255137,81680.26862157535,83625.03692208904,1wk
000660.KS,2023-01-23,88973.1484375,90237.24781420766,85180.85030737706,85180.85030737706,1wk
000660.KS,2023-01-30,89653.8359375,92279.2736493357,84402.96051382864,88778.69003355478,1wk
000660.KS,2023-02-06,90917.9296875,92376.50609959893,86347.72359625669,88875.9227105615,1wk
000660.KS,2023-02-13,89459.3203125,91598.56492866848,87417.31408797554,89459.3203125,1wk
000660.KS,2023-02-20,88486.953125,91404.10542582418,86055.99287431319,90140.00609546703,1wk
000660.KS,2023-02-27,84889.140625,88486.96216351661,84791.9022050401,87611.81638387743,1wk
000660.KS,2023-03-06,80999.609375,87514.58395858343,80805.1325217587,85472.57699954981,1wk
000660.KS,2023-03-13,81680.28125,82458.18869047619,74581.87585565475,80902.37380952381,1wk
000660.KS,2023-03-20,84889.140625,88195.24690363689,80610.65014676403,81485.79592640321,1wk
000660.KS,2023-03-27,86451.6875,88305.61759311512,82646.25204571107,85378.3595513544,1wk
000660.KS,2023-04-03,86939.5625,87525.01409932661,80694.74544051627,87525.01409932661,1wk
000660.KS,2023-04-10,87134.71875,90257.12748460246,86061.3907474804,86549.26711226204,1wk
000660.KS,2023-04-17,86939.5625,87622.58936588104,84109.87976992145,86841.98723344557,1wk
000660.KS,2023-04-24,87329.859375,89183.78935055865,81670.49418645252,85963.80570879889,1wk
000660.KS,2023-05-01,86549.2578125,88695.91358687993,85378.35466283822,87329.85991227452,1wk
000660.KS,2023-05-08,85085.6328125,87817.74028813074,82938.97693879013,87525.0144871703,1wk
000660.KS,2023-05-15,94940.7421875,95526.19383511049,83426.85978449383,84890.48890352005,1wk
000660.KS,2023-05-22,106552.1796875,107820.6580171131,93964.97164749313,95331.02523323032,1wk
000660.KS,2023-05-29,107625.53125,110650.36485720762,103429.79431097009,106552.20319582956,1wk
000660.KS,2023-06-05,112601.8671875,112797.01773721838,104112.81827475087,107430.37761996318,1wk
000660.KS,2023-06-12,116016.9921875,118163.64805640244,111235.80411585365,111626.10518292683,1wk
000660.KS,2023-06-19,110845.5,115626.68794014084,109772.17209507042,115138.81161971831,1wk
000660.KS,2023-06-26,112702.5078125,114854.81264919705,108397.8981391059,110648.03501383464,1wk
000660.KS,2023-07-03,109376.2265625,116322.30177353532,108789.2342911449,112800.34814540474,1wk
000660.KS,2023-07-10,115441.8203125,117594.12543697034,107321.76007018008,109376.23314353813,1wk
000660.KS,2023-07-17,112604.6796875,116517.96134475457,110745.87090030409,114365.65643326456,1wk
000660.KS,2023-07-24,125225.015625,126203.33605957031,108887.06436767578,111626.36158447266,1wk
000660.KS,2023-07-31,117496.3046875,125714.19777138843,114659.17493234805,125225.03746877602,1wk
000660.KS,2023-08-07,112800.3515625,122192.22818869255,112604.68746612099,117985.4501165438,1wk
000660.KS,2023-08-14,114659.15625,116126.63691872866,109376.2258425768,112115.52309087031,1wk
000660.KS,2023-08-21,113974.3125,120920.38648068669,111626.3438304721,114756.96872317597,1wk
000660.KS,2023-08-28,117398.453125,120137.75036458333,112996.01113281249,114463.491796875,1wk
000660.KS,2023-09-04,111235.046875,118376.78691182937,110354.5583773087,115735.3214187555,1wk
000660.KS,2023-09-11,119746.421875,121703.06275531046,110452.37769352533,111235.03404564952,1wk
000660.KS,2023-09-18,114756.9921875,120235.58686993818,111626.36665467818,117691.95362452045,1wk
000660.KS,2023-09-25,112501.828125,115444.33452757192,110147.82300294246,113678.83068602877,1wk
000660.KS,2023-10-02,118092.5859375,120544.67451593647,110834.40374532808,112501.82397866486,1wk
000660.KS,2023-10-09,122310.1796875,123879.51639559944,116915.58475340818,118092.58728448275,1wk
000660.KS,2023-10-16,123781.4453125,128293.28880249603,120054.27025554674,122310.19200054476,1wk
000660.KS,2023-10-23,116817.5,126527.77078085642,115248.16330814442,124369.932829555,1wk
000660.KS,2023-10-30,123389.1015625,124762.27121422892,114071.16464005366,116817.50394351152,1wk
000660.KS,2023-11-06,127999.03125,130941.53771551723,123389.10445402298,123389.10445402298,1wk
000660.KS,2023-11-13,127410.5078125,131824.26674364897,126625.83955807352,130451.09729840262,1wk
000660.KS,2023-11-20,125546.9453125,130745.3735168457,125546.9453125,126822.03147583008,1wk
000660.KS,2023-11-27,130058.796875,131333.88311887256,125939.28747171946,126723.95592948719,1wk
000660.KS,2023-12-04,125056.515625,132020.44708333333,122114.009375,130843.44458333333,1wk
000660.KS,2023-12-11,137316.96875,137316.96875,124860.35801339285,126233.52770089285,1wk
000660.KS,2023-12-18,137905.46875,140946.05874377667,135453.3800453414,136336.13197901848,1wk
000660.KS,2023-12-25,139084.359375,139575.82354240282,136823.624204947,138199.7238736749,1wk
000660.KS,2024-01-01,135152.640625,140362.16059090907,133481.66252272727,139084.35380681817,1wk
000660.KS,2024-01-08,131810.71875,137118.53292785236,129844.86164709172,135152.67582494408,1wk
000660.KS,2024-01-15,138887.78125,138887.78125,126797.76207537155,132498.74672682237,1wk
000660.KS,2024-01-22,133678.234375,142917.75939797793,133678.234375,142721.17375919118,1wk
000660.KS,2024-01-29,132597.0,135447.49147516678,129451.63009636768,133186.75685693105,1wk
000660.KS,2024-02-05,140362.140625,140558.72625612744,129451.63809742646,132597.0081954657,1wk
000660.KS,2024-02-12,144293.890625,150093.16824548706,142426.32664552113,144293.890625,1wk
000660.KS,2024-02-19,158644.625,164050.73056071872,143507.52942998763,143704.11508674102,1wk
000660.KS,2024-02-26,153533.390625,161986.57346350834,150682.89873759603,155695.83274647887,1wk
000660.KS,2024-03-04,168965.390625,171914.17580170155,157956.5926319808,158251.47114965096,1wk
000660.KS,2024-03-11,158448.03125,166802.92123526675,155892.41784274194,162183.158537531,1wk
000660.KS,2024-03-18,166901.21875,170931.2246208775,151469.24504932272,158448.03570376913,1wk
000660.KS,2024-03-25,180174.171875,181060.27435963115,165898.07628927595,167867.1929217896,1wk
000660.KS,2024-04-01,179977.296875,187558.39745452683,175448.32769762035,183521.707535558,1wk
000660.KS,2024-04-08,184506.25,188444.48372465317,177220.51760939168,181060.2954909285,1wk
000660.KS,2024-04-15,170623.96875,185490.80041834968,166882.64687319676,182537.1252524524,1wk
000660.KS,2024-04-22,175054.46875,177417.4087106299,164421.23892716537,168064.10469980314,1wk
000660.KS,2024-04-29,170525.53125,177614.3524105081,166390.38557303694,176334.42636763857,1wk
000660.KS,2024-05-06,177122.0625,178106.6209352418,172691.5495414119,176629.7832823791,1wk
000660.KS,2024-05-13,186967.625,191004.3141126909,176235.93931016326,177220.49763033175,1wk
000660.KS,2024-05-20,195533.296875,200849.9121978852,185687.7129437311,189330.5789983006,1wk
000660.KS,2024-05-27,186278.4375,206757.25092494715,185293.87916226214,200357.62172965115,1wk
000660.KS,2024-06-03,204295.859375,204295.859375,185293.88305722893,186573.8089231928,1wk
000660.KS,2024-06-10,217587.421875,223002.49346012445,201834.486354638,202819.04482466064,1wk
000660.KS,2024-06-17,230386.65625,239247.6814903846,215618.28084935897,215618.28084935897,1wk
000660.KS,2024-06-24,233143.1875,235607.70322410148,211948.35227272726,224763.83403805495,1wk
000660.KS,2024-07-01,232650.28125,237086.40949417374,221806.41220868644,230185.76555879237,1wk
000660.KS,2024-07-08,229692.828125,244972.8231290236,226735.40973712446,230678.63425429186,1wk
000660.KS,2024-07-15,206526.40625,232157.36836217184,204061.89066229117,231664.4652446301,1wk
000660.KS,2024-07-22,189077.640625,209483.83020235924,183458.5449442779,206033.5082931439,1wk
000660.KS,2024-07-29,170741.65625,198639.97537168014,169953.0111864896,192232.23423065818,1wk
000660.KS,2024-08-05,169065.765625,170347.3137026239,149448.22197521865,165615.443877551,1wk
000660.KS,2024-08-12,196865.53125,197161.27315973962,170150.17873685528,172023.2108318728,1wk
000660.KS,2024-08-19,182867.078125,199625.78609332885,182768.49748989218,197062.68958052562,1wk
000660.KS,2024-08-26,171234.5625,185824.49643782384,164826.8212435233,185134.43199481865,1wk
000660.KS,2024-09-02,154180.109375,172417.52640465152,150729.7872342551,171135.9781809463,1wk
000660.KS,2024-09-09,160489.234375,168868.58629261365,148363.8192471591,149645.3671875,1wk
000660.KS,2024-09-16,154870.15625,158517.6392425207,142646.15919398473,152504.22133593253,1wk
000660.KS,2024-09-23,181492.15625,186923.09672538083,153744.98763941784,153843.7320116975,1wk
000660.KS,2024-09-30,171913.953125,181492.15729106835,166976.73448269672,181393.41291822228,1wk
000660.KS,2024-10-07,182578.34375,182578.34375,173790.09464575446,176159.95957274202,1d
000660.KS,2024-10-08,175764.984375,182677.09050210673,175764.984375,179912.24805126403,1d
000660.KS,2024-10-10,184355.765625,185738.18700622657,181097.20094068022,182183.38916878682,1d
000660.KS,2024-10-11,183664.5625,188799.27069892475,182775.86300403226,187614.3380376344,1d
000660.KS,2024-10-14,183664.5625,189885.4589717742,184553.26199596774,184553.26199596774,1d
000660.KS,2024-10-15,190477.890625,190774.1237363919,187318.07077015293,189490.4469203603,1d
000660.KS,2024-10-16,186330.625,190082.91103603604,181294.66216216216,182380.8502252252,1d
000660.KS,2024-10-17,193539.0,193539.0,186330.65969387753,188799.2693877551,1d
000660.KS,2024-10-18,184948.25,195711.38894821142,183862.06166577683,195711.38894821142,1d
000660.KS,2024-10-21,188503.015625,189885.4369025013,185639.428693033,187021.8499705343,1d
000660.KS,2024-10-22,185441.9375,192847.7656749201,185145.7043730032,192847.7656749201,1d
000660.KS,2024-10-23,193539.0,194230.2107142857,185639.44897959183,186133.17091836734,1d
000660.KS,2024-10-24,195711.359375,199463.645780777,187614.32028884965,191070.37355732845,1d
000660.KS,2024-10-25,198476.1875,203413.40609452737,196896.27754975125,200451.07493781095,1d
000660.KS,2024-10-28,193539.0,202425.99489795917,191761.60102040815,200944.82908163263,1d
000660.KS,2024-10-29,187910.5625,194526.4362191277,186725.62989358907,193538.99238045193,1d
000660.KS,2024-10-30,192551.53125,192946.50874999998,187021.84625,187811.80125,1d
000660.KS,2024-10-31,183960.78125,190477.910376409,183763.29248859367,187515.578955314,1d
000660.KS,2024-11-01,179912.265625,182578.3639630214,178233.61111587542,180208.49877366904,1d
000660.KS,2024-11-04,191564.09375,191564.09375,181393.42279317012,182874.58846649484,1d
000660.KS,2024-11-05,190774.140625,196303.82586050726,189687.95245373965,191169.11814182193,1d
000660.KS,2024-11-06,193341.5,196698.80898876404,190280.42415730338,195217.64325842698,1d
000660.KS,2024-11-07,193341.5,195810.10955056178,190675.40168539327,194921.41011235956,1d
000660.KS,2024-11-08,197982.46875,200451.07808603492,196303.81440149626,197982.46875,1d
000660.KS,2024-11-11,190181.65625,196797.52902712877,189984.16751038423,196797.52902712877,1d
000660.KS,2024-11-12,183467.078125,190082.9523092707,182578.3786077099,190082.9523092707,1d
000660.KS,2024-11-13,180603.46875,187120.59774808638,180307.23561372334,183368.31135524876,1d
000660.KS,2024-11-14,170827.796875,182578.37943460984,169544.11978865607,180603.49160946533,1d
000660.KS,2024-11-15,175962.5,176752.45510662178,171420.25813692482,171815.2356902357,1d
000660.KS,2024-11-18,169544.109375,175567.51687172396,168161.68798230926,171617.7414640361,1d
000660.KS,2024-11-19,168457.9375,170729.0585800117,165989.32763042205,168260.44871043376,1d
000660.KS,2024-11-20,168457.9375,172901.43526524032,168062.95992086752,172802.6908704572,1d
000660.KS,2024-11-21,166680.515625,170827.7796393661,166088.04933723342,166088.04933723342,1d
000660.KS,2024-11-22,174481.296875,175962.46238327672,169050.35667798528,169544.07851407753,1d
000660.KS,2024-11-25,174777.5625,177246.1721398305,171716.48654661016,172308.9528601695,1d
000660.KS,2024-11-26,174876.296875,175468.76315464426,172506.4317564229,173000.15365612647,1d
000660.KS,2024-11-27,166186.8125,173493.8975415924,165791.8349301842,173395.15314913844,1d
000660.KS,2024-11-28,159077.203125,164211.9111091713,158780.96997206705,162533.25657588456,1d
000660.KS,2024-11-29,157892.265625,160360.87515634773,155621.1448561601,157991.01000625393,1d
000660.KS,2024-12-02,156806.09375,160657.12501967885,156608.60496693954,160163.4030620277,1d
000660.KS,2024-12-03,162829.5,163026.98878107945,157102.32534869618,157201.06973923589,1d
000660.KS,2024-12-04,165890.5625,165890.5625,159077.20011160715,159274.6888764881,1d
000660.KS,2024-12-05,170827.796875,173395.15104768786,167174.25439848268,167865.46513728326,1d
000660.KS,2024-12-06,165001.84375,171420.2278575703,162928.21196140035,171321.48348668462,1d
000660.KS,2024-12-09,166779.265625,168457.92016355833,162928.23462477798,165001.8667018206,1d
000660.KS,2024-12-10,168260.453125,168260.453125,165495.60999853286,165890.58758802817,1d
000660.KS,2024-12-11,169642.84375,169642.84375,164903.113540454,165298.09105791617,1d
000660.KS,2024-12-12,173888.859375,175172.53636073254,171321.50540353492,174283.83690907157,1d
000660.KS,2024-12-13,173296.390625,174185.09006410258,171321.50298254986,172210.20242165242,1d
000660.KS,2024-12-16,177048.65625,178134.84432515336,175073.76884063022,175172.5132110987,1d
000660.KS,2024-12-17,181689.65625,182183.3781419837,179813.51306046196,180702.2124660326,1d
000660.KS,2024-12-18,181195.9375,181590.91502043596,179319.79427792915,181097.19311989102,1d
000660.KS,2024-12-19,172802.65625,174580.055,170827.76875,171716.46812499998,1d
000660.KS,2024-12-20,166384.296875,172605.1934347181,165001.87541728487,171913.98270586054,1d
000660.KS,2024-12-23,167470.46875,171124.01081589033,167470.46875,167865.44627063678,1d
000660.KS,2024-12-24,166384.296875,169741.60612945104,166186.8080953264,169544.11734977746,1d
000660.KS,2024-12-26,167964.1875,169840.3306878307,167272.97685185185,167865.44312169313,1d
000660.KS,2024-12-27,172308.953125,173790.1189111748,167865.45576647564,167964.20015222064,1d
000660.KS,2024-12-30,171716.5,173592.64347326048,170235.33410005752,171815.2443933295,1d
000660.KS,2025-01-02,169050.375,170037.8187792056,167865.44246495326,168359.16435455607,1d
000660.KS,2025-01-03,179616.015625,180405.97061400497,170926.5107459456,172308.93197670425,1d
000660.KS,2025-01-06,197291.28125,197291.28125,182084.64595845845,182084.64595845845,1d
000660.KS,2025-01-07,192551.53125,203907.134375,192354.04249999998,202425.96875,1d
000660.KS,2025-01-08,192255.296875,195612.60560317154,188601.7550237545,190675.3868852722,1d
000660.KS,2025-01-09,202425.984375,203413.4282012195,197291.27647865855,198476.20907012196,1d
000660.KS,2025-01-10,200944.8125,209831.80666461916,199957.3687039312,205388.3095823096,1d
000660.KS,2025-01-13,191860.328125,200451.0890858209,191465.35060955997,200451.0890858209,1d
000660.KS,2025-01-14,192551.53125,195415.11812499998,191169.11,191860.320625,1d
000660.KS,2025-01-15,195711.359375,198476.20198978306,195217.63747950303,195513.8706168012,1d
000660.KS,2025-01-16,207363.1875,207363.1875,203907.134375,205882.02187499998,1d
000660.KS,2025-01-17,211806.703125,214769.03463723778,206375.76201923078,206869.48393793707,1d
000660.KS,2025-01-20,209338.078125,216250.18447818398,207856.91247788916,216250.18447818398,1d
000660.KS,2025-01-21,215262.734375,217237.6218463303,211312.95943233947,213781.5687715023,1d
000660.KS,2025-01-22,222668.59375,224149.75956208425,214275.32081485586,218718.81825110863,1d
000660.KS,2025-01-23,216743.90625,222668.5688354214,212300.40931093393,218225.07189635537,1d
000660.KS,2025-01-24,218225.078125,224149.74087952488,214769.02485152715,217731.3562287896,1d
000660.KS,2025-01-31,196698.796875,201932.24879988705,192354.04433358434,194526.42060429216,1d
000660.KS,2025-02-03,188503.015625,190774.1362951807,184553.24054642481,189095.48188678626,1d
000660.KS,2025-02-04,188700.5,191860.31998953427,187713.05625327054,190477.89874411302,1d
000660.KS,2025-02-05,196303.828125,196896.2944070674,189490.46588122484,189490.46588122484,1d
000660.KS,2025-02-06,200944.8125,202425.9781941032,197982.4811117936,199463.6468058968,1d
000660.KS,2025-02-07,200451.09375,203413.42518472904,197982.4842210591,202425.9813731527,1d
000660.KS,2025-02-10,195612.609375,200451.08381183745,194526.42123611813,195316.37624621403,1d
000660.KS,2025-02-11,197192.53125,198969.93012956934,195513.87675262894,198476.20821857787,1d
000660.KS,2025-02-12,196402.5625,197390.00625314226,193538.97561588738,194032.6974924585,1d
000660.KS,2025-02-13,205882.03125,205882.03125,195612.6157823741,196303.82643884892,1d
000660.KS,2025-02-14,207363.1875,209338.07499999998,203907.134375,206375.74375,1d
000660.KS,2025-02-17,209338.078125,213287.85318396226,208350.63436025943,208844.35624262973,1d
000660.KS,2025-02-18,207363.1875,212300.40625,204400.85624999998,209338.07499999998,1d
000660.KS,2025-02-19,215756.46875,216743.91254290618,211312.97168192218,213287.85926773454,1d
000660.KS,2025-02-20,209338.078125,215756.46259581367,208350.63436025943,214275.29694870283,1d
000660.KS,2025-02-21,206869.46875,208350.6343973747,202919.69369033413,206869.46875,1d
000660.KS,2025-02-24,202425.984375,202425.984375,198476.20907012196,199957.37480945123,1d
000660.KS,2025-02-25,197982.46875,199463.63435162095,196698.79189526185,197291.2581359102,1d
000660.KS,2025-02-26,200451.09375,203413.42518472904,196106.34097906403,196501.31850369458,1d
000660.KS,2025-02-27,197970.5,203734.70130522086,196877.2894076305,203237.7873995984,1d
000660.KS,2025-02-28,189026.0625,191808.78055993692,187535.32068217665,190417.42152996844,1d
000660.KS,2025-03-04,184951.34375,186342.7025960505,182864.30548092423,183659.3676786674,1d
000660.KS,2025-03-05,191908.15625,193200.13244432936,185448.2752783532,187038.39982522008,1d
000660.KS,2025-03-06,191212.46875,192802.59323024948,189125.43036967257,192305.67933017152,1d
000660.KS,2025-03-07,191212.46875,191609.99987006237,186740.24364929835,189821.10982978172,1d
000660.KS,2025-03-10,186740.25,190318.03020223524,186143.95329962746,186342.71886641832,1d
000660.KS,2025-03-11,186640.859375,187833.45272563898,180180.97872570556,180976.04095946485,1d
000660.KS,2025-03-12,197672.34375,198119.56624717196,188529.12825226245,191212.46323529413,1d
000660.KS,2025-03-13,198467.40625,203237.77955996495,194293.32960378067,201250.12401414622,1d
000660.KS,2025-03-14,203237.765625,204728.5071821516,197274.79939639365,197274.79939639365,1d
000660.KS,2025-03-17,204728.515625,208206.9127351335,202243.94626061892,205722.3433707524,1d
000660.KS,2025-03-18,201747.046875,207710.01377770936,199759.39124076357,207213.09986915026,1d
000660.KS,2025-03-19,204231.625,208206.93643552312,199759.3996350365,200753.22749391728,1d
000660.KS,2025-03-20,208703.828125,209697.6558779762,204231.60323660716,205722.34486607145,1d
000660.KS,2025-03-21,214169.890625,218145.2018198956,210691.49332946635,212182.2350275522,1d
000660.KS,2025-03-24,210194.59375,213176.07734929078,208206.93801713947,210194.59375,1d
000660.KS,2025-03-25,206716.1875,214169.89618389425,206716.1875,213176.068359375,1d
000660.KS,2025-03-26,212679.171875,214169.9137339369,207213.1183922313,207710.0323452103,1d
000660.KS,2025-03-27,205722.359375,210691.49849033816,205225.4454634662,206716.18719806764,1d
000660.KS,2025-03-28,198069.875,203237.77941545408,197672.34389111892,201747.03775715,1d
000660.KS,2025-03-31,189522.96875,194293.3423734924,189324.20318235448,192305.68669703722,1d
000660.KS,2025-04-01,195784.0625,197274.8040926396,190814.923857868,192405.04822335026,1d
000660.KS,2025-04-02,196678.53125,200256.3115051794,196082.23454080345,197572.97631379485,1d
000660.KS,2025-04-03,193398.890625,193398.890625,187038.39268049845,188429.75160585818,1d
000660.KS,2025-04-04,181075.40625,188429.73120197584,177298.86100439078,186740.2241184138,1d
000660.KS,2025-04-07,163782.828125,171733.45084951457,163782.828125,166963.07721480582,1d
000660.KS,2025-04-08,168453.828125,172031.60854535399,167161.8518620944,170938.39786135693,1d
000660.KS,2025-04-09,163981.59375,168950.73295454547,161695.7897159091,168950.73295454547,1d
000660.KS,2025-04-10,182069.25,188727.89615174674,178889.00109170307,188529.13059497817,1d
000660.KS,2025-04-11,179684.078125,180677.9059907356,175013.08715604257,176702.59452779315,1d
000660.KS,2025-04-14,179087.75,183261.82630410657,176901.32907880135,181771.08476692566,1d
000660.KS,2025-04-15,179485.28125,181274.17109634553,178590.83632682724,179087.75017303435,1d
000660.KS,2025-04-16,172926.046875,176404.4443696121,172429.1329471983,175410.61651400864,1d
000660.KS,2025-04-17,173919.859375,174317.39048214286,170739.61051785716,171037.7588482143,1d
000660.KS,2025-04-18,173919.859375,174416.7732589286,171733.43828571428,172926.03160714285,1d
000660.KS,2025-04-21,175509.984375,178888.99879671575,173422.946055705,173721.09438703285,1d
000660.KS,2025-04-22,172727.28125,174416.78860399887,172230.3673223533,173919.87467635213,1d
000660.KS,2025-04-23,179882.828125,180479.12479281766,177000.7275638812,177994.55534357735,1d
000660.KS,2025-04-24,177199.5,182268.02187324734,176503.82052720134,181671.72518227706,1d
000660.KS,2025-04-25,183261.84375,183758.75764303145,180976.0398420553,181373.57095648046,1d
000660.KS,2025-04-28,180876.65625,182764.92903502745,178590.85235233515,182367.3979223901,1d
000660.KS,2025-04-29,179684.078125,181771.1166430448,177994.57075324943,180876.67156388273,1d
000660.KS,2025-04-30,176404.421875,178888.9911971831,175609.35969190142,177994.54624119718,1d
000660.KS,2025-05-02,184851.984375,185050.74994959676,177298.8925403226,178292.72041330647,1d
000660.KS,2025-05-07,189622.328125,190318.00752587788,184752.57231885483,186541.46220682652,1d
000660.KS,2025-05-08,189125.421875,194790.24008145035,188230.97689503417,194790.24008145035,1d
000660.KS,2025-05-09,188926.65625,191609.99118884798,185647.0246580747,190814.92898474488,1d
000660.KS,2025-05-12,193796.421875,193995.18743589742,192305.68016826923,192405.06294871794,1d
000660.KS,2025-05-13,197274.8125,200256.29581234255,196082.21917506296,199262.4680415617,1d
000660.KS,2025-05-14,204728.515625,205722.3433707524,202740.86013349515,205722.3433707524,1d
000660.KS,2025-05-15,199262.46875,206716.1770573566,198268.6409756858,206219.2631701995,1d
000660.KS,2025-05-16,203237.765625,205473.8779607274,202243.93792023227,204728.5071821516,1d
000660.KS,2025-05-19,198169.265625,201747.04574661484,196280.9927830366,201747.04574661484,1d
000660.KS,2025-05-20,200753.21875,206716.18564356436,200256.30484220298,201250.13265779702,1d
000660.KS,2025-05-21,199262.46875,203734.69373441394,198666.17208541147,203237.77984725684,1d
000660.KS,2025-05-22,195684.703125,200256.31122238445,195287.171986097,198666.18666677247,1d
000660.KS,2025-05-23,198765.546875,200256.2884765625,197473.5708203125,198666.16410156252,1d
000660.KS,2025-05-26,201747.046875,202243.96078355913,195684.69719057882,198765.56342364533,1d
000660.KS,2025-05-27,201250.15625,202243.98418209876,198765.5864197531,199262.50038580247,1d
000660.KS,2025-05-28,206716.1875,208206.92923677884,204728.53185096153,205225.44576322116,1d
000660.KS,2025-05-29,211072.015625,213561.07241303066,206591.71340654482,213561.07241303066,1d
000660.KS,2025-05-30,203604.859375,209080.78468826407,202111.42519865526,209080.78468826407,1d
000660.KS,2025-06-02,206591.71875,207587.34149096385,202111.41641566265,204102.66189759035,1d
000660.KS,2025-06-04,216547.953125,222023.8783764368,215552.3303520115,217045.76451149426,1d
000660.KS,2025-06-05,223517.328125,228993.25375835187,221028.27101893094,224512.9509674276,1d
000660.KS,2025-06-09,227997.609375,232477.91174263103,227001.98662663758,231980.10036844978,1d
000660.KS,2025-06-10,229491.0625,231482.3081616052,226504.1940075922,229988.87391540132,1d
000660.KS,2025-06-11,238949.46875,239945.09153645835,233971.35481770834,234966.97760416666,1d
000660.KS,2025-06-12,234469.140625,245420.99008094482,233971.32928609342,241438.49936969214,1d
000660.KS,2025-06-13,234469.140625,241936.31070859873,232726.80093882696,239447.2540140658,1d
000660.KS,2025-06-16,246914.453125,247412.26452242944,236958.22517641127,236958.22517641127,1d
000660.KS,2025-06-17,247910.0625,258861.9126506024,246914.43975903615,251892.5534638554,1d
000660.KS,2025-06-18,245421.015625,250896.94092292088,243927.58145283975,244425.39284355982,1d
000660.KS,2025-06-19,244923.203125,248905.69423272356,240940.7120172764,245918.8259019309,1d
000660.KS,2025-06-20,255875.078125,255875.078125,246416.66084022375,247910.0951483463,1d
000660.KS,2025-06-23,258364.125,261848.8049132948,247412.27384393063,251394.76517341041,1d
000660.KS,2025-06-24,277280.90625,281761.20814631955,268320.30245736084,268818.11377917416,1d
000660.KS,2025-06-25,284748.09375,290224.0186298077,282756.84833916085,287734.96186625876,1d
000660.KS,2025-06-26,291717.4375,297193.3620947099,285743.7015784983,293210.8714803754,1d
000660.KS,2025-06-27,282756.875,293210.91439260566,279770.00660211267,286739.3661971831,1d
000660.KS,2025-06-30,290721.8125,293210.86911386985,284748.07662671234,287237.1332405822,1d
000660.KS,2025-07-01,284250.3125,293210.9177977233,284250.3125,289726.2379597198,1d
000660.KS,2025-07-02,277778.75,282259.05241935485,273298.44758064515,282259.05241935485,1d
000660.KS,2025-07-03,277280.90625,282756.83078994614,275787.47228456015,279769.96285906644,1d
000660.KS,2025-07-04,269315.9375,280267.7870841035,267822.50346580404,278276.5417051756,1d
000660.KS,2025-07-07,269813.78125,270809.4040590406,263342.23299123615,264835.66720479704,1d
000660.KS,2025-07-08,280765.65625,283752.52493351063,267324.7471742021,269813.804410461,1d
000660.KS,2025-07-09,279770.0,282756.86832740216,276285.3202846975,281263.4341637011,1d
000660.KS,2025-07-10,295699.96875,295699.96875,282259.06107954547,282756.8724747475,1d
000660.KS,2025-07-11,293210.90625,305158.37950976234,290721.8493208829,298189.0201082343,1d
000660.KS,2025-07-14,298686.875,301175.9322916667,291219.703125,291219.703125,1d
000660.KS,2025-07-15,297193.40625,297193.40625,288730.61243718595,294704.34924623114,1d
000660.KS,2025-07-16,294704.34375,298189.02349028713,291219.6640097128,297193.40070734796,1d
000660.KS,2025-07-17,268320.34375,288232.79968692025,266826.909554731,282259.0629058442,1d
000660.KS,2025-07-18,267822.53125,273796.26800650556,265831.28566449817,268818.15404275095,1d
000660.KS,2025-07-21,271307.1875,273298.43291284406,265333.4512614679,266329.0739678899,1d
000660.KS,2025-07-22,267324.71875,272302.832693203,265831.2845670391,271805.02129888267,1d
000660.KS,2025-07-23,267822.53125,269813.77683550183,263342.2286826208,266329.0970608736,1d
000660.KS,2025-07-24,268320.34375,277778.76032003714,267822.532351577,275787.5147263451,1d
000660.KS,2025-07-25,264835.65625,273796.2611607143,264337.8448660714,271805.015625,1d
000660.KS,2025-07-28,260853.15625,264337.83581822517,257368.4766817748,259857.5335162214,1d
000660.KS,2025-07-29,261350.984375,263840.0413690476,253386.0019940476,253386.0019940476,1d
000660.KS,2025-07-30,262346.625,264835.6821631879,259359.75640417458,261848.81356736243,1d
000660.KS,2025-07-31,272302.8125,272800.62385740405,264337.83078153565,269813.7557129799,1d
000660.KS,2025-08-01,256870.6875,265831.292877907,255875.06468023255,264835.67005813954,1d
000660.KS,2025-08-04,256870.6875,258861.93313953487,252888.19622093023,253386.00763081395,1d
000660.KS,2025-08-05,262346.625,263342.24786527513,259359.75640417458,262844.43643263757,1d
000660.KS,2025-08-06,257368.484375,259359.7299020793,256372.86161146034,259359.7299020793,1d
000660.KS,2025-08-07,260853.15625,261848.77898377864,248905.6834446565,256870.6653148855,1d
000660.KS,2025-08-08,255377.25,264835.6666666667,254381.62719298247,260853.17543859652,1d
000660.KS,2025-08-11,265831.28125,266329.09263810865,258861.92181647941,259359.73320458803,1d
000660.KS,2025-08-12,267822.53125,274791.8907992565,266329.0970608736,266826.90845724905,1d
000660.KS,2025-08-13,276783.125,277778.7477517986,272800.6339928058,276783.125,1d
000660.KS,2025-08-14,275289.6875,276285.3102396022,269315.951062387,276285.3102396022,1d
000660.KS,2025-08-18,266329.09375,270809.39626168227,265831.2823598131,270809.39626168227,1d
000660.KS,2025-08-19,261848.765625,268818.12440589356,260355.3316005228,267324.69038141635,1d
000660.KS,2025-08-20,254381.609375,255875.04348091976,249901.3070572407,253385.98663772014,1d
000660.KS,2025-08-21,243927.59375,249901.33073979593,243927.59375,245421.02799744898,1d
000660.KS,2025-08-22,249901.34375,251394.7780751992,244425.41789093625,244425.41789093625,1d
000660.KS,2025-08-25,258364.125,260355.3706647399,252888.1994219653,254879.4450867052,1d
000660.KS,2025-08-26,260355.34375,261350.9664794455,255875.0414674952,258364.09829110897,1d
000660.KS,2025-08-27,258861.9375,259857.56033653844,254879.44615384613,257866.31466346153,1d
000660.KS,2025-08-28,267710.84375,267710.84375,252256.40025605215,253253.46112662944,1d
000660.KS,2025-08-29,268209.375,269206.43587360595,265218.19237918215,267212.31412639405,1d
000660.KS,2025-09-01,255247.578125,260232.8823852539,254250.51727294922,258737.29110717773,1d
000660.KS,2025-09-02,259734.359375,260731.42025551823,255247.58541266795,255247.58541266795,1d
000660.KS,2025-09-03,261728.46875,264719.65125,256992.42979166665,258737.28624999998,1d
000660.KS,2025-09-04,264719.65625,270203.4909369115,263722.59539783426,266215.2475282486,1d
000660.KS,2025-09-05,272696.125,274191.71617915906,271200.53382084094,272197.594606947,1d
000660.KS,2025-09-08,276185.8125,278179.9338898917,273194.6304151625,277681.4035424188,1d
000660.KS,2025-09-09,287153.53125,287652.0616861979,276185.8616536458,277182.9225260416,1d
000660.KS,2025-09-10,303106.46875,304103.5295024671,292138.80047286185,293634.3916015625,1d
000660.KS,2025-09-11,306097.6875,314074.174470684,304602.0961929968,309088.8701140065,1d
000660.KS,2025-09-12,327534.5,328531.5608828006,318062.4216133942,321053.60426179605,1d
000660.KS,2025-09-15,330027.125,340496.2634063444,324044.7601963746,338502.14180513594,1d
000660.KS,2025-09-16,346977.1875,352959.5528017242,330525.6829202586,330525.6829202586,1d
000660.KS,2025-09-17,332519.78125,341493.32857008994,332519.78125,339997.7373500749,1d
000660.KS,2025-09-18,354455.125,355950.71624472574,335510.969233474,337505.0908931083,1d
000660.KS,2025-09-22,349968.34375,357944.8302172364,344235.2441016738,347974.22213319084,1d
000660.KS,2025-09-23,359938.96875,361933.09046052635,351962.4819078947,354455.13404605264,1d
000660.KS,2025-09-24,356449.25,362930.14545454545,347475.70244755247,357944.8412587413,1d
000660.KS,2025-09-25,355452.1875,357944.83958625526,348472.7616584853,350965.41374474054,1d
000660.KS,2025-09-26,335511.0,347974.2615156018,332021.2867756315,346478.6701337296,1d
000660.KS,2025-09-29,347974.21875,349968.3403474212,338003.610762894,338502.14116224926,1d
000660.KS,2025-09-30,346478.625,355452.1721223022,346478.625,351962.459352518,1d
000660.KS,2025-10-01,358941.90625,360936.02795138885,349968.35859375,349968.35859375,1d
000660.KS,2025-10-02,394337.5625,403311.1100663717,382871.3628318584,387358.13661504426,1d
000660.KS,2025-10-10,426742.0625,437958.9975540304,415275.8622225467,424747.94071261684,1d
000660.KS,2025-10-13,413780.25,414278.78042168677,401815.5198795181,404308.1719879518,1d
000660.KS,2025-10-14,410290.53125,435217.05198207777,405305.22710358445,423750.852445322,1d
000660.KS,2025-10-15,421258.21875,422753.81005917164,405803.7752218935,409293.48827662726,1d
000660.KS,2025-10-16,451170.03125,453662.6833563536,419264.08428867406,419762.61470994476,1d
000660.KS,2025-10-17,464131.8125,473603.8903061224,448178.8393528464,450172.9609962406,1d
000660.KS,2025-10-20,484073.03125,484073.03125,464131.8147206488,476096.5446382595,1d
000660.KS,2025-10-21,477592.15625,500524.556236952,476595.0953810021,495539.2518919624,1d
000660.KS,2025-10-22,480084.78125,480583.31165628246,467621.5210929387,473603.8859683281,1d
000660.KS,2025-10-23,477093.65625,487064.26557601884,466624.51645768026,468618.63832288404,1d
000660.KS,2025-10-24,508501.03125,511492.2137867647,490055.4056066176,491550.996875,1d
000660.KS,2025-10-27,533427.5,535421.6214953271,521462.77102803736,531433.3785046729,1d
000660.KS,2025-10-28,519468.71875,525451.0840331094,507503.9881837812,519468.71875,1d
000660.KS,2025-10-29,556360.0,557357.0609318997,521462.86738351255,536418.7813620071,1d
000660.KS,2025-10-30,566330.5625,577298.2318441902,550377.5889084507,556359.9540052817,1d
000660.KS,2025-10-31,557357.0,564336.4257602863,550377.5742397138,555362.8783542039,1d
000660.KS,2025-11-03,618177.75,622165.9935483871,553368.7923387097,555362.9141129032,1d
000660.KS,2025-11-04,584277.6875,612195.3927047781,581286.504799488,609204.2100042662,1d
000660.KS,2025-11-05,577298.25,585274.7370466321,530436.3886010363,561345.2759067358,1d
000660.KS,2025-11-06,591257.0625,605215.9138912311,581286.4543634064,600230.6098229343,1d
000660.KS,2025-11-07,578295.25,597239.4047413793,563339.338362069,575304.0676724138,1d
000660.KS,2025-11-10,604218.8125,613192.359220297,579292.2938325083,582283.4760726072,1d
000660.KS,2025-11-11,617180.625,644101.2661550889,602224.7132471729,620171.8073505654,1d
000660.KS,2025-11-12,615186.5625,618177.7451377634,599233.5884319287,603221.8319489466,1d
000660.KS,2025-11-13,610201.25,620171.8586601306,605215.9456699346,605215.9456699346,1d
000660.KS,2025-11-14,558354.0625,583280.5831473215,558354.0625,577298.2181919643,1d
000660.KS,2025-11-17,604218.8125,604218.8125,582283.4760726072,586271.719059406,1d
000660.KS,2025-11-18,568324.75,589263.0302631579,568324.75,581286.5425438597,1d
000660.KS,2025-11-19,560348.25,568324.737544484,544395.2749110321,561345.3109430604,1d
000660.KS,2025-11-20,569321.6875,595245.2669658493,568324.6267513135,593251.1454684763,1d
000660.KS,2025-11-21,519468.71875,529439.3275551824,512489.29258637235,516477.5361084453,1d
000660.KS,2025-11-24,518471.65625,540406.9955528846,515480.47361778846,529439.3259014423,1d
000660.KS,2025-11-25,517474.59375,548383.4808526011,516477.5328757225,544395.2373554913,1d
000660.KS,2025-11-26,522459.875,526448.1183206107,499527.47590648854,511492.2058683206,1d
000660.KS,2025-11-27,542789.5625,554762.8616727941,531814.038258272,533809.5881204044,1d
000660.KS,2025-11-28,528820.75,550771.7999999999,528820.75,549774.025,1d
000660.KS,2025-12-01,536802.9375,543787.3623373606,523831.8628020446,540794.0374070632,1d
000660.KS,2025-12-02,556758.4375,557756.2124775986,540794.037858423,546780.6877240143,1d
000660.KS,2025-12-03,550771.75,557756.174365942,542789.5507246377,548776.2001811594,1d
000660.KS,2025-12-04,540794.0,541791.7749077491,530816.2509225092,540794.0,1d
000660.KS,2025-12-05,542789.5625,544785.1123621323,525827.388671875,528820.7134650735,1d
000660.KS,2025-12-08,575716.1875,578709.5125649914,531814.0865467938,541791.8367634316,1d
000660.KS,2025-12-09,564740.625,573720.5996024734,562745.0750883392,567733.9498674911,1d
000660.KS,2025-12-10,585693.875,591680.5244889267,568731.7014480409,569729.476362862,1d
000660.KS,2025-12-11,563742.8125,587689.4098451327,563742.8125,581702.7605088495,1d
000660.KS,2025-12-12,569729.4375,577711.6362740805,558753.9141856392,563742.7884194396,1d
000660.KS,2025-12-15,552767.25,562246.1107851985,533809.5284296029,533809.5284296029,1d
000660.KS,2025-12-16,528820.75,549774.025,528820.75,543787.375,1d
000660.KS,2025-12-17,549774.0,552767.3248638839,523831.85117967334,528820.725952813,1d
000660.KS,2025-12-18,550771.75,561747.2740036232,535805.1263586957,536802.901268116,1d
000660.KS,2025-12-19,545782.875,568731.6978976234,545782.875,567733.9229890311,1d
000660.KS,2025-12-22,578709.4375,578709.4375,565738.363900862,572722.7881465517,1d
000660.KS,2025-12-23,582700.5,591680.4734589041,579707.1755136986,583698.2748287672,1d
000660.KS,2025-12-24,586691.6875,589685.0124362245,582700.587585034,585693.9125212585,1d
000660.KS,2025-12-26,597667.1875,603653.837124374,588687.2130634391,592678.3128130217,1d
000660.KS,2025-12-29,638575.9375,638575.9375,623609.3139648438,628598.1884765625,1d
000660.KS,2025-12-30,649551.5,657533.6996927803,632589.3256528417,637578.2004608294,1d
000660.KS,2026-01-02,675493.625,677489.1748522895,645560.3772156573,649551.4769202364,1d
000660.KS,2026-01-05,694451.375,698442.4748563218,682478.0754310344,696446.9249281608,1d
000660.KS,2026-01-06,724384.5625,725382.3373794766,669506.9441287878,688464.666838843,1d
000660.KS,2026-01-07,740349.0,760304.4986522911,726380.1509433963,758308.9487870621,1d
000660.KS,2026-01-08,754317.875,786246.673941799,729373.5008267196,729373.5008267196,1d
000660.KS,2026-01-09,742344.5,754317.7983870967,725382.3272849462,742344.5,1d
000660.KS,2026-01-12,747333.4375,760304.5118491321,733364.5882009346,753320.0871995995,1d
000660.KS,2026-01-13,736357.875,752322.2733739837,722389.0264227642,751324.4984756097,1d
000660.KS,2026-01-14,740349.0,748331.1994609165,726380.1509433963,731369.025606469,1d
000660.KS,2026-01-15,747333.4375,748331.2124499333,725382.3886014686,730371.2633511348,1d
000660.KS,2026-01-16,754317.875,761302.2997685185,745337.900297619,749329.0001653439,1d
000660.KS,2026-01-19,762300.0625,772277.8120091623,748331.2131871728,753320.0879417539,1d
000660.KS,2026-01-20,741346.8125,762300.0871467026,735360.1626009422,762300.0871467026,1d
000660.KS,2026-01-21,738353.4375,754317.8361486486,726380.1385135135,727377.9134290541,1d
000660.KS,2026-01-22,753320.0625,771280.0110099338,749328.9628311258,764295.586589404,1d
000660.KS,2026-01-23,765293.4375,774273.4126466754,742344.612125163,752322.3622881356,1d
000660.KS,2026-01-26,734362.375,752322.324388587,734362.375,751324.5494225543,1d
000660.KS,2026-01-27,798219.875,798219.875,731368.96046875,736357.8346875,1d
000660.KS,2026-01-28,839128.75,852099.8246135553,801213.3011296076,808197.725921522,1d
000660.KS,2026-01-29,859084.25,882033.0743321719,817177.7012195121,877044.199477352,1d
000660.KS,2026-01-30,906977.4375,928928.4865924093,851102.0398102311,852099.8147689769,1d
000660.KS,2026-02-02,828153.1875,886024.13313253,828153.1875,868064.1844879518,1d
000660.KS,2026-02-03,904981.8125,904981.8125,869061.9169652701,872055.2415931643,1d
000660.KS,2026-02-04,897997.4375,903984.0870833333,881035.2636805555,882033.0386111111,1d
000660.KS,2026-02-05,840126.5,875048.6229216153,836135.4002375297,849106.4744655582,1d
000660.KS,2026-02-06,837133.1875,848108.7120083432,789239.9896454111,803208.8390196662,1d
000660.KS,2026-02-09,885026.375,896999.6743235626,871057.525789177,896001.8993799324,1d
000660.KS,2026-02-10,874050.875,902986.3491723745,874050.875,892010.8244863014,1d
000660.KS,2026-02-11,858086.4375,872055.2864825581,846113.138372093,858086.4375,1d
000660.KS,2026-02-12,886024.125,892010.7744932432,876046.3758445946,880037.4755067568,1d
000660.KS,2026-02-13,878041.9375,900990.7608664773,876046.3876420454,887021.9118607955,1d
000660.KS,2026-02-19,892010.75,910968.4728747203,886024.100671141,902986.2737695749,1d
000660.KS,2026-02-20,946888.375,952875.0243677555,879039.6821654374,890015.2060063225,1d
000660.KS,2026-02-23,948883.9375,977819.4098317561,938906.1884200842,977819.4098317561,1d
000660.KS,2026-02-24,1002763.8125,1002763.8125,943895.0911691543,949881.7407960199,1d
000660.KS,2026-02-25,1015734.875,1035690.3735265225,1001766.0260314342,1009748.2254420432,1d
000660.KS,2026-02-26,1098578.0,1098578.0,1022607.1828935397,1023606.7989080984,1d
000660.KS,2026-02-27,1060592.625,1095579.1866163996,1047597.616399623,1049596.8484919886,1d
000660.KS,2026-03-03,938639.5,1039600.724174654,938639.5,1021607.6347177849,1d
000660.KS,2026-03-04,848674.0,953633.6819787986,845675.1519434629,893656.7208480566,1d
000660.KS,2026-03-05,940638.6875,991619.1052072264,926644.0630313497,975625.248671626,1d
000660.KS,2026-03-06,923645.25,937639.875,884660.2232142857,911649.8571428572,1d
000660.KS,2026-03-09,835679.0,863668.2488038277,807689.7511961722,850673.240430622,1d
000660.KS,2026-03-10,937639.875,949635.2678571428,898654.8482142857,914648.7053571428,1d
000660.KS,2026-03-11,954633.375,984621.8579842933,940638.7496073298,953633.7589005235,1d
000660.KS,2026-03-12,929642.9375,962630.2675403226,927643.7053763442,937639.8659946237,1d
000660.KS,2026-03-13,909650.625,928643.3303571428,883660.6071428572,890657.9196428572,1d
000660.KS,2026-03-16,973626.0625,974625.6785805955,923645.2584702258,924644.8745508214,1d
000660.KS,2026-03-17,969627.625,1009612.2693298969,968628.0088917526,1008612.6532216495,1d
000660.KS,2026-03-18,1055594.625,1059593.0894886365,998616.5060369318,999616.1221590909,1d
000660.KS,2026-03-19,1012611.0625,1042599.5441140177,1002614.901961994,1007612.982230997,1d
000660.KS,2026-03-20,1006613.375,1025606.0801886793,1001615.2946871897,1022607.2320009931,1d
000660.KS,2026-03-23,932641.8125,962630.2952170417,926644.1159565917,951634.5182207931,1d
000660.KS,2026-03-24,985621.4375,993618.3659989858,937639.8665060853,992618.7499366127,1d
000660.KS,2026-03-25,994618.0,1041599.9557788944,987620.6874371859,1015609.9376884422,1d
000660.KS,2026-03-26,932641.8125,972626.4561227224,930642.5803188639,964629.5273981779,1d
000660.KS,2026-03-27,932641.8125,933641.428590568,879662.1596998929,889658.3206055734,1d
000660.KS,2026-03-30,872664.8125,883660.5890607102,861669.0359392897,866667.1161941581,1d
000660.KS,2026-03-31,806690.1875,851672.9117100373,805690.5714064436,816686.3484355639,1d
000660.KS,2026-04-01,896655.625,904652.5536510592,857670.597826087,883660.615942029,1d
000660.KS,2026-04-02,829681.3125,913649.0597891567,817685.9200301205,911649.8277108434,1d
000660.KS,2026-04-03,875663.6875,885659.8483162101,859669.830194064,866667.142765411,1d
000660.KS,2026-04-06,885659.8125,901153.861138544,868666.3397996614,876663.2681292325,1d
000660.KS,2026-04-07,915648.3125,932641.7855485808,887659.0627729258,916647.9285616813,1d
000660.KS,2026-04-08,1032603.375,1055594.5440464665,991619.1171345596,1006613.3578170377,1d
000660.KS,2026-04-09,997616.8125,1024606.4457039079,989619.8841432866,1014610.2852580161,1d
000660.KS,2026-04-10,1026605.6875,1041599.9283106135,1023606.8393378773,1029604.5356621227,1d
000660.KS,2026-04-13,1039600.75,1042599.5983173077,995617.6413461538,998616.4896634616,1d
000660.KS,2026-04-14,1102576.5,1127566.9011786038,1077586.0988213962,1091580.7234814144,1d
000660.KS,2026-04-15,1135563.875,1172549.6702244717,1129566.1784771127,1164552.7415272887,1d
000660.KS,2026-04-16,1154556.5,1160554.1961038962,1129566.0995670997,1140561.8757575757,1d
000660.KS,2026-04-17,1127567.0,1154556.6356382978,1120569.6870567375,1148558.9388297873,1d
000660.KS,2026-04-20,1165552.375,1174548.919918525,1140561.972448542,1147559.2851629504,1d
000660.KS,2026-04-21,1223530.0,1227528.4640522876,1192541.9035947712,1195540.7516339868,1d
000660.KS,2026-04-22,1222530.5,1232526.6610793131,1194541.248977923,1226528.9644317252,1d
000660.KS,2026-04-23,1224529.75,1266513.627142857,1182545.872857143,1219531.669387755,1d
000660.KS,2026-04-24,1221530.875,1241523.1970130932,1192542.0080810147,1236525.1165098199,1d
000660.KS,2026-04-27,1291503.875,1316494.2750580495,1248520.3869001549,1252518.8509094426,1d
000660.KS,2026-04-28,1299500.875,1327490.1246153845,1295502.4107692307,1312495.88375,1d
000660.KS,2026-04-29,1292503.625,1316494.4115429234,1280508.2317285382,1283507.0800464037,1d
000660.KS,2026-04-30,1285506.25,1324491.276244168,1285506.25,1311496.267496112,1d
000660.KS,2026-05-04,1446444.5,1449443.3483068417,1332488.2643400137,1338485.9609536973,1d
000660.KS,2026-05-06,1600385.25,1613380.2582760775,1556402.145065584,1589389.4737663958,1d
000660.KS,2026-05-07,1653365.0,1664360.776904474,1566398.400846433,1621377.285368803,1d
000660.KS,2026-05-08,1685352.625,1688351.4730871886,1590389.1022390274,1590389.1022390274,1d
000660.KS,2026-05-11,1879278.25,1948251.7602393618,1825298.9811170213,1832296.29375,1d
000660.KS,2026-05-12,1834295.5,1966244.8220708447,1803307.4016348775,1943253.6523160764,1d
000660.KS,2026-05-13,1975241.375,1989236.000126518,1780316.2393092106,1780316.2393092106,1d
000660.KS,2026-05-14,1969243.75,1993234.5368020304,1936256.4181472082,1975241.4467005075,1d
000660.KS,2026-05-15,1818301.625,1994234.0527075315,1788313.143004398,1949251.3297141285,1d
000660.KS,2026-05-18,1839293.5,1896271.6138586958,1730335.3524456522,1779316.5380434783,1d
000660.KS,2026-05-19,1744330.125,1822300.1821633237,1739332.0444126073,1790312.4664040115,1d
000660.KS,2026-05-20,1744330.125,1777317.4568767908,1689351.2385386818,1742330.8927650428,1d
000660.KS,2026-05-21,1939255.25,1953249.8755154638,1795310.530412371,1800308.610953608,1d
000660.KS,2026-05-22,1940254.75,1951250.5265327152,1911265.8845955692,1941254.3660484287,1d
000660.KS,2026-05-26,2051212.125,2086198.6865862573,2005229.7869152047,2007229.0190058479,1d
000660.KS,2026-05-27,2242138.75,2357094.5931787784,2199155.260811413,2278124.926995096,1d
000660.KS,2026-05-28,2288503.75,2304500.2812363477,2150533.6680865004,2188525.4297728264,1d
000660.KS,2026-05-29,2332494.25,2378484.2780754394,2290003.4631911702,2351490.1311615948,1d
000660.KS,2026-06-01,2362487.75,2397480.1627168856,2295502.274227677,2298501.623889124,1d
000660.KS,2026-06-02,2359488.5,2406478.313347458,2258510.390466102,2375485.03220339,1d
000660.KS,2026-06-04,2297501.75,2326495.4622497824,2261509.5554830288,2283504.7854656223,1d
000660.KS,2026-06-05,2069551.25,2187525.6690821256,2069551.25,2141535.6413043477,1d
000660.KS,2026-06-08,1910585.75,2071550.84981685,1854597.8891941393,1855597.6724228153,1d
000660.KS,2026-06-09,2214519.75,2225517.365011287,1997566.799322799,2049555.5248307,1d
000660.KS,2026-06-10,2047556.0,2179527.3828125,1991568.140625,2136536.705078125,1d
000660.KS,2026-06-11,2100544.5,2162531.058305569,1959575.0690147548,1974571.8169919087,1d
000660.KS,2026-06-12,2149534.0,2303500.6213953486,2149534.0,2280505.606511628,1d
000660.KS,2026-06-15,2287504.0,2321496.6293706293,2264508.986013986,2282505.083916084,1d
000660.KS,2026-06-16,2381483.75,2399479.8488664986,2285504.55604534,2380483.9667296386,1d
000660.KS,2026-06-17,2520453.5,2522453.066441888,2333494.037683459,2334493.820904403,1d
000660.KS,2026-06-18,2684418.0,2737406.5117318435,2555445.962011173,2555445.962011173,1d
000660.KS,2026-06-19,2763400.75,2890373.2157199713,2687417.2272069464,2823387.7416787264,1d
000660.KS,2026-06-22,2918367.25,2944361.6139945188,2727408.6529633435,2727408.6529633435,1d
000660.KS,2026-06-23,2554446.0,2942361.8700587084,2535450.119765166,2897371.62739726,1d
000660.KS,2026-06-24,2620431.75,2702413.971861885,2452468.17350248,2597436.7365509346,1d
000660.KS,2026-06-25,2916367.75,2986352.5777339735,2748404.1634384645,2864379.0208261916,1d
000660.KS,2026-06-26,2672420.5,2879375.622895623,2599436.326225215,2849382.1268237936,1d
000660.KS,2026-06-29,2627430.25,2687417.2420091326,2516454.314783105,2635428.5156012177,1d
000660.KS,2026-06-30,2649425.5,2741405.5550943394,2540449.1303773583,2607434.6052830187,1d
000660.KS,2026-07-01,2559445.0,2722409.662109375,2501457.57421875,2664422.236328125,1d
000660.KS,2026-07-02,2186526.0,2447469.4320987654,2186526.0,2350490.4554183814,1d
000660.KS,2026-07-03,2424474.25,2453467.9626804125,2044556.6355670101,2196523.681340206,1d
000660.KS,2026-07-06,2342492.0,2496458.6103286385,2291503.057618438,2449468.800682885,1d
000660.KS,2026-07-07,2200522.75,2342491.9596774196,2079548.986824171,2288503.6686733305,1d
000660.KS,2026-07-08,2075550.0,2328495.1589595377,2075550.0,2117540.895953757,1d
000660.KS,2026-07-09,2185526.0,2269507.7859103386,2090546.5992680695,2227516.892955169,1d
000660.KS,2026-07-10,2179527.5,2304500.4071100918,2165530.5344036696,2295502.357798165,1d
000660.KS,2026-07-13,1844600.0,2141535.6097560977,1838601.300813008,2112541.89701897,1d
000660.KS,2026-07-14,1912585.25,1935580.2634605332,1677636.199424987,1824604.3289336122,1d
000660.KS,2026-07-15,2081548.625,2170529.329911143,2069551.2265850145,2119540.3866474545,1d
000660.KS,2026-07-16,1841600.625,1918583.9301710099,1820605.1781351792,1901587.6160423453,1d
000660.KS,2026-07-20,1763617.625,1891589.878968254,1734623.9112103174,1744621.7435515872,1d
000660.KS,2026-07-21,1835602.0,1888590.5108932462,1731624.5446623093,1774615.2233115467,1d
000660.KS,2026-07-22,1829603.25,2005565.0926229507,1829603.25,1976571.3799180328,1d
000660.KS,2026-07-23,1918584.0,1947577.713392392,1844600.0416883794,1909585.9510161544,1d
000660.KS,2026-07-24,1758618.625,1893589.3551733939,1751620.1426947128,1893589.3551733939,1d
000660.KS,2026-07-27,1815606.375,1820605.291230727,1706630.0011701542,1813606.8085077093,1d
000660.KS,2026-07-28,1549664.0,1673637.12,1549664.0,1661639.7212903225,1d
000660.KS,2026-07-29,1400696.25,1618648.9855460385,1245729.8554603853,1566660.2596359742,1d
000660.KS,2026-07-30,1321713.375,1458683.6718040847,1286720.9634077155,1360704.9193456883,1d
000660.KS,2026-07-31,1717627.625,1717627.625,1585656.2358847498,1696632.1767316647,1d
000660.KS,2026-08-03,1566660.25,1644643.33838545,1561661.3340778558,1641643.9888321634,1d
000660.KS,2026-08-04,1576658.125,1629646.6352251112,1482678.5030913127,1619648.8031071655,1d
000660.KS,2026-08-05,1667638.375,1700631.220548561,1646642.9278327338,1692632.9549610312,1d
000660.KS,2026-08-06,1494675.875,1605651.8095317725,1480678.910284281,1599653.110367893,1d
000660.KS,2026-08-07,1421691.75,1541665.737341772,1408694.5680379746,1520670.289556962,1d
000660.KS,2026-08-10,1419692.125,1486677.5985035212,1396697.1117077465,1442687.1382922535,1d
000660.KS,2026-08-11,1424691.125,1454684.622368421,1372702.3962280701,1404695.4600877194,1d
000660.KS,2026-08-12,1503674.0,1548664.2460106383,1439687.8723404256,1455684.4042553192,1d
000660.KS,2026-08-13,1592654.625,1633645.7358757062,1566660.2620056497,1581657.0098870057,1d
000660.KS,2026-08-14,1644643.375,1696632.1017477205,1625647.4940729483,1694632.5353343466,1d
000660.KS,2026-08-18,1661639.75,1791611.5716004812,1639644.518652226,1735623.7099879663,1d
000660.KS,2026-08-19,1499674.875,1558662.08675,1485677.9095,1544665.12125,1d
000660.KS,2026-08-20,1690633.375,1719627.087522176,1575658.3081017148,1612650.28614725,1d
000660.KS,2026-08-21,1729625.0,1772615.6791907514,1668638.2225433525,1674636.921965318,1d
000660.KS,2026-08-24,1670637.75,1791611.5188509875,1669637.9667863555,1774615.2042190307,1d
000660.KS,2026-08-25,1677636.25,1686634.2990166866,1556662.47988677,1597653.5920738976,1d
000660.KS,2026-08-26,1687634.125,1734623.9377221563,1661639.7605154028,1667638.4600118482,1d
000660.KS,2026-08-27,1729625.0,1787612.4277456647,1707629.7687861272,1775615.0289017342,1d
000660.KS,2026-08-28,1653000.0,1725000.0,1653000.0,1704000.0,1d
000660.KS,2026-08-31,1674000.0,1674000.0,1577000.0,1596000.0,1d
000660.KS,2026-09-01,1693000.0,1713000.0,1652000.0,1666000.0,1d
000660.KS,2026-09-02,1613000.0,1661000.0,1612000.0,1630000.0,1d
000660.KS,2026-09-03,1596000.0,1649000.0,1558000.0,1643000.0,1d
000660.KS,2026-09-04,1647000.0,1683000.0,1620000.0,1620000.0,1d
000660.KS,2026-09-07,1783000.0,1783000.0,1733000.0,1737000.0,1d
000660.KS,2026-09-08,1793000.0,1889000.0,1777000.0,1799000.0,1d
000660.KS,2026-09-09,1856000.0,1883000.0,1795000.0,1795000.0,1d
000660.KS,2026-09-10,1853000.0,1890000.0,1811000.0,1879000.0,1d
000660.KS,2026-09-11,1812000.0,1827000.0,1768000.0,1773000.0,1d
000660.KS,2026-09-14,1697000.0,1740000.0,1686000.0,1707000.0,1d
000660.KS,2026-09-15,1690000.0,1729000.0,1671000.0,1690000.0,1d
000660.KS,2026-09-16,1759000.0,1760000.0,1686000.0,1686000.0,1d
000660.KS,2026-09-17,1745000.0,1785000.0,1735000.0,1770000.0,1d
000660.KS,2026-09-18,1857000.0,1857000.0,1805000.0,1810000.0,1d
000660.KS,2026-09-21,1868000.0,1888000.0,1847000.0,1872000.0,1d
000660.KS,2026-09-22,1840000.0,1935000.0,1832000.0,1909000.0,1d
000660.KS,2026-09-23,1862000.0,1900000.0,1836000.0,1899000.0,1d
000660.KS,2026-09-28,1768000.0,1840000.0,1768000.0,1825000.0,1d
000660.KS,2026-09-29,1765000.0,1788000.0,1736000.0,1755000.0,1d
000660.KS,2026-09-30,1776000.0,1824000.0,1773000.0,1789000.0,1d
000660.KS,2026-10-01,1833000.0,1833000.0,1749000.0,1762000.0,1d
000660.KS,2026-10-02,1841000.0,1855000.0,1825000.0,1830000.0,1d
000660.KS,2026-10-06,1773000.0,1837000.0,1771000.0,1835000.0,1d
000660.KS,2026-10-07,1723000.0,1779000.0,1723000.0,1728000.0,1d
000660.KS,2026-10-08,1681000.0,1759000.0,1681000.0,1722000.0,1d
285A.T,2024-12-18,533.6666870117188,563.0,480.0,480.0,1d
285A.T,2024-12-19,573.3333129882812,581.0,510.3333435058594,514.3333129882812,1d
285A.T,2024-12-20,568.3333129882812,643.3333129882812,560.0,600.0,1d
285A.T,2024-12-23,526.6666870117188,595.3333129882812,525.3333129882812,595.0,1d
285A.T,2024-12-24,518.0,554.6666870117188,518.0,534.3333129882812,1d
285A.T,2024-12-25,554.6666870117188,555.3333129882812,517.6666870117188,523.3333129882812,1d
285A.T,2024-12-26,530.0,564.6666870117188,528.3333129882812,560.6666870117188,1d
285A.T,2024-12-27,548.3333129882812,550.0,531.3333129882812,532.6666870117188,1d
285A.T,2024-12-30,546.6666870117188,572.3333129882812,540.0,548.3333129882812,1d
285A.T,2025-01-06,579.0,583.0,554.3333129882812,563.3333129882812,1d
285A.T,2025-01-07,608.6666870117188,608.6666870117188,588.0,590.0,1d
285A.T,2025-01-08,683.3333129882812,683.3333129882812,604.3333129882812,605.0,1d
285A.T,2025-01-09,668.3333129882812,726.6666870117188,655.0,709.3333129882812,1d
285A.T,2025-01-10,669.6666870117188,691.6666870117188,660.0,667.3333129882812,1d
285A.T,2025-01-14,650.0,688.6666870117188,644.0,661.6666870117188,1d
285A.T,2025-01-15,615.3333129882812,663.3333129882812,614.3333129882812,657.0,1d
285A.T,2025-01-16,596.0,621.3333129882812,580.3333129882812,620.3333129882812,1d
285A.T,2025-01-17,596.0,606.0,579.3333129882812,586.0,1d
285A.T,2025-01-20,569.3333129882812,611.3333129882812,569.3333129882812,605.3333129882812,1d
285A.T,2025-01-21,588.0,589.6666870117188,570.6666870117188,581.3333129882812,1d
285A.T,2025-01-22,618.3333129882812,626.3333129882812,584.0,587.6666870117188,1d
285A.T,2025-01-23,605.0,635.0,602.6666870117188,625.0,1d
285A.T,2025-01-24,605.0,620.6666870117188,592.0,606.0,1d
285A.T,2025-01-27,572.3333129882812,605.3333129882812,571.3333129882812,604.3333129882812,1d
285A.T,2025-01-28,572.3333129882812,574.6666870117188,552.0,556.6666870117188,1d
285A.T,2025-01-29,570.0,583.3333129882812,568.0,576.6666870117188,1d
285A.T,2025-01-30,590.3333129882812,593.3333129882812,566.6666870117188,567.0,1d
285A.T,2025-01-31,602.3333129882812,607.3333129882812,590.3333129882812,590.3333129882812,1d
285A.T,2025-02-03,596.0,596.0,578.6666870117188,579.3333129882812,1d
285A.T,2025-02-04,578.3333129882812,603.3333129882812,576.0,600.0,1d
285A.T,2025-02-05,578.3333129882812,587.0,578.3333129882812,587.0,1d
285A.T,2025-02-06,572.3333129882812,578.6666870117188,570.0,578.6666870117188,1d
285A.T,2025-02-07,565.6666870117188,574.0,563.6666870117188,567.3333129882812,1d
285A.T,2025-02-10,595.0,599.0,561.6666870117188,566.0,1d
285A.T,2025-02-12,621.3333129882812,621.3333129882812,595.3333129882812,600.0,1d
285A.T,2025-02-13,643.0,643.3333129882812,619.6666870117188,621.3333129882812,1d
285A.T,2025-02-14,627.6666870117188,662.6666870117188,624.0,650.0,1d
285A.T,2025-02-17,684.3333129882812,748.3333129882812,650.0,650.0,1d
285A.T,2025-02-18,786.3333129882812,828.3333129882812,696.6666870117188,700.0,1d
285A.T,2025-02-19,827.3333129882812,856.6666870117188,795.0,833.3333129882812,1d
285A.T,2025-02-20,795.0,847.6666870117188,776.0,823.3333129882812,1d
285A.T,2025-02-21,777.6666870117188,836.6666870117188,775.0,778.3333129882812,1d
285A.T,2025-02-25,858.3333129882812,864.0,742.3333129882812,745.3333129882812,1d
285A.T,2025-02-26,846.3333129882812,874.0,817.0,867.3333129882812,1d
285A.T,2025-02-27,935.0,949.0,873.3333129882812,873.3333129882812,1d
285A.T,2025-02-28,890.0,925.0,827.3333129882812,901.6666870117188,1d
285A.T,2025-03-03,827.3333129882812,941.0,827.3333129882812,933.3333129882812,1d
285A.T,2025-03-04,816.0,834.6666870117188,773.6666870117188,800.0,1d
285A.T,2025-03-05,810.3333129882812,842.3333129882812,790.6666870117188,822.0,1d
285A.T,2025-03-06,796.0,830.0,789.3333129882812,827.0,1d
285A.T,2025-03-07,930.0,932.6666870117188,776.6666870117188,779.3333129882812,1d
285A.T,2025-03-10,918.0,927.6666870117188,849.0,911.0,1d
285A.T,2025-03-11,882.6666870117188,916.0,860.6666870117188,901.3333129882812,1d
285A.T,2025-03-12,906.3333129882812,950.0,902.3333129882812,906.6666870117188,1d
285A.T,2025-03-13,914.3333129882812,950.0,904.3333129882812,940.0,1d
285A.T,2025-03-14,986.6666870117188,989.3333129882812,913.3333129882812,921.6666870117188,1d
285A.T,2025-03-17,1041.6666259765625,1073.3333740234375,1035.0,1040.0,1d
285A.T,2025-03-18,1056.6666259765625,1083.3333740234375,1015.0,1063.3333740234375,1d
285A.T,2025-03-19,1010.0,1055.0,992.3333129882812,1050.0,1d
285A.T,2025-03-21,990.0,1021.6666870117188,990.0,998.6666870117188,1d
285A.T,2025-03-24,931.3333129882812,981.6666870117188,930.6666870117188,973.3333129882812,1d
285A.T,2025-03-25,892.0,964.0,887.0,958.0,1d
285A.T,2025-03-26,886.6666870117188,907.6666870117188,866.6666870117188,903.3333129882812,1d
285A.T,2025-03-27,846.3333129882812,883.3333129882812,836.6666870117188,877.6666870117188,1d
285A.T,2025-03-28,854.6666870117188,879.6666870117188,835.0,846.6666870117188,1d
285A.T,2025-03-31,796.0,838.6666870117188,796.0,833.3333129882812,1d
285A.T,2025-04-01,751.6666870117188,818.0,742.0,812.6666870117188,1d
285A.T,2025-04-02,772.0,797.0,750.0,776.6666870117188,1d
285A.T,2025-04-03,688.3333129882812,734.3333129882812,670.3333129882812,705.3333129882812,1d
285A.T,2025-04-04,627.6666870117188,669.6666870117188,596.6666870117188,665.3333129882812,1d
285A.T,2025-04-07,506.0,546.0,503.3333435058594,526.6666870117188,1d
285A.T,2025-04-08,600.0,628.3333129882812,570.3333129882812,599.3333129882812,1d
285A.T,2025-04-09,560.0,571.0,541.6666870117188,565.6666870117188,1d
285A.T,2025-04-10,686.0,693.3333129882812,657.0,693.3333129882812,1d
285A.T,2025-04-11,660.6666870117188,667.6666870117188,621.6666870117188,627.6666870117188,1d
285A.T,2025-04-14,648.6666870117188,711.0,648.6666870117188,693.6666870117188,1d
285A.T,2025-04-15,648.0,668.6666870117188,647.0,660.0,1d
285A.T,2025-04-16,600.0,639.3333129882812,593.6666870117188,637.3333129882812,1d
285A.T,2025-04-17,611.3333129882812,613.0,594.3333129882812,600.0,1d
285A.T,2025-04-18,594.0,605.6666870117188,592.6666870117188,601.6666870117188,1d
285A.T,2025-04-21,601.3333129882812,612.3333129882812,583.3333129882812,587.0,1d
285A.T,2025-04-22,588.0,606.6666870117188,585.0,598.6666870117188,1d
285A.T,2025-04-23,613.3333129882812,622.3333129882812,601.6666870117188,609.6666870117188,1d
285A.T,2025-04-24,604.3333129882812,633.0,603.3333129882812,632.3333129882812,1d
285A.T,2025-04-25,623.3333129882812,635.0,613.3333129882812,622.6666870117188,1d
285A.T,2025-04-28,628.6666870117188,631.3333129882812,618.6666870117188,631.0,1d
285A.T,2025-04-30,618.3333129882812,630.3333129882812,613.3333129882812,627.6666870117188,1d
285A.T,2025-05-01,611.0,626.3333129882812,606.3333129882812,625.6666870117188,1d
285A.T,2025-05-02,608.3333129882812,614.6666870117188,601.6666870117188,612.0,1d
285A.T,2025-05-07,639.6666870117188,653.3333129882812,609.3333129882812,609.3333129882812,1d
285A.T,2025-05-08,644.3333129882812,657.3333129882812,630.6666870117188,657.0,1d
285A.T,2025-05-09,682.0,685.0,645.0,653.6666870117188,1d
285A.T,2025-05-12,740.3333129882812,741.0,677.0,680.0,1d
285A.T,2025-05-13,735.6666870117188,774.6666870117188,735.3333129882812,766.6666870117188,1d
285A.T,2025-05-14,756.6666870117188,763.0,743.3333129882812,746.3333129882812,1d
285A.T,2025-05-15,738.3333129882812,766.6666870117188,734.3333129882812,748.3333129882812,1d
285A.T,2025-05-16,740.3333129882812,771.0,702.0,760.3333129882812,1d
285A.T,2025-05-19,731.3333129882812,741.6666870117188,710.3333129882812,723.6666870117188,1d
285A.T,2025-05-20,728.6666870117188,748.6666870117188,724.6666870117188,743.3333129882812,1d
285A.T,2025-05-21,724.3333129882812,740.6666870117188,720.0,729.3333129882812,1d
285A.T,2025-05-22,691.6666870117188,713.6666870117188,691.6666870117188,707.6666870117188,1d
285A.T,2025-05-23,686.0,701.6666870117188,682.3333129882812,690.0,1d
285A.T,2025-05-26,692.3333129882812,711.6666870117188,669.3333129882812,678.3333129882812,1d
285A.T,2025-05-27,690.6666870117188,699.6666870117188,682.0,692.3333129882812,1d
285A.T,2025-05-28,699.3333129882812,713.0,690.3333129882812,706.6666870117188,1d
285A.T,2025-05-29,726.6666870117188,733.0,709.0,716.0,1d
285A.T,2025-05-30,699.6666870117188,718.6666870117188,694.3333129882812,718.3333129882812,1d
285A.T,2025-06-02,665.0,694.6666870117188,665.0,693.6666870117188,1d
285A.T,2025-06-03,660.6666870117188,673.0,660.3333129882812,667.3333129882812,1d
285A.T,2025-06-04,686.6666870117188,702.0,670.0,673.3333129882812,1d
285A.T,2025-06-05,705.3333129882812,735.3333129882812,682.6666870117188,683.3333129882812,1d
285A.T,2025-06-06,721.6666870117188,759.3333129882812,696.6666870117188,705.0,1d
285A.T,2025-06-09,704.0,744.3333129882812,702.0,736.0,1d
285A.T,2025-06-10,710.6666870117188,737.6666870117188,707.0,710.0,1d
285A.T,2025-06-11,730.3333129882812,734.3333129882812,713.6666870117188,730.0,1d
285A.T,2025-06-12,696.0,723.6666870117188,692.3333129882812,718.3333129882812,1d
285A.T,2025-06-13,670.0,695.0,668.3333129882812,693.6666870117188,1d
285A.T,2025-06-16,669.6666870117188,687.0,650.0,667.3333129882812,1d
285A.T,2025-06-17,694.6666870117188,709.6666870117188,675.0,676.3333129882812,1d
285A.T,2025-06-18,682.0,699.3333129882812,680.0,680.0,1d
285A.T,2025-06-19,701.0,705.6666870117188,682.0,682.0,1d
285A.T,2025-06-20,761.3333129882812,772.6666870117188,700.6666870117188,701.0,1d
285A.T,2025-06-23,851.3333129882812,851.3333129882812,736.6666870117188,744.6666870117188,1d
285A.T,2025-06-24,849.6666870117188,882.6666870117188,817.3333129882812,851.3333129882812,1d
285A.T,2025-06-25,843.3333129882812,896.3333129882812,843.3333129882812,866.3333129882812,1d
285A.T,2025-06-26,843.3333129882812,876.3333129882812,843.3333129882812,866.6666870117188,1d
285A.T,2025-06-27,841.0,861.0,834.0,852.0,1d
285A.T,2025-06-30,834.3333129882812,866.3333129882812,831.3333129882812,855.0,1d
285A.T,2025-07-01,787.6666870117188,838.0,787.3333129882812,832.0,1d
285A.T,2025-07-02,804.0,813.3333129882812,753.3333129882812,755.3333129882812,1d
285A.T,2025-07-03,849.3333129882812,856.0,805.6666870117188,807.3333129882812,1d
285A.T,2025-07-04,793.3333129882812,865.6666870117188,793.3333129882812,859.3333129882812,1d
285A.T,2025-07-07,820.0,837.0,801.6666870117188,816.6666870117188,1d
285A.T,2025-07-08,851.3333129882812,876.6666870117188,811.0,816.6666870117188,1d
285A.T,2025-07-09,902.6666870117188,908.3333129882812,856.0,858.3333129882812,1d
285A.T,2025-07-10,852.3333129882812,896.6666870117188,845.6666870117188,896.0,1d
285A.T,2025-07-11,829.3333129882812,851.6666870117188,821.0,843.3333129882812,1d
285A.T,2025-07-14,812.3333129882812,836.6666870117188,810.3333129882812,833.3333129882812,1d
285A.T,2025-07-15,816.6666870117188,828.0,792.0,807.0,1d
285A.T,2025-07-16,817.3333129882812,834.0,810.6666870117188,828.6666870117188,1d
285A.T,2025-07-17,804.6666870117188,807.0,777.3333129882812,800.6666870117188,1d
285A.T,2025-07-18,784.3333129882812,816.0,771.3333129882812,810.0,1d
285A.T,2025-07-22,799.3333129882812,799.3333129882812,774.3333129882812,774.3333129882812,1d
285A.T,2025-07-23,845.0,848.6666870117188,792.0,811.6666870117188,1d
285A.T,2025-07-24,855.3333129882812,874.6666870117188,838.6666870117188,841.6666870117188,1d
285A.T,2025-07-25,819.0,854.6666870117188,812.0,845.0,1d
285A.T,2025-07-28,818.0,832.6666870117188,807.0,825.0,1d
285A.T,2025-07-29,809.3333129882812,818.3333129882812,799.0,809.6666870117188,1d
285A.T,2025-07-30,817.3333129882812,818.3333129882812,802.3333129882812,817.6666870117188,1d
285A.T,2025-07-31,826.0,827.3333129882812,808.6666870117188,813.6666870117188,1d
285A.T,2025-08-01,808.0,822.3333129882812,798.3333129882812,810.6666870117188,1d
285A.T,2025-08-04,794.0,806.3333129882812,774.3333129882812,774.6666870117188,1d
285A.T,2025-08-05,790.0,804.3333129882812,790.0,804.0,1d
285A.T,2025-08-06,777.6666870117188,784.6666870117188,764.0,783.3333129882812,1d
285A.T,2025-08-07,766.6666870117188,772.0,756.6666870117188,766.6666870117188,1d
285A.T,2025-08-08,788.0,789.3333129882812,766.3333129882812,766.6666870117188,1d
285A.T,2025-08-12,872.6666870117188,889.6666870117188,845.0,854.6666870117188,1d
285A.T,2025-08-13,859.3333129882812,899.6666870117188,853.3333129882812,883.3333129882812,1d
285A.T,2025-08-14,851.6666870117188,875.0,834.0,840.0,1d
285A.T,2025-08-15,853.3333129882812,868.6666870117188,821.3333129882812,863.3333129882812,1d
285A.T,2025-08-18,814.0,873.3333129882812,812.3333129882812,856.6666870117188,1d
285A.T,2025-08-19,824.3333129882812,827.0,806.6666870117188,823.0,1d
285A.T,2025-08-20,786.0,815.0,784.6666870117188,808.3333129882812,1d
285A.T,2025-08-21,768.3333129882812,794.0,768.3333129882812,786.0,1d
285A.T,2025-08-22,801.0,816.0,760.0,770.3333129882812,1d
285A.T,2025-08-25,797.3333129882812,830.3333129882812,795.0,826.3333129882812,1d
285A.T,2025-08-26,811.0,811.6666870117188,789.0,801.0,1d
285A.T,2025-08-27,805.0,816.0,802.6666870117188,807.3333129882812,1d
285A.T,2025-08-28,823.6666870117188,823.6666870117188,792.0,799.6666870117188,1d
285A.T,2025-08-29,865.3333129882812,881.6666870117188,825.6666870117188,831.3333129882812,1d
285A.T,2025-09-01,892.0,893.0,847.0,849.6666870117188,1d
285A.T,2025-09-02,872.0,913.3333129882812,866.6666870117188,898.3333129882812,1d
285A.T,2025-09-03,874.3333129882812,906.6666870117188,855.6666870117188,863.6666870117188,1d
285A.T,2025-09-04,875.3333129882812,890.6666870117188,871.0,886.6666870117188,1d
285A.T,2025-09-05,1021.6666870117188,1038.3333740234375,938.0,946.6666870117188,1d
285A.T,2025-09-08,1050.0,1121.6666259765625,1013.3333129882812,1028.3333740234375,1d
285A.T,2025-09-09,1058.3333740234375,1100.0,1043.3333740234375,1070.0,1d
285A.T,2025-09-10,1161.6666259765625,1161.6666259765625,1061.6666259765625,1063.3333740234375,1d
285A.T,2025-09-11,1335.0,1335.0,1206.6666259765625,1220.0,1d
285A.T,2025-09-12,1480.0,1500.0,1380.0,1405.0,1d
285A.T,2025-09-16,1568.3333740234375,1588.3333740234375,1436.6666259765625,1583.3333740234375,1d
285A.T,2025-09-17,1480.0,1545.0,1453.3333740234375,1521.6666259765625,1d
285A.T,2025-09-18,1506.6666259765625,1620.0,1468.3333740234375,1540.0,1d
285A.T,2025-09-19,1510.0,1575.0,1446.6666259765625,1538.3333740234375,1d
285A.T,2025-09-22,1606.6666259765625,1630.0,1515.0,1516.6666259765625,1d
285A.T,2025-09-24,1650.0,1726.6666259765625,1623.3333740234375,1666.6666259765625,1d
285A.T,2025-09-25,1630.0,1651.6666259765625,1591.6666259765625,1603.3333740234375,1d
285A.T,2025-09-26,1465.0,1618.3333740234375,1451.6666259765625,1601.6666259765625,1d
285A.T,2025-09-29,1558.3333740234375,1565.0,1473.3333740234375,1488.3333740234375,1d
285A.T,2025-09-30,1625.0,1716.6666259765625,1613.3333740234375,1703.3333740234375,1d
285A.T,2025-10-01,1568.3333740234375,1625.0,1518.3333740234375,1601.6666259765625,1d
285A.T,2025-10-02,1803.3333740234375,1803.3333740234375,1690.0,1726.6666259765625,1d
285A.T,2025-10-03,2060.0,2136.666748046875,1976.6666259765625,2100.0,1d
285A.T,2025-10-06,2106.666748046875,2173.333251953125,2023.3333740234375,2126.666748046875,1d
285A.T,2025-10-07,1966.6666259765625,2093.333251953125,1953.3333740234375,2073.333251953125,1d
285A.T,2025-10-08,1960.0,2060.0,1933.3333740234375,1933.3333740234375,1d
285A.T,2025-10-09,2073.333251953125,2166.666748046875,2053.333251953125,2106.666748046875,1d
285A.T,2025-10-10,2053.333251953125,2103.333251953125,2030.0,2053.333251953125,1d
285A.T,2025-10-14,2000.0,2150.0,1993.3333740234375,2076.666748046875,1d
285A.T,2025-10-15,2106.666748046875,2113.333251953125,1950.0,1983.3333740234375,1d
285A.T,2025-10-16,2293.333251953125,2326.666748046875,2200.0,2210.0,1d
285A.T,2025-10-17,2186.666748046875,2313.333251953125,2180.0,2260.0,1d
285A.T,2025-10-20,2383.333251953125,2463.333251953125,2196.666748046875,2233.333251953125,1d
285A.T,2025-10-21,2346.666748046875,2463.333251953125,2290.0,2440.0,1d
285A.T,2025-10-22,2436.666748046875,2460.0,2210.0,2340.0,1d
285A.T,2025-10-23,2456.666748046875,2456.666748046875,2330.0,2336.666748046875,1d
285A.T,2025-10-24,2926.666748046875,2956.666748046875,2626.666748046875,2706.666748046875,1d
285A.T,2025-10-27,3270.0,3330.0,3093.333251953125,3326.666748046875,1d
285A.T,2025-10-28,3126.666748046875,3230.0,3066.666748046875,3160.0,1d
285A.T,2025-10-29,3360.0,3406.666748046875,3116.666748046875,3176.666748046875,1d
285A.T,2025-10-30,3633.333251953125,3643.333251953125,3400.0,3460.0,1d
285A.T,2025-10-31,3608.333251953125,3703.333251953125,3488.333251953125,3653.333251953125,1d
285A.T,2025-11-04,3586.666748046875,3948.333251953125,3560.0,3786.666748046875,1d
285A.T,2025-11-05,3515.0,3545.0,3103.333251953125,3136.666748046875,1d
285A.T,2025-11-06,3833.333251953125,3863.333251953125,3633.333251953125,3773.333251953125,1d
285A.T,2025-11-07,4013.333251953125,4045.0,3740.0,3813.333251953125,1d
285A.T,2025-11-10,4440.0,4545.0,4218.33349609375,4363.33349609375,1d
285A.T,2025-11-11,4398.33349609375,4801.66650390625,4085.0,4600.0,1d
285A.T,2025-11-12,4413.33349609375,4475.0,4181.66650390625,4298.33349609375,1d
285A.T,2025-11-13,4341.66650390625,4591.66650390625,4276.66650390625,4333.33349609375,1d
285A.T,2025-11-14,3341.666748046875,3341.666748046875,3341.666748046875,3341.666748046875,1d
285A.T,2025-11-17,3721.666748046875,3883.333251953125,3298.333251953125,3333.333251953125,1d
285A.T,2025-11-18,3420.0,3681.666748046875,3320.333251953125,3650.0,1d
285A.T,2025-11-19,3611.666748046875,3665.0,3157.333251953125,3345.0,1d
285A.T,2025-11-20,3778.333251953125,4196.66650390625,3591.666748046875,4166.66650390625,1d
285A.T,2025-11-21,3343.333251953125,3343.333251953125,3113.333251953125,3176.666748046875,1d
285A.T,2025-11-25,3284.333251953125,3763.333251953125,3266.666748046875,3600.0,1d
285A.T,2025-11-26,2795.333251953125,3004.666748046875,2784.333251953125,2950.0,1d
285A.T,2025-11-27,3016.333251953125,3050.0,2816.666748046875,2850.0,1d
285A.T,2025-11-28,3135.333251953125,3158.0,2943.333251953125,3058.0,1d
285A.T,2025-12-01,2960.666748046875,3240.333251953125,2937.0,3235.333251953125,1d
285A.T,2025-12-02,3072.333251953125,3118.333251953125,2960.666748046875,2990.0,1d
285A.T,2025-12-03,3003.666748046875,3196.0,2984.0,3133.333251953125,1d
285A.T,2025-12-04,3023.333251953125,3044.333251953125,2909.0,2992.333251953125,1d
285A.T,2025-12-05,3143.333251953125,3185.0,2989.0,3001.0,1d
285A.T,2025-12-08,3383.333251953125,3426.666748046875,3161.333251953125,3193.333251953125,1d
285A.T,2025-12-09,3291.333251953125,3380.0,3273.333251953125,3366.666748046875,1d
285A.T,2025-12-10,3156.666748046875,3317.0,3125.0,3303.666748046875,1d
285A.T,2025-12-11,3203.333251953125,3324.666748046875,3164.333251953125,3224.333251953125,1d
285A.T,2025-12-12,3296.666748046875,3320.0,3181.0,3263.333251953125,1d
285A.T,2025-12-15,3066.666748046875,3147.0,3028.333251953125,3146.666748046875,1d
285A.T,2025-12-16,2896.0,3052.333251953125,2866.0,3017.333251953125,1d
285A.T,2025-12-17,3100.0,3132.666748046875,2877.333251953125,2916.666748046875,1d
285A.T,2025-12-18,3170.0,3188.0,3016.333251953125,3043.333251953125,1d
285A.T,2025-12-19,3113.333251953125,3206.666748046875,3043.333251953125,3133.666748046875,1d
285A.T,2025-12-22,3375.0,3443.333251953125,3185.333251953125,3200.0,1d
285A.T,2025-12-23,3317.333251953125,3356.666748046875,3238.666748046875,3325.333251953125,1d
285A.T,2025-12-24,3535.0,3566.666748046875,3353.333251953125,3386.666748046875,1d
285A.T,2025-12-25,3598.333251953125,3771.666748046875,3490.0,3618.333251953125,1d
285A.T,2025-12-26,3805.0,3816.666748046875,3585.0,3605.0,1d
285A.T,2025-12-29,3558.333251953125,3851.666748046875,3538.333251953125,3833.333251953125,1d
285A.T,2025-12-30,3478.333251953125,3568.333251953125,3443.333251953125,3466.666748046875,1d
285A.T,2026-01-05,3783.333251953125,3908.333251953125,3735.0,3783.333251953125,1d
285A.T,2026-01-06,3866.666748046875,3866.666748046875,3648.333251953125,3833.333251953125,1d
285A.T,2026-01-07,4230.0,4620.0,4230.0,4533.33349609375,1d
285A.T,2026-01-08,4333.33349609375,4500.0,4333.33349609375,4466.66650390625,1d
285A.T,2026-01-09,4230.0,4326.66650390625,4078.333251953125,4243.33349609375,1d
285A.T,2026-01-13,4561.66650390625,4625.0,4443.33349609375,4563.33349609375,1d
285A.T,2026-01-14,4426.66650390625,4641.66650390625,4341.66650390625,4625.0,1d
285A.T,2026-01-15,4543.33349609375,4566.66650390625,4375.0,4383.33349609375,1d
285A.T,2026-01-16,4916.66650390625,4930.0,4568.33349609375,4630.0,1d
285A.T,2026-01-19,5070.0,5090.0,4743.33349609375,4766.66650390625,1d
285A.T,2026-01-20,5068.33349609375,5223.33349609375,4891.66650390625,5070.0,1d
285A.T,2026-01-21,5500.0,5596.66650390625,5188.33349609375,5190.0,1d
285A.T,2026-01-22,5970.0,6163.33349609375,5756.66650390625,6065.0,1d
285A.T,2026-01-23,5778.33349609375,5990.0,5696.66650390625,5833.33349609375,1d
285A.T,2026-01-26,5816.66650390625,5958.33349609375,5698.33349609375,5733.33349609375,1d
285A.T,2026-01-27,6150.0,6150.0,5800.0,5831.66650390625,1d
285A.T,2026-01-28,6315.0,6508.33349609375,6168.33349609375,6283.33349609375,1d
285A.T,2026-01-29,6415.0,6775.0,6211.66650390625,6600.0,1d
285A.T,2026-01-30,7120.0,7203.33349609375,6721.66650390625,6766.66650390625,1d
285A.T,2026-02-02,6120.0,7045.0,6116.66650390625,6620.0,1d
285A.T,2026-02-03,6928.33349609375,6998.33349609375,6576.66650390625,6653.33349609375,1d
285A.T,2026-02-04,6966.66650390625,7038.33349609375,6726.66650390625,6923.33349609375,1d
285A.T,2026-02-05,6510.0,6625.0,6300.0,6366.66650390625,1d
285A.T,2026-02-06,6365.0,6588.33349609375,6093.33349609375,6233.33349609375,1d
285A.T,2026-02-09,6300.0,6903.33349609375,6300.0,6898.33349609375,1d
285A.T,2026-02-10,6281.66650390625,6540.0,6168.33349609375,6290.0,1d
285A.T,2026-02-12,7058.33349609375,7058.33349609375,6493.33349609375,6595.0,1d
285A.T,2026-02-13,7615.0,8140.0,7350.0,8133.33349609375,1d
285A.T,2026-02-16,7433.33349609375,7856.66650390625,7433.33349609375,7676.66650390625,1d
285A.T,2026-02-17,7456.66650390625,7545.0,7241.66650390625,7433.33349609375,1d
285A.T,2026-02-18,7140.0,7311.66650390625,7100.0,7266.66650390625,1d
285A.T,2026-02-19,7083.33349609375,7583.33349609375,7083.33349609375,7440.0,1d
285A.T,2026-02-20,6853.33349609375,7126.66650390625,6730.0,7090.0,1d
285A.T,2026-02-24,7423.33349609375,7593.33349609375,7001.66650390625,7058.33349609375,1d
285A.T,2026-02-25,7155.0,7358.33349609375,6963.33349609375,7216.66650390625,1d
285A.T,2026-02-26,7080.0,7330.0,6800.0,7216.66650390625,1d
285A.T,2026-02-27,7070.0,7111.66650390625,6925.0,6933.33349609375,1d
285A.T,2026-03-02,7171.66650390625,7263.33349609375,6876.66650390625,6900.0,1d
285A.T,2026-03-03,6733.33349609375,7488.33349609375,6653.33349609375,7220.0,1d
285A.T,2026-03-04,6415.0,6830.0,6100.0,6533.33349609375,1d
285A.T,2026-03-05,6766.66650390625,7081.66650390625,6730.0,6826.66650390625,1d
285A.T,2026-03-06,6658.33349609375,6696.66650390625,6321.66650390625,6666.66650390625,1d
285A.T,2026-03-09,6010.0,6106.66650390625,5616.66650390625,5991.66650390625,1d
285A.T,2026-03-10,6523.33349609375,6686.66650390625,6363.33349609375,6666.66650390625,1d
285A.T,2026-03-11,7126.66650390625,7196.66650390625,6855.0,6868.33349609375,1d
285A.T,2026-03-12,7081.66650390625,7448.33349609375,6975.0,7000.0,1d
285A.T,2026-03-13,7021.66650390625,7063.33349609375,6708.33349609375,6748.33349609375,1d
285A.T,2026-03-16,7538.33349609375,7543.33349609375,7081.66650390625,7200.0,1d
285A.T,2026-03-17,7203.33349609375,7793.33349609375,7133.33349609375,7760.0,1d
285A.T,2026-03-18,7796.66650390625,7803.33349609375,7456.66650390625,7536.66650390625,1d
285A.T,2026-03-19,7453.33349609375,7746.66650390625,7360.0,7633.33349609375,1d
285A.T,2026-03-23,7155.0,7278.33349609375,6933.33349609375,7120.0,1d
285A.T,2026-03-24,7033.33349609375,7426.66650390625,6675.0,7266.66650390625,1d
285A.T,2026-03-25,7481.66650390625,7481.66650390625,7136.66650390625,7188.33349609375,1d
285A.T,2026-03-26,7055.0,7300.0,6981.66650390625,7226.66650390625,1d
285A.T,2026-03-27,6756.66650390625,6860.0,6358.33349609375,6433.33349609375,1d
285A.T,2026-03-30,6673.33349609375,6686.66650390625,6356.66650390625,6456.66650390625,1d
285A.T,2026-03-31,6360.0,6558.33349609375,6180.0,6268.33349609375,1d
285A.T,2026-04-01,7266.66650390625,7271.66650390625,6803.33349609375,6926.66650390625,1d
285A.T,2026-04-02,7031.66650390625,7466.66650390625,6883.33349609375,7408.33349609375,1d
285A.T,2026-04-03,7283.33349609375,7360.0,7166.66650390625,7276.66650390625,1d
285A.T,2026-04-06,7600.0,7611.66650390625,7318.33349609375,7373.33349609375,1d
285A.T,2026-04-07,7756.66650390625,7800.0,7525.0,7766.66650390625,1d
285A.T,2026-04-08,9200.0,9271.6669921875,8613.3330078125,8756.6669921875,1d
285A.T,2026-04-09,9233.3330078125,9405.0,8866.6669921875,8971.6669921875,1d
285A.T,2026-04-10,10046.6669921875,10163.3330078125,9630.0,9666.6669921875,1d
285A.T,2026-04-13,10423.3330078125,10460.0,9843.3330078125,9850.0,1d
285A.T,2026-04-14,11666.6669921875,12290.0,11273.3330078125,12056.6669921875,1d
285A.T,2026-04-15,10803.3330078125,11716.6669921875,10700.0,11666.6669921875,1d
285A.T,2026-04-16,11290.0,11316.6669921875,10336.6669921875,11000.0,1d
285A.T,2026-04-17,10176.6669921875,11160.0,10153.3330078125,11146.6669921875,1d
285A.T,2026-04-20,10170.0,10576.6669921875,10030.0,10393.3330078125,1d
285A.T,2026-04-21,10913.3330078125,10960.0,10236.6669921875,10260.0,1d
285A.T,2026-04-22,11600.0,11693.3330078125,10800.0,11000.0,1d
285A.T,2026-04-23,11793.3330078125,12226.6669921875,11250.0,12166.6669921875,1d
285A.T,2026-04-24,11526.6669921875,11866.6669921875,11383.3330078125,11750.0,1d
285A.T,2026-04-27,11823.3330078125,12146.6669921875,11676.6669921875,11803.3330078125,1d
285A.T,2026-04-28,12106.6669921875,12476.6669921875,12066.6669921875,12133.3330078125,1d
285A.T,2026-04-30,12520.0,12756.6669921875,12306.6669921875,12486.6669921875,1d
285A.T,2026-05-01,12136.6669921875,12330.0,12016.6669921875,12166.6669921875,1d
285A.T,2026-05-07,14470.0,14470.0,14470.0,14470.0,1d
285A.T,2026-05-08,14830.0,15183.3330078125,13966.6669921875,14450.0,1d
285A.T,2026-05-11,15313.3330078125,16476.666015625,15230.0,16400.0,1d
285A.T,2026-05-12,15366.6669921875,15726.6669921875,14543.3330078125,15633.3330078125,1d
285A.T,2026-05-13,16833.333984375,16890.0,14913.3330078125,14933.3330078125,1d
285A.T,2026-05-14,16153.3330078125,17830.0,15036.6669921875,16690.0,1d
285A.T,2026-05-15,14816.6669921875,16156.6669921875,14033.3330078125,16153.3330078125,1d
285A.T,2026-05-18,17150.0,17150.0,17150.0,17150.0,1d
285A.T,2026-05-19,16590.0,17530.0,16000.0,17336.666015625,1d
285A.T,2026-05-20,17096.666015625,17150.0,16090.0,17000.0,1d
285A.T,2026-05-21,18446.666015625,19806.666015625,17040.0,17763.333984375,1d
285A.T,2026-05-22,19133.333984375,19626.666015625,18760.0,19166.666015625,1d
285A.T,2026-05-25,21816.666015625,21930.0,19363.333984375,19460.0,1d
285A.T,2026-05-26,20820.0,22030.0,20370.0,22000.0,1d
285A.T,2026-05-27,20183.333984375,22446.666015625,20056.666015625,21963.333984375,1d
285A.T,2026-05-28,20426.666015625,20613.333984375,18966.666015625,19666.666015625,1d
285A.T,2026-05-29,21950.0,21950.0,20370.0,20833.333984375,1d
285A.T,2026-06-01,24166.666015625,24383.333984375,23090.0,23333.333984375,1d
285A.T,2026-06-02,25846.666015625,25846.666015625,23410.0,24666.666015625,1d
285A.T,2026-06-03,26026.666015625,27713.333984375,25413.333984375,26553.333984375,1d
285A.T,2026-06-04,25640.0,26610.0,25000.0,25666.666015625,1d
285A.T,2026-06-05,26046.666015625,26280.0,24430.0,24670.0,1d
285A.T,2026-06-08,23960.0,24833.333984375,23003.333984375,23046.666015625,1d
285A.T,2026-06-09,25483.333984375,25550.0,24010.0,24676.666015625,1d
285A.T,2026-06-10,23500.0,25226.666015625,23376.666015625,24983.333984375,1d
285A.T,2026-06-11,25146.666015625,25786.666015625,22533.333984375,22583.333984375,1d
285A.T,2026-06-12,27066.666015625,27713.333984375,26306.666015625,26833.333984375,1d
285A.T,2026-06-15,30303.333984375,30330.0,28400.0,28566.666015625,1d
285A.T,2026-06-16,31573.333984375,32536.666015625,30306.666015625,31303.333984375,1d
285A.T,2026-06-17,32000.0,32133.333984375,30773.333984375,31166.666015625,1d
285A.T,2026-06-18,32300.0,33166.66796875,31933.333984375,32500.0,1d
285A.T,2026-06-19,36200.0,36200.0,33323.33203125,33433.33203125,1d
285A.T,2026-06-22,36233.33203125,37566.66796875,34750.0,35200.0,1d
285A.T,2026-06-23,30763.333984375,37166.66796875,30383.333984375,36916.66796875,1d
285A.T,2026-06-24,30833.333984375,32730.0,28850.0,31763.333984375,1d
285A.T,2026-06-25,34616.66796875,35383.33203125,32436.666015625,35333.33203125,1d
285A.T,2026-06-26,30726.666015625,34000.0,29866.666015625,33333.33203125,1d
285A.T,2026-06-29,29483.333984375,31046.666015625,27366.666015625,30910.0,1d
285A.T,2026-06-30,29893.333984375,31626.666015625,28433.333984375,29483.333984375,1d
285A.T,2026-07-01,29376.666015625,31020.0,29040.0,30393.333984375,1d
285A.T,2026-07-02,25420.0,26996.666015625,25000.0,26376.666015625,1d
285A.T,2026-07-03,27766.666015625,28130.0,22396.666015625,22666.666015625,1d
285A.T,2026-07-06,27196.666015625,28266.666015625,26066.666015625,28266.666015625,1d
285A.T,2026-07-07,24133.333984375,26490.0,23706.666015625,26000.0,1d
285A.T,2026-07-08,23956.666015625,25826.666015625,23100.0,23133.333984375,1d
285A.T,2026-07-09,25953.333984375,26650.0,25233.333984375,25740.0,1d
285A.T,2026-07-10,25666.666015625,28016.666015625,25293.333984375,27360.0,1d
285A.T,2026-07-13,22366.666015625,25720.0,22033.333984375,25166.666015625,1d
285A.T,2026-07-14,23033.333984375,23640.0,21020.0,21766.666015625,1d
285A.T,2026-07-15,24366.666015625,24980.0,23733.333984375,24246.666015625,1d
285A.T,2026-07-16,20703.333984375,23100.0,20506.666015625,23036.666015625,1d
285A.T,2026-07-17,17370.0,18916.666015625,17370.0,18633.333984375,1d
285A.T,2026-07-21,20353.333984375,20640.0,17123.333984375,17703.333984375,1d
285A.T,2026-07-22,21423.333984375,22900.0,20916.666015625,22166.666015625,1d
285A.T,2026-07-23,20626.666015625,22396.666015625,20383.333984375,22333.333984375,1d
285A.T,2026-07-24,18670.0,20896.666015625,18360.0,20293.333984375,1d
285A.T,2026-07-27,18183.333984375,19136.666015625,16800.0,18933.333984375,1d
285A.T,2026-07-28,14850.0,15906.6669921875,14850.0,14883.3330078125,1d
285A.T,2026-07-29,12793.3330078125,16273.3330078125,12550.0,14886.6669921875,1d
285A.T,2026-07-30,13166.6669921875,15013.3330078125,12006.6669921875,13000.0,1d
285A.T,2026-07-31,15500.0,15500.0,15500.0,15500.0,1d
285A.T,2026-08-03,16386.666015625,17330.0,14790.0,15833.3330078125,1d
285A.T,2026-08-04,17363.333984375,17526.666015625,15763.3330078125,16996.666015625,1d
285A.T,2026-08-05,18100.0,18933.333984375,17800.0,18666.666015625,1d
285A.T,2026-08-06,16246.6669921875,16770.0,16100.0,16670.0,1d
285A.T,2026-08-07,15910.0,16686.666015625,14723.3330078125,16443.333984375,1d
285A.T,2026-08-10,16003.3330078125,16376.6669921875,15433.3330078125,15500.0,1d
285A.T,2026-08-12,16623.333984375,17370.0,15636.6669921875,16140.0,1d
285A.T,2026-08-13,17266.666015625,18400.0,17236.666015625,17486.666015625,1d
285A.T,2026-08-14,17913.333984375,18760.0,17673.333984375,18503.333984375,1d
285A.T,2026-08-17,20613.333984375,20693.333984375,18193.333984375,18400.0,1d
285A.T,2026-08-18,19050.0,21116.666015625,18876.666015625,20333.333984375,1d
285A.T,2026-08-19,16650.0,17880.0,16526.666015625,17516.666015625,1d
285A.T,2026-08-20,17650.0,17993.333984375,16666.666015625,16833.333984375,1d
285A.T,2026-08-21,18106.666015625,18490.0,17303.333984375,17316.666015625,1d
285A.T,2026-08-24,16976.666015625,18346.666015625,16770.0,18336.666015625,1d
285A.T,2026-08-25,17086.666015625,17233.333984375,16360.0,16636.666015625,1d
285A.T,2026-08-26,16666.666015625,17070.0,16586.666015625,16753.333984375,1d
285A.T,2026-08-27,17500.0,17816.666015625,16860.0,17466.666015625,1d
285A.T,2026-08-28,15966.6669921875,17396.666015625,15933.3330078125,17260.0,1d
285A.T,2026-08-31,16663.333984375,16663.333984375,15326.6669921875,15366.6669921875,1d
285A.T,2026-09-01,17000.0,17303.333984375,16236.6669921875,16500.0,1d
285A.T,2026-09-02,17000.0,17213.333984375,16610.0,16666.666015625,1d
285A.T,2026-09-03,17223.333984375,17470.0,16720.0,17333.333984375,1d
285A.T,2026-09-04,18153.333984375,18400.0,17110.0,17276.666015625,1d
285A.T,2026-09-07,19843.333984375,19930.0,19216.666015625,19333.333984375,1d
285A.T,2026-09-08,19136.666015625,20346.666015625,19013.333984375,19510.0,1d
285A.T,2026-09-09,19000.0,19503.333984375,18673.333984375,19250.0,1d
285A.T,2026-09-10,19363.333984375,19406.666015625,18510.0,18993.333984375,1d
285A.T,2026-09-11,18010.0,18453.333984375,17716.666015625,18363.333984375,1d
285A.T,2026-09-14,16863.333984375,17060.0,16243.3330078125,16500.0,1d
285A.T,2026-09-15,17250.0,17563.333984375,16566.666015625,16640.0,1d
285A.T,2026-09-16,16926.666015625,17230.0,16370.0,17116.666015625,1d
285A.T,2026-09-17,16626.666015625,17360.0,16470.0,17260.0,1d
285A.T,2026-09-18,18190.0,18190.0,16866.666015625,16933.333984375,1d
285A.T,2026-09-24,18193.333984375,19063.333984375,18100.0,18926.666015625,1d
285A.T,2026-09-25,18593.333984375,18746.666015625,18103.333984375,18130.0,1d
285A.T,2026-09-28,17780.0,18690.0,17780.0,18663.333984375,1d
285A.T,2026-09-29,17880.0,18050.0,17185.0,17960.0,1d
285A.T,2026-09-30,18095.0,18460.0,17920.0,18170.0,1d
285A.T,2026-10-01,19100.0,19265.0,18530.0,18635.0,1d
285A.T,2026-10-02,19300.0,19300.0,18590.0,19145.0,1d
285A.T,2026-10-05,19120.0,19750.0,19085.0,19620.0,1d
285A.T,2026-10-06,18735.0,19215.0,18520.0,19000.0,1d
285A.T,2026-10-07,17900.0,18750.0,17820.0,18535.0,1d
285A.T,2026-10-08,17900.0,18630.0,17875.0,18270.0,1d
285A.T,2026-10-09,17505.0,17735.0,17000.0,17100.0,1d
2408.TW,2014-10-13,32.206138610839844,33.449619767901574,29.159611722460188,31.335703747318213,1wk
2408.TW,2014-10-20,38.05050277709961,38.05050277709961,33.13875566868072,33.26310283440313,1wk
2408.TW,2014-10-27,40.35093688964844,42.837899330287456,37.24223627187675,38.23702076152694,1wk
2408.TW,2014-11-03,40.04006576538086,42.2161578564189,39.542674747245535,39.79137147282672,1wk
2408.TW,2014-11-10,41.034854888916016,41.65659555687426,40.28876706057706,40.35094064076742,1wk
2408.TW,2014-11-17,47.873992919921875,47.87399291992187,38.05049760526818,39.79137228692633,1wk
2408.TW,2014-11-24,45.51137924194336,51.10703946746458,43.894851824622364,50.98269232752924,1wk
2408.TW,2014-12-01,44.45442199707031,46.50616455078124,43.58398708926833,44.019202110142224,1wk
2408.TW,2014-12-08,44.26789855957031,45.511379703646284,42.46485041405477,45.511379703646284,1wk
2408.TW,2014-12-15,44.765296936035156,45.07616482337156,43.02442216878798,43.521815654580664,1wk
2408.TW,2014-12-22,45.324859619140625,46.133121000934594,43.7083368555527,45.387033197274434,1wk
2408.TW,2014-12-29,50.3609619140625,51.604443296196976,46.195302690150385,46.31964985515287,1wk
2408.TW,2015-01-05,50.3609619140625,55.5214033240493,49.73922122299526,50.73400340906995,1wk
2408.TW,2015-01-12,46.754859924316406,50.73399797448255,46.0709457240083,50.42313009527627,1wk
2408.TW,2015-01-19,49.11747741699219,50.609653034500724,43.832684311099484,46.69268838899993,1wk
2408.TW,2015-01-26,47.43877029418945,50.298778882227815,47.12790244008414,49.11747130451983,1wk
2408.TW,2015-02-02,49.11747741699219,50.236606697096335,46.319646917650054,47.190081883520946,1wk
2408.TW,2015-02-09,48.37138748168945,49.7392158819476,47.81182043321033,48.99312810599355,1wk
2408.TW,2015-02-16,48.37138748168945,48.371387481689446,48.371387481689446,48.371387481689446,1wk
2408.TW,2015-02-23,48.74443054199219,49.98791183155329,47.93616916359381,48.371389074756536,1wk
2408.TW,2015-03-02,49.0552978515625,50.05007985314352,48.122684554898,48.74442513065636,1wk
2408.TW,2015-03-09,48.6822509765625,50.54747268149566,47.00355484836035,49.05529726397068,1wk
2408.TW,2015-03-16,48.6822509765625,49.303991544873554,47.74964255712285,48.93095012351924,1wk
2408.TW,2015-03-23,48.620079040527344,49.552692357367334,47.31442428979459,49.42834034668238,1wk
2408.TW,2015-03-30,48.43356704711914,49.49052283290801,48.24704629657786,48.93096058128415,1wk
2408.TW,2015-04-06,43.45964050292969,48.682254883390186,42.837899884722965,48.433560582529196,1wk
2408.TW,2015-04-13,43.52180862426758,45.57355094742213,43.33528305594178,43.83267646138782,1wk
2408.TW,2015-04-20,45.20050811767578,46.38181572076608,43.5218119373298,43.95702694242853,1wk
2408.TW,2015-04-27,42.65137481689453,45.82225152209013,41.345719989228954,45.20051089624679,1wk
2408.TW,2015-05-04,38.61006546020508,42.962247390636286,38.29919514852948,42.962247390636286,1wk
2408.TW,2015-05-11,38.299198150634766,39.48050348117763,36.18528181196184,39.23180915876482,1wk
2408.TW,2015-05-18,42.46485137939453,43.27311268160168,36.06092723466807,38.23701928626941,1wk
2408.TW,2015-05-25,41.656593322753906,43.70833595716095,41.221373418708396,41.59441974589803,1wk
2408.TW,2015-06-01,39.79137420654297,42.091813601901094,39.29398072120905,41.28354736346307,1wk
2408.TW,2015-06-08,39.16963577270508,40.53746428487847,38.11267759811903,39.79137644787977,1wk
2408.TW,2015-06-15,36.8070182800293,39.48049897179911,35.93658095192194,39.48049897179911,1wk
2408.TW,2015-06-22,35.687889099121094,37.24223827510031,34.50658138967076,37.1800646973455,1wk
2408.TW,2015-06-29,30.931577682495117,34.320062414169314,30.838317304474963,34.320062414169314,1wk
2408.TW,2015-07-06,24.55414581298828,32.6517911129815,23.83580641361368,32.42322764754597,1wk
2408.TW,2015-07-13,23.509288787841797,27.03568274489181,22.725646254162896,25.141879529251977,1wk
2408.TW,2015-07-20,22.595041275024414,25.141880929023326,21.680789897834877,23.77050514098658,1wk
2408.TW,2015-07-27,22.366474151611328,22.497080374740904,20.342063637882045,22.20321637269936,1wk
2408.TW,2015-08-03,21.811397552490234,23.83580701166031,20.864494663922063,23.73785233351377,1wk
2408.TW,2015-08-10,26.937726974487305,27.65606636047363,21.419574070024847,21.550181579589843,1wk
2408.TW,2015-08-17,25.46839714050293,26.774469706090997,23.705200199157,26.154084981887173,1wk
2408.TW,2015-08-24,26.121431350708008,27.23159192117489,24.48884077325982,26.774467581687283,1wk
2408.TW,2015-08-31,27.329547882080078,29.745781028812708,25.794914455524616,26.154084144005353,1wk
2408.TW,2015-09-07,28.34175682067871,29.582523804663435,27.13364139768082,27.329550763601777,1wk
2408.TW,2015-09-14,28.178491592407227,28.63561847824421,27.46015226380015,28.537661256710763,1wk
2408.TW,2015-09-21,24.619449615478516,27.88463111761929,23.574594601387457,27.819325443180485,1wk
2408.TW,2015-09-28,24.162322998046875,24.61944734397214,23.67254709566229,24.61944734397214,1wk
2408.TW,2015-10-05,24.84800910949707,26.415296490725307,23.868454815666247,24.978615326476685,1wk
2408.TW,2015-10-12,27.100982666015625,27.525457997548223,24.815358453199323,25.076573452105226,1wk
2408.TW,2015-10-19,25.664308547973633,27.721369476589977,24.88066349057779,27.003030090598273,1wk
2408.TW,2015-10-26,26.154085159301758,27.03568235820752,25.337788522524455,26.088782041678357,1wk
2408.TW,2015-11-02,25.925521850585938,27.427503787084223,25.631655263989543,26.12143376014852,1wk
2408.TW,2015-11-09,24.488842010498047,26.2846904586745,24.488842010498047,25.990823884337473,1wk
2408.TW,2015-11-16,24.35823631286621,25.01127259112714,23.868457826423064,24.16232440718997,1wk
2408.TW,2015-11-23,25.5990047454834,26.154086382226932,23.639898347701912,24.325586225799196,1wk
2408.TW,2015-11-30,27.068334579467773,28.47236186471163,25.501049496169976,25.59900417500234,1wk
2408.TW,2015-12-07,24.815359115600586,27.688716513780598,24.162322878651537,27.231592170114162,1wk
2408.TW,2015-12-14,34.545597076416016,34.545597076416016,24.48884467316095,24.554147795559597,1wk
2408.TW,2015-12-21,33.174217224121094,37.81077156842862,31.14980790003965,34.54559284864082,1wk
2408.TW,2015-12-28,30.614776611328125,34.08846551595423,30.078851063779705,34.08846551595423,1wk
2408.TW,2016-01-04,28.739038467407227,30.949733144401286,27.298736034785055,30.4807972903735,1wk
2408.TW,2016-01-11,28.50457191467285,30.68177192369185,27.43272062473844,28.70554371209867,1wk
2408.TW,2016-01-18,26.997276306152344,28.77253250367818,25.791443113254957,27.700678789051256,1wk
2408.TW,2016-01-25,26.56184196472168,27.46621635922998,25.657465014718245,27.332234304915197,1wk
2408.TW,2016-02-01,25.523483276367188,26.963785905964606,25.38950377588896,26.863298725110774,1wk
2408.TW,2016-02-08,25.523483276367188,25.523483276367188,25.523483276367188,25.523483276367188,1wk
2408.TW,2016-02-15,26.695817947387695,26.99727689101648,25.18852578473857,25.22202321052661,1wk
2408.TW,2016-02-22,27.60019302368164,27.868154524487604,26.46134961764605,26.695816250288097,1wk
2408.TW,2016-02-29,27.767675399780273,27.90165745437113,26.96378562773028,27.600198470415492,1wk
2408.TW,2016-03-07,27.43271827697754,29.475936061017272,27.097764458102343,28.136120785516486,1wk
2408.TW,2016-03-14,27.16475486755371,28.705541961162528,27.16475486755371,27.600195864995175,1wk
2408.TW,2016-03-21,26.82979965209961,27.265240627008605,26.29387406755415,26.997276556988492,1wk
2408.TW,2016-03-28,26.72931480407715,27.19824808918801,26.62882763984211,26.863294282397543,1wk
2408.TW,2016-04-04,25.858434677124023,26.729316680305416,25.690957761972975,26.729316680305416,1wk
2408.TW,2016-04-11,26.059406280517578,26.561836973158705,24.98755260291972,25.85843195906541,1wk
2408.TW,2016-04-18,24.920562744140625,26.561836843168376,24.719590979166636,26.025908729244886,1wk
2408.TW,2016-04-25,25.255517959594727,25.958920454355734,24.753087241123325,24.88706927714799,1wk
2408.TW,2016-05-02,25.389503479003906,25.623970157594297,24.820080386649174,25.255521424597195,1wk
2408.TW,2016-05-09,26.72931480407715,27.19824808918801,25.12153550928501,25.38949957691528,1wk
2408.TW,2016-05-16,26.193389892578125,27.365728360630765,25.48998732284555,26.729318093798234,1wk
2408.TW,2016-05-23,26.662321090698242,26.695815958496052,25.95891864496583,26.32736730173094,1wk
2408.TW,2016-05-30,26.159894943237305,27.43272058421225,26.092905196026013,26.796307763724776,1wk
2408.TW,2016-06-06,26.4278564453125,26.695817963313097,25.791443687382035,26.36086414919125,1wk
2408.TW,2016-06-13,24.786579132080078,26.059404488087388,23.547251197673866,24.485120226131563,1wk
2408.TW,2016-06-20,25.62397003173828,26.32737261954972,24.9875571930536,25.289016175114252,1wk
2408.TW,2016-06-27,25.958919525146484,26.628827125795425,25.42299395572627,25.590470855888505,1wk
2408.TW,2016-07-04,25.65746307373047,26.159893822780656,25.65746307373047,25.95892203425957,1wk
2408.TW,2016-07-11,26.963783264160156,27.365726837204328,25.824939733208446,25.99241664789267,1wk
2408.TW,2016-07-18,27.773984909057617,29.070824147341526,27.26965777518005,29.070824147341526,1wk
2408.TW,2016-07-25,27.16159439086914,29.178900545582646,27.017500505169117,28.026154956707007,1wk
2408.TW,2016-08-01,27.08954429626465,27.305686484812913,26.549194321618184,27.19761539053878,1wk
2408.TW,2016-08-08,26.36907958984375,27.161594592907782,26.18896291846951,27.161594592907782,1wk
2408.TW,2016-08-15,26.441129684448242,27.08954809595659,26.333058575015613,26.549198045518395,1wk
2408.TW,2016-08-22,27.12557029724121,27.413755306368905,26.297032555729533,26.58522031321937,1wk
2408.TW,2016-08-29,26.873411178588867,27.413761280363563,26.51317777740574,27.125576208434705,1wk
2408.TW,2016-09-05,27.954111099243164,28.350367286861953,27.017504815318016,27.017504815318016,1wk
2408.TW,2016-09-12,27.882064819335938,28.24229820783288,27.593877009193324,27.6659253359103,1wk
2408.TW,2016-09-19,28.78264045715332,29.322990392838193,28.13421943498671,28.242290521468444,1wk
2408.TW,2016-09-26,28.38639259338379,29.755277843824892,28.27832147566039,28.674577660041695,1wk
2408.TW,2016-10-03,28.78264045715332,29.61117537618632,28.350358859588283,28.494452725443296,1wk
2408.TW,2016-10-10,28.314342498779297,29.43106540267169,28.098203025181178,28.782646981877324,1wk
2408.TW,2016-10-17,29.070831298828125,29.322996301980922,28.314341786094623,28.494458467619857,1wk
2408.TW,2016-10-24,29.250947952270508,30.223579680590458,29.142879592476586,29.17890237907456,1wk
2408.TW,2016-10-31,28.78264045715332,29.683223683294777,28.638546591298308,29.359013172211473,1wk
2408.TW,2016-11-07,28.2783203125,29.178903761942674,27.66592466622401,28.926741495443757,1wk
2408.TW,2016-11-14,28.710596084594727,28.998783855798504,27.88206105201785,28.38638827744332,1wk
2408.TW,2016-11-21,31.232227325439453,32.745208898148675,28.710594119286164,28.818665213180424,1wk
2408.TW,2016-11-28,32.240882873535156,33.429653955926575,31.62848731494696,31.62848731494696,1wk
2408.TW,2016-12-05,32.63713836669922,33.35760500944473,31.84462615902401,32.42099892354799,1wk
2408.TW,2016-12-12,34.94263458251953,35.446961816888155,32.92532839340736,33.141467851461826,1wk
2408.TW,2016-12-19,35.69912338256836,36.45561284558718,33.82591111715391,35.0867278049727,1wk
2408.TW,2016-12-26,34.79853820800781,35.95128648253831,34.4743276699098,35.95128648253831,1wk
2408.TW,2017-01-02,35.12274932861328,35.69912210125655,33.897955469019976,34.79853878513826,1wk
2408.TW,2017-01-09,33.39363098144531,35.37491443823438,33.24953983782329,35.194797760344464,1wk
2408.TW,2017-01-16,34.43830871582031,35.15877543685573,32.9613524873702,33.64579642202633,1wk
2408.TW,2017-01-23,34.582401275634766,34.834563518924675,34.15012235903426,34.43830738731383,1wk
2408.TW,2017-01-30,33.64579391479492,35.627077250000205,33.53772281534793,34.582400032674066,1wk
2408.TW,2017-02-06,32.96135330200195,33.86193672555392,32.56509714531159,33.645797253573946,1wk
2408.TW,2017-02-13,33.429656982421875,33.970007023635404,33.03339808684201,33.14146919442969,1wk
2408.TW,2017-02-20,32.78123092651367,33.60976863169344,32.49304318166105,33.537720321299275,1wk
2408.TW,2017-02-27,33.2135124206543,33.24953795287988,32.24088351453284,32.7812335175697,1wk
2408.TW,2017-03-06,31.988723754882812,34.11409839929728,31.5564420699797,33.71784224940793,1wk
2408.TW,2017-03-13,33.429656982421875,33.429656982421875,31.772581324010446,31.772581324010446,1wk
2408.TW,2017-03-20,35.23081970214844,35.8792380274159,33.28555922962183,33.86193199042472,1wk
2408.TW,2017-03-27,34.87059020996094,36.167429751179135,33.97000681350908,35.66310249949361,1wk
2408.TW,2017-04-03,34.582401275634766,35.37491353885647,34.29421349899288,34.87058905227666,1wk
2408.TW,2017-04-10,34.25818634033203,34.798536291278474,33.35760308875463,34.65444242135369,1wk
2408.TW,2017-04-17,33.5016975402832,34.654443022969645,33.249535324808676,34.5823974609375,1wk
2408.TW,2017-04-24,34.690467834472656,35.086723914173476,32.60111359843273,33.50169684700822,1wk
2408.TW,2017-05-01,35.807193756103516,35.98731042213184,34.69047097640034,34.69047097640034,1wk
2408.TW,2017-05-08,36.74380111694336,37.104034461227116,35.699123868848,36.02333442837584,1wk
2408.TW,2017-05-15,36.45561599731445,39.33748296147726,36.02333705203504,37.03199158883702,1wk
2408.TW,2017-05-22,36.52766036987305,37.248127032993374,36.095378722983526,36.81584538610385,1wk
2408.TW,2017-05-29,38.61701583862305,38.76110973507901,36.527663959280325,36.527663959280325,1wk
2408.TW,2017-06-05,37.46426773071289,39.625667792100174,37.46426773071289,38.61701333077452,1wk
2408.TW,2017-06-12,37.24812698364258,38.40087254376292,36.7437997704541,36.8878936525597,1wk
2408.TW,2017-06-19,38.98552703857422,39.949049958626546,37.87377243297984,38.46671048450071,1wk
2408.TW,2017-06-26,40.6161003112793,41.060803842099105,38.76317600120873,39.13376086322284,1wk
2408.TW,2017-07-03,40.690216064453125,41.87608640699025,39.72669323038655,40.986682236418446,1wk
2408.TW,2017-07-10,42.02432632446289,42.394911207699174,40.393752272755556,40.83845300170379,1wk
2408.TW,2017-07-17,46.91604232788086,47.28662718485834,42.46902404415115,42.54314271194949,1wk
2408.TW,2017-07-24,46.99016189575195,48.99131789989099,46.17487349838222,46.9160432265339,1wk
2408.TW,2017-07-31,45.73017501831055,47.212514546765746,45.43370598168419,46.69369514633877,1wk
2408.TW,2017-08-07,44.5443000793457,47.434863185656944,44.24783388083825,45.952523711105165,1wk
2408.TW,2017-08-14,45.9525260925293,47.06428075605823,45.21135631684334,45.87841024589603,1wk
2408.TW,2017-08-21,47.28662872314453,47.58309492196803,45.87840791722199,46.02663960296466,1wk
2408.TW,2017-08-28,47.7313346862793,48.768973503200364,47.21251527781877,47.7313346862793,1wk
2408.TW,2017-09-04,47.805450439453125,48.0278036336003,46.026641850305595,47.87956628594331,1wk
2408.TW,2017-09-11,55.95830535888672,55.95830535888672,47.21250455700507,48.10190865135557,1wk
2408.TW,2017-09-18,62.25825881958008,65.14882196713872,56.77360155453893,57.811240332467214,1wk
2408.TW,2017-09-25,63.592369079589844,65.66764106078868,58.255943296485746,62.99943099657496,1wk
2408.TW,2017-10-02,62.851192474365234,67.5946740043976,62.851192474365234,65.22293323938142,1wk
2408.TW,2017-10-09,64.55587005615234,65.74174026734521,62.851183394648615,62.851183394648615,1wk
2408.TW,2017-10-16,64.77824401855469,67.07586935159662,63.14766700615164,64.77824401855469,1wk
2408.TW,2017-10-23,61.813560485839844,65.74175690815369,61.51709144432943,65.5935252147368,1wk
2408.TW,2017-10-30,62.33237838745117,65.4452949072159,60.10886901105213,62.48061573868383,1wk
2408.TW,2017-11-06,61.29472732543945,66.77938382452562,61.146495658440756,62.8511881023039,1wk
2408.TW,2017-11-13,61.22061538696289,62.48060725531845,60.25709818081852,61.36885271806848,1wk
2408.TW,2017-11-20,64.33354187011719,66.85351470430237,60.775924514702844,61.81356338125511,1wk
2408.TW,2017-11-27,56.03242492675781,64.7041133046824,55.43949259408502,64.7041133046824,1wk
2408.TW,2017-12-04,57.29242706298828,57.29242706298828,51.585416283783715,56.03243502643191,1wk
2408.TW,2017-12-11,57.95946502685547,58.25593402116006,56.106540880796466,57.070063698617446,1wk
2408.TW,2017-12-18,57.66301345825195,60.257107792279385,56.8477221438161,58.330061763260346,1wk
2408.TW,2017-12-25,56.477134704589844,57.885358410804365,54.0312778350688,57.73712671738247,1wk
2408.TW,2018-01-01,61.887672424316406,62.406488973188665,56.47713113612841,56.47713113612841,1wk
2408.TW,2018-01-08,60.33122634887695,63.221789867404176,57.811247751835865,62.628851731155514,1wk
2408.TW,2018-01-15,59.73828887939453,63.59237549867376,59.73828887939453,60.6276960936946,1wk
2408.TW,2018-01-22,58.8488883972168,60.55357569348404,57.81124945554085,59.145357474078104,1wk
2408.TW,2018-01-29,58.997108459472656,60.405332055505575,57.21830000420351,59.29357747779689,1wk
2408.TW,2018-02-05,54.32774353027344,57.73712316106605,50.84424240265874,56.69948440699623,1wk
2408.TW,2018-02-12,56.32890319824219,56.62537224074721,54.84656364039371,54.84656364039371,1wk
2408.TW,2018-02-19,59.219459533691406,59.66416021804599,56.32889660337261,56.32889660337261,1wk
2408.TW,2018-02-26,58.10771560668945,61.22062662030547,57.292429927378315,59.738286965311744,1wk
2408.TW,2018-03-05,61.739437103271484,62.110021946257085,57.66300383042987,58.70063686704879,1wk
2408.TW,2018-03-12,69.81818389892578,69.81818389892578,61.36885379174227,62.110023496209315,1wk
2408.TW,2018-03-19,70.04054260253906,73.67227557212455,66.85351035981218,70.41112748403398,1wk
2408.TW,2018-03-26,68.1876220703125,70.9299480873565,67.00175151306853,68.85467602584876,1wk
2408.TW,2018-04-02,67.14997863769531,68.85467133519339,66.3346930385479,68.55820230240982,1wk
2408.TW,2018-04-09,69.22525024414062,70.4111206183567,64.70411626168661,66.77938800289573,1wk
2408.TW,2018-04-16,68.70643615722656,72.8569914376771,65.9641102405572,68.92878935249236,1wk
2408.TW,2018-04-23,69.00289916992188,69.81818472352953,65.51940377965454,69.00289916992188,1wk
2408.TW,2018-04-30,67.96526336669922,69.59584019879463,66.18646050212445,68.92878629724089,1wk
2408.TW,2018-05-07,70.85582733154297,72.18993515023847,68.18761734882845,69.52172516752395,1wk
2408.TW,2018-05-14,73.30168914794922,79.67574784458037,69.74407209859972,71.81934965316633,1wk
2408.TW,2018-05-21,74.48756408691406,77.08165835859764,71.81935396697487,74.11697919095927,1wk
2408.TW,2018-05-28,72.26405334472656,74.48756267841046,69.66995912209536,74.48756267841046,1wk
2408.TW,2018-06-04,73.96873474121094,76.3404754045299,72.63462708392166,72.63462708392166,1wk
2408.TW,2018-06-11,68.40996551513672,74.85813963791871,67.81702749375803,74.11696993853337,1wk
2408.TW,2018-06-18,68.55819702148438,69.29936671901395,66.85350445529598,68.40996534384888,1wk
2408.TW,2018-06-25,64.2506103515625,70.58300600449162,62.70612446915238,70.1196614181178,1wk
2408.TW,2018-07-02,61.2388801574707,64.55952195083745,60.0032864846626,64.55952195083745,1wk
2408.TW,2018-07-09,68.57518768310547,68.72963394200663,61.39332470100592,61.39332470100592,1wk
2408.TW,2018-07-16,62.16556930541992,69.27020344076901,61.85667088828578,68.96131091538213,1wk
2408.TW,2018-07-23,63.2467041015625,63.71004873217444,60.08050891867649,61.933887441124256,1wk
2408.TW,2018-07-30,58.536033630371094,63.24671570755452,58.458804601308444,63.24671570755452,1wk
2408.TW,2018-08-06,56.52818298339844,58.458790406215954,56.37373674627155,57.91822268452557,1wk
2408.TW,2018-08-13,50.19580078125,55.98762394831731,49.03743614783654,55.98762394831731,1wk
2408.TW,2018-08-20,52.04917907714844,53.82533443182218,50.65913932849378,51.43138232402492,1wk
2408.TW,2018-08-27,53.82533645629883,55.83317303359567,52.28085040714538,52.58974879532541,1wk
2408.TW,2018-09-03,44.40397644042969,53.825339519787256,44.249527237549145,53.825339519787256,1wk
2408.TW,2018-09-10,46.02568435668945,46.952376600932034,43.40005976818781,44.48119826490963,1wk
2408.TW,2018-09-17,45.17621612548828,48.57408655088287,44.01785160945012,46.48902983283952,1wk
2408.TW,2018-09-24,44.86731719970703,47.87906608329592,44.86731719970703,45.17621557859373,1wk
2408.TW,2018-10-01,40.31108856201172,45.94846234451729,39.61606862550995,44.944546949694136,1wk
2408.TW,2018-10-08,41.16054916381836,41.8555690059142,36.372642224389395,40.156633905359,1wk
2408.TW,2018-10-15,40.23386001586914,44.172301170927,37.68545864840425,41.70112292682912,1wk
2408.TW,2018-10-22,35.52317810058594,40.92887911589249,34.82815822026864,39.38439311151919,1wk
2408.TW,2018-10-29,43.32283401489258,44.63564779174127,35.02122121048347,35.79346426205641,1wk
2408.TW,2018-11-05,41.85557556152344,44.24952793325299,40.311089400182155,43.09116331224703,1wk
2408.TW,2018-11-12,42.16447067260742,44.32675363704763,41.006106061317396,41.31500446934415,1wk
2408.TW,2018-11-19,43.32283401489258,45.17621851701702,42.78226623549028,43.091161688595385,1wk
2408.TW,2018-11-26,47.10682678222656,48.805762107809436,43.01393914278158,43.70895613106082,1wk
2408.TW,2018-12-03,43.01393508911133,49.65522656398634,41.93279372584442,48.80575750831285,1wk
2408.TW,2018-12-10,41.314998626708984,42.087241591694195,39.61606351456688,41.314998626708984,1wk
2408.TW,2018-12-17,41.6239013671875,42.16446914281133,40.31108759951514,40.8516583210124,1wk
2408.TW,2018-12-24,42.47336959838867,44.48120043741761,41.08333263707067,41.16055576708194,1wk
2408.TW,2018-12-31,39.847740173339844,43.16838764267938,38.22603094784141,42.473367719823784,1wk
2408.TW,2019-01-07,41.314998626708984,42.164464709843465,39.69328957858928,40.4655325435745,1wk
2408.TW,2019-01-14,43.55451202392578,44.17230591483015,39.924968864286356,40.92888430524016,1wk
2408.TW,2019-01-21,46.33457946777344,47.80184232926889,43.01393519509099,44.172299681785326,1wk
2408.TW,2019-01-28,46.411800384521484,47.72461399627314,45.176212835739385,47.10682022188209,1wk
2408.TW,2019-02-04,46.411800384521484,46.411800384521484,46.411800384521484,46.411800384521484,1wk
2408.TW,2019-02-11,46.33457946777344,48.65130844116211,45.56233647664388,46.95237327150244,1wk
2408.TW,2019-02-18,47.02960205078125,48.265189729507284,46.33458214032699,46.720703658163046,1wk
2408.TW,2019-02-25,48.03351974487305,48.80576281811579,47.33849980060516,47.64739820825168,1wk
2408.TW,2019-03-04,46.720703125,51.81750592392338,45.56233858471074,51.81750592392338,1wk
2408.TW,2019-03-11,46.411800384521484,47.570164816207104,46.334577267425004,46.720698744653546,1wk
2408.TW,2019-03-18,48.72853469848633,49.9641223854767,45.56233940940263,46.72070397065863,1wk
2408.TW,2019-03-25,47.41572570800781,47.879070371967764,46.48903343421438,47.879070371967764,1wk
2408.TW,2019-04-01,48.110740661621094,48.265189858342474,47.106825301742255,48.110740661621094,1wk
2408.TW,2019-04-08,46.720703125,48.88298301103193,46.643480000663395,48.11073998417243,1wk
2408.TW,2019-04-15,49.1918830871582,49.732453813673374,46.952377054112546,47.18404938094092,1wk
2408.TW,2019-04-22,50.968040466308594,51.740283503676906,48.96020974750034,49.50077751695944,1wk
2408.TW,2019-04-29,51.508609771728516,51.58583879116572,49.80967739555564,50.968041986149956,1wk
2408.TW,2019-05-06,49.269107818603516,51.276941590206384,48.8829862793576,50.968043180460235,1wk
2408.TW,2019-05-13,46.79792785644531,49.500778543273384,45.716789349238155,49.0374338895951,1wk
2408.TW,2019-05-20,46.18013381958008,47.57017072096991,46.025684620342666,46.79792767065629,1wk
2408.TW,2019-05-27,47.57017517089844,47.72462438458373,44.63565189437282,46.411810487069346,1wk
2408.TW,2019-06-03,45.71678924560547,48.03351840049216,45.40789084660453,47.106826149362796,1wk
2408.TW,2019-06-10,46.95237731933594,47.261275720767635,45.63956353206144,46.33458346234602,1wk
2408.TW,2019-06-17,48.65131378173828,48.96021219044794,46.87515529634159,47.02960450069642,1wk
2408.TW,2019-06-24,49.80967712402344,50.118575524847394,48.34241413891987,48.8057617401558,1wk
2408.TW,2019-07-01,53.739749908447266,57.813567014398885,50.35934496258766,57.20683054770193,1wk
2408.TW,2019-07-08,57.813568115234375,59.98049355602924,52.26624097067901,53.65307523666722,1wk
2408.TW,2019-07-15,58.680335998535156,60.673909971337366,57.55353878111201,57.90024816067736,1wk
2408.TW,2019-07-22,66.74130249023438,67.43472126517565,59.46043180507704,59.46043180507704,1wk
2408.TW,2019-07-29,62.66748046875,66.74129726715732,61.97406174807466,66.04787854648198,1wk
2408.TW,2019-08-05,59.02705001831055,63.44757676971204,59.02705001831055,63.014191664419116,1wk
2408.TW,2019-08-12,61.80071258544922,62.84083409074421,58.33363208389092,58.420307773843625,1wk
2408.TW,2019-08-19,61.974063873291016,62.75415830756904,59.98048994268399,62.75415830756904,1wk
2408.TW,2019-08-26,61.0206184387207,63.70760451755514,60.41387538031855,60.673909064338226,1wk
2408.TW,2019-09-02,66.8279800415039,68.0414596249168,61.19397383052353,61.714034619719996,1wk
2408.TW,2019-09-09,67.43473052978516,67.86811567043176,66.04789278937005,67.86811567043176,1wk
2408.TW,2019-09-16,71.85525512695312,72.28864025243182,66.22124849573017,66.82798502622745,1wk
2408.TW,2019-09-23,69.7750015258789,75.14897415350677,69.7750015258789,72.28863644380749,1wk
2408.TW,2019-09-30,68.64818572998047,72.02859026800974,68.4748343641044,69.77498944696713,1wk
2408.TW,2019-10-07,61.887393951416016,71.24850819642104,61.887393951416016,69.16826499504117,1wk
2408.TW,2019-10-14,62.66748046875,64.40102065750733,60.067170185614,63.36089257649432,1wk
2408.TW,2019-10-21,62.14741134643555,63.707600116920204,61.10728990806632,62.14741134643554,1wk
2408.TW,2019-10-28,61.1939697265625,63.10086797630607,60.06717252769388,62.75415860244985,1wk
2408.TW,2019-11-04,62.754154205322266,64.14098499064187,60.41387105547279,61.2806411229139,1wk
2408.TW,2019-11-11,59.8071403503418,62.75416018294493,57.900248665503476,62.75416018294493,1wk
2408.TW,2019-11-18,60.760581970214844,62.667480135465055,59.28707546278008,60.93393995592722,1wk
2408.TW,2019-11-25,61.714027404785156,62.49412180384553,60.2405209055063,61.36732466114139,1wk
2408.TW,2019-12-02,65.26778411865234,68.30147914066006,61.02060976525548,61.974055449586125,1wk
2408.TW,2019-12-09,68.99490356445312,70.2083831136959,65.00776214231102,65.8745323042085,1wk
2408.TW,2019-12-16,72.37530517578125,74.715581859646,69.3416097492515,69.3416097492515,1wk
2408.TW,2019-12-23,72.46197509765625,73.67545449426558,71.33517799667884,72.37529941495502,1wk
2408.TW,2019-12-30,73.50210571289062,77.74927383093998,72.11526828919271,72.80868700104166,1wk
2408.TW,2020-01-06,73.06871795654297,73.50210298211456,69.341604091455,72.80868429602774,1wk
2408.TW,2020-01-13,72.46197509765625,75.6690282610474,71.7685630231157,73.67545449426558,1wk
2408.TW,2020-01-20,73.84880828857422,74.02216627260917,73.15539619122717,73.24207187677918,1wk
2408.TW,2020-01-27,67.69474792480469,73.84881471561758,67.17468715330092,73.84881471561758,1wk
2408.TW,2020-02-03,73.06871795654297,74.02216369021434,64.31433514965222,65.18110520079541,1wk
2408.TW,2020-02-10,75.23564910888672,75.32232479835545,71.33518356641305,71.85524431615663,1wk
2408.TW,2020-02-17,73.1553955078125,76.88250285517807,71.16182169408542,74.97561133912414,1wk
2408.TW,2020-02-24,67.00133514404297,74.19552341096231,67.00133514404297,71.59521296469308,1wk
2408.TW,2020-03-02,68.04146575927734,69.8616819920346,64.40103329376282,65.18112124142142,1wk
2408.TW,2020-03-09,54.51984786987305,67.17469169180788,51.57282781500089,66.65463088516736,1wk
2408.TW,2020-03-16,42.16836929321289,55.733323518991504,39.178011602142526,54.86655005896715,1wk
2408.TW,2020-03-23,47.672359466552734,51.1394401550293,38.13788757324219,40.651522394974016,1wk
2408.TW,2020-03-30,46.718910217285156,47.845710698164744,45.07204568690806,45.76546111310584,1wk
2408.TW,2020-04-06,53.739749908447266,56.51341177467839,46.805588629937944,47.41232840310066,1wk
2408.TW,2020-04-13,52.95965576171875,54.95322978649696,51.65950051414988,52.52627067919579,1wk
2408.TW,2020-04-20,51.22610855102539,53.30635799030641,48.625798405156786,52.872972965994975,1wk
2408.TW,2020-04-27,56.34006118774414,57.20683135986328,51.91953463252285,52.00621032714844,1wk
2408.TW,2020-05-04,55.2999382019043,56.426738802713885,53.73975250028595,53.82642819786134,1wk
2408.TW,2020-05-11,52.09288024902344,56.60008861232889,51.31278916444266,55.733318536262175,1wk
2408.TW,2020-05-18,51.486148834228516,53.21968915448583,50.70605436752642,51.22611514101731,1wk
2408.TW,2020-05-25,51.832855224609375,54.95322980362679,50.27266958833356,51.5728248363077,1wk
2408.TW,2020-06-01,55.64664077758789,55.73332308261022,51.746178423579735,52.78630326099924,1wk
2408.TW,2020-06-08,53.04633712768555,56.60009694673192,51.57282712010369,56.253387542665855,1wk
2408.TW,2020-06-15,51.832855224609375,53.73975024959794,51.832855224609375,52.61294969598018,1wk
2408.TW,2020-06-22,52.699623107910156,52.78630210456783,51.57282260308545,52.00620766697692,1wk
2408.TW,2020-06-29,53.13714599609375,54.6477344557304,52.24856494803309,53.84801015660874,1wk
2408.TW,2020-07-06,52.95942687988281,54.64773215601703,52.69285325461624,52.87057013468314,1wk
2408.TW,2020-07-13,53.492576599121094,56.42489320590386,53.403716465783745,53.67029347612831,1wk
2408.TW,2020-07-20,53.67029571533203,55.891748296435715,53.49257883091021,54.11458623155277,1wk
2408.TW,2020-07-27,53.8480110168457,54.38116168799995,51.80427525159048,53.670297516128706,1wk
2408.TW,2020-08-03,48.87195587158203,54.11458522094604,48.42766536365856,54.02572508556081,1wk
2408.TW,2020-08-10,48.96080780029297,49.93824885535966,47.716796534299775,48.60537746272373,1wk
2408.TW,2020-08-17,44.2957649230957,49.67168310098288,42.651891301709426,48.87195878320872,1wk
2408.TW,2020-08-24,47.89451599121094,48.69423683629378,44.07361508036793,44.34019208506296,1wk
2408.TW,2020-08-31,46.917076110839844,48.42766448841188,45.13991411126509,48.072230732629926,1wk
2408.TW,2020-09-07,47.361366271972656,49.138528258835926,46.82821903178067,47.18364939535283,1wk
2408.TW,2020-09-14,50.0271110534668,51.18226570858515,47.53908486021167,47.62794160688708,1wk
2408.TW,2020-09-21,46.6505012512207,51.00454939053493,46.38392763629007,50.027108282899384,1wk
2408.TW,2020-09-28,51.09341049194336,51.09341049194336,47.18365250712757,47.36136939546787,1wk
2408.TW,2020-10-05,52.78171157836914,53.40371555275896,49.76053488990104,50.915689486197394,1wk
2408.TW,2020-10-12,53.403717041015625,56.247176934756524,52.15970566790041,52.95942653854572,1wk
2408.TW,2020-10-19,54.558876037597656,55.625170550913694,53.759151762943034,53.759151762943034,1wk
2408.TW,2020-10-26,51.3599853515625,55.00316978537933,50.56026441950597,54.3811623562235,1wk
2408.TW,2020-11-02,53.13714599609375,53.40371963257841,51.00455351454879,51.359983899972434,1wk
2408.TW,2020-11-09,55.26974105834961,55.8028883235155,52.51513781587877,53.84800936846115,1wk
2408.TW,2020-11-16,61.134376525878906,61.31209001709294,56.0694606742571,56.24717755513871,1wk
2408.TW,2020-11-23,63.3558235168457,64.95526513576954,60.77893744380033,62.289522324895266,1wk
2408.TW,2020-11-30,77.8396987915039,79.52800414600118,63.622401960933864,64.24441276487255,1wk
2408.TW,2020-12-07,75.79596710205078,81.74945749014216,73.6633712029626,78.81713728147896,1wk
2408.TW,2020-12-14,75.35166931152344,78.28398245830114,73.75222084649208,74.90737882449638,1wk
2408.TW,2020-12-21,74.64080810546875,76.86226072765533,71.17534065899062,76.77340397863493,1wk
2408.TW,2020-12-28,77.12883758544922,79.7057171980843,74.6408079423049,75.35167549158481,1wk
2408.TW,2021-01-04,85.92578125,86.10350152021066,77.9285521325687,78.63941965474109,1wk
2408.TW,2021-01-11,76.5956802368164,83.08232431194276,76.06253298747309,82.46032031759808,1wk
2408.TW,2021-01-18,75.88481903076172,78.81713227378309,73.39678951001476,76.06253251967149,1wk
2408.TW,2021-01-25,70.99761962890625,76.77339583384686,69.93131841577794,75.52938114153118,1wk
2408.TW,2021-02-01,77.03996276855469,79.35027857551412,71.35305032496515,72.06391099074665,1wk
2408.TW,2021-02-08,77.03996276855469,77.03996276855469,77.03996276855469,77.03996276855469,1wk
2408.TW,2021-02-15,82.63803100585938,84.41519296297463,77.03996812921238,77.03996812921238,1wk
2408.TW,2021-02-22,85.74806213378906,90.63525738493766,84.14861370349746,84.68176769981778,1wk
2408.TW,2021-03-01,79.70571899414062,89.74668776246777,78.19513389205112,85.7480729611697,1wk
2408.TW,2021-03-08,83.08232116699219,83.88204540040239,75.97367336660783,82.01602670866846,1wk
2408.TW,2021-03-15,82.19374084472656,85.3037742820946,81.30515986262141,82.63803133577913,1wk
2408.TW,2021-03-22,81.66059112548828,82.549172080544,78.81712800170914,82.37145182193206,1wk
2408.TW,2021-03-29,89.3023910522461,89.3023910522461,80.50543774197871,82.54917676635121,1wk
2408.TW,2021-04-05,91.07955932617188,93.30101199266387,85.48149589487784,89.30239719297828,1wk
2408.TW,2021-04-12,87.70293426513672,93.30099678390478,86.28120614620124,93.30099678390478,1wk
2408.TW,2021-04-19,83.88204956054688,90.63526394997186,81.92716725088756,88.68038841964771,1wk
2408.TW,2021-04-26,81.3940200805664,85.65921168853279,81.3940200805664,84.3263401584602,1wk
2408.TW,2021-05-03,75.97367095947266,82.63802806118078,72.50820391071751,82.63802806118078,1wk
2408.TW,2021-05-10,64.86640930175781,76.15138464663114,61.223228765334234,76.15138464663114,1wk
2408.TW,2021-05-17,67.79873657226562,69.84246891199365,59.53493012654795,59.53493012654795,1wk
2408.TW,2021-05-24,71.61963653564453,73.30794201054238,66.11043633264723,66.64358364594761,1wk
2408.TW,2021-05-31,73.0413589477539,75.17395480462793,71.17534011523989,72.33049818168612,1wk
2408.TW,2021-06-07,70.02018737792969,72.8636439419802,68.42073882356677,72.77478719547896,1wk
2408.TW,2021-06-14,70.10904693603516,71.44191852501173,69.3093226267821,70.02019018597048,1wk
2408.TW,2021-06-21,71.08648681640625,72.3305016915605,64.86641921997071,69.22046789334273,1wk
2408.TW,2021-06-28,70.6421890258789,73.1302185209143,68.86502703780648,72.24163752687808,1wk
2408.TW,2021-07-05,69.84246826171875,72.41935462892168,68.1541629329075,71.79735061378163,1wk
2408.TW,2021-07-12,68.77617645263672,71.08648588813396,67.88759537903505,70.81990885431922,1wk
2408.TW,2021-07-19,65.22184753417969,68.06530405637754,63.26696524325045,67.62101355107568,1wk
2408.TW,2021-07-26,64.2444076538086,66.19928310075464,62.733815918136756,65.48841560404615,1wk
2408.TW,2021-08-02,66.54232788085938,69.43547676998911,65.72862954023556,66.18068340749383,1wk
2408.TW,2021-08-09,58.134132385253906,67.26561948507243,57.41084340994764,66.36151171483704,1wk
2408.TW,2021-08-16,58.40536117553711,62.383436784854965,57.230021751978754,57.59166624333401,1wk
2408.TW,2021-08-23,58.76700210571289,61.56973467273414,58.134129457538414,59.399874753887374,1wk
2408.TW,2021-08-30,59.671112060546875,61.93138145677971,58.8574136983441,59.58070266425652,1wk
2408.TW,2021-09-06,60.39440155029297,61.29850931662792,57.59166540531615,60.48481094736749,1wk
2408.TW,2021-09-13,58.676597595214844,60.84645769461322,57.772489795281786,60.57522259551526,1wk
2408.TW,2021-09-20,58.676597595214844,58.947825796517705,56.50673749581647,58.676597595214844,1wk
2408.TW,2021-09-27,58.134132385253906,61.750563466195494,57.86289729506534,58.586186270371606,1wk
2408.TW,2021-10-04,55.69303894042969,59.30947013003934,55.512220140067235,58.49577173281815,1wk
2408.TW,2021-10-11,57.5916633605957,57.86289499108696,53.704000793161505,55.69303504936228,1wk
2408.TW,2021-10-18,56.14508819580078,58.40535750237726,55.873856568791055,57.862894248357804,1wk
2408.TW,2021-10-25,60.123165130615234,60.846454086793145,55.96427087707898,55.96427087707898,1wk
2408.TW,2021-11-01,59.399879455566406,62.38343794236265,59.219060655431214,61.208095048098656,1wk
2408.TW,2021-11-08,62.1121940612793,63.28753678934186,59.671106115665175,59.76151550294827,1wk
2408.TW,2021-11-15,62.92589569091797,65.09575559014849,62.6546675146357,62.6546675146357,1wk
2408.TW,2021-11-22,66.45191192626953,69.25464424700239,64.6436966357588,64.8245154056923,1wk
2408.TW,2021-11-29,71.24369049072266,72.3286169864009,64.28205696710491,65.18616467943492,1wk
2408.TW,2021-12-06,70.33959197998047,71.5149280210863,69.07383963757812,71.42451861758514,1wk
2408.TW,2021-12-13,68.44095611572266,71.15327945290261,67.44643893831567,70.97246065620858,1wk
2408.TW,2021-12-20,68.44095611572266,72.23821292645155,68.26013731902864,68.9834263013946,1wk
2408.TW,2021-12-27,70.6108169555664,70.97246145079826,68.44095688197025,68.89301077656133,1wk
2408.TW,2022-01-03,66.63273620605469,70.5204021612409,66.27109863628392,70.3395833763555,1wk
2408.TW,2022-01-10,67.17520141601562,67.98889278595281,65.72862365214064,66.45191253407813,1wk
2408.TW,2022-01-17,65.36698913574219,68.71218484956376,65.09575406800776,67.17520452652018,1wk
2408.TW,2022-01-24,65.09575653076172,66.90397198994954,64.1916488011678,64.73411205936523,1wk
2408.TW,2022-01-31,65.09575653076172,65.09575653076172,65.09575653076172,65.09575653076172,1wk
2408.TW,2022-02-07,71.42451477050781,71.8765686614604,67.17521095467154,67.80808364288717,1wk
2408.TW,2022-02-14,75.49298858642578,76.12586118072734,70.06834269997603,70.88204096250227,1wk
2408.TW,2022-02-21,69.70670318603516,75.1313494557312,68.62177669121373,75.04094006412848,1wk
2408.TW,2022-02-28,73.77519226074219,75.3121796002587,69.70670731734323,69.70670731734323,1wk
2408.TW,2022-03-07,68.35054016113281,71.96697093048158,67.17520429977102,71.96697093048158,1wk
2408.TW,2022-03-14,67.62725830078125,68.89300355471599,63.739592455712284,68.53136599518852,1wk
2408.TW,2022-03-21,62.293025970458984,68.16972640356276,62.293025970458984,67.8080819204282,1wk
2408.TW,2022-03-28,62.56425094604492,63.64918433972441,61.0272705939087,61.66014323354257,1wk
2408.TW,2022-04-04,60.39440155029297,62.56425467126098,59.85193137225611,62.56425467126098,1wk
2408.TW,2022-04-11,57.772483825683594,61.1176795806607,57.23001713243801,60.394397554127636,1wk
2408.TW,2022-04-18,60.03275680541992,60.48481068663875,57.23002067252471,57.23002067252471,1wk
2408.TW,2022-04-25,59.30946731567383,59.580702401141885,55.60262690178073,58.767004042532484,1wk
2408.TW,2022-05-02,60.39440155029297,61.479328110776976,58.94782360592116,59.30946809201411,1wk
2408.TW,2022-05-09,59.219058990478516,60.123166761325514,57.95330673173374,59.58070347837629,1wk
2408.TW,2022-05-16,60.39440155029297,61.479328110776976,59.30946809201411,60.12316646127454,1wk
2408.TW,2022-05-23,57.772483825683594,60.93686079847603,57.32042997242753,60.93686079847603,1wk
2408.TW,2022-05-30,60.39440155029297,60.84645543346044,58.2245415315301,58.31495092860463,1wk
2408.TW,2022-06-06,58.85741424560547,60.75603917653567,58.5861860542125,59.851931409636066,1wk
2408.TW,2022-06-13,54.33687210083008,56.777963612523834,53.61358662115342,56.41632259713411,1wk
2408.TW,2022-06-20,53.25194549560547,54.78892584340246,52.2574249453223,54.78892584340246,1wk
2408.TW,2022-06-27,46.69657516479492,57.91149001671833,46.55155695557379,57.52476741600854,1wk
2408.TW,2022-07-04,48.001766204833984,49.50030998546752,46.06816037483963,46.696580056751536,1wk
2408.TW,2022-07-11,49.693668365478516,49.88702598658775,45.584756219883545,47.421679436842815,1wk
2408.TW,2022-07-18,51.91731262207031,52.88411545045874,49.790345662003766,50.080385772908265,1wk
2408.TW,2022-07-25,50.56378936767578,51.337230926129315,50.17707043247915,51.24055211434523,1wk
2408.TW,2022-08-01,51.43391036987305,51.72395047605198,48.34014063182428,50.7571476634155,1wk
2408.TW,2022-08-08,52.30403137207031,52.49739267473703,49.88702430888666,51.14387093219023,1wk
2408.TW,2022-08-15,52.49739456176758,53.17415730139741,51.43391289096372,52.6907558713847,1wk
2408.TW,2022-08-22,51.72395324707031,52.49739480100324,50.85382919385812,51.820632058289334,1wk
2408.TW,2022-08-29,50.370426177978516,52.01399173344936,50.370426177978516,50.46710867421805,1wk
2408.TW,2022-09-05,49.40362548828125,50.757150989902776,48.3401437999074,50.56378967709109,1wk
2408.TW,2022-09-12,47.47001647949219,51.0471876128771,47.17997637420369,50.37042490849725,1wk
2408.TW,2022-09-19,46.019813537597656,47.61503969288801,44.472930474575605,47.56670028867985,1wk
2408.TW,2022-09-26,47.32500076293945,47.32500076293945,43.74782944118622,44.85965420607582,1wk
2408.TW,2022-10-03,48.533504486083984,49.88702628216937,45.149694463780165,46.406537448738106,1wk
2408.TW,2022-10-10,53.367515563964844,53.75423447305893,46.986614839282296,48.53350153983868,1wk
2408.TW,2022-10-17,53.850921630859375,55.10776464838594,51.337231907745924,51.917315853723025,1wk
2408.TW,2022-10-24,51.33723068237305,55.784526076469966,51.047190560337654,55.204442144338934,1wk
2408.TW,2022-10-31,53.077476501464844,54.52768073715448,51.433910963404564,52.20735248482702,1wk
2408.TW,2022-11-07,57.8148078918457,57.911490386670806,53.367516395572984,53.560877697163114,1wk
2408.TW,2022-11-14,58.684932708740234,59.94177565420015,55.3978016008665,58.00816998793563,1wk
2408.TW,2022-11-21,57.71813201904297,58.87829619949785,55.687843781231855,58.87829619949785,1wk
2408.TW,2022-11-28,54.237640380859375,57.13804903626491,54.044282754280594,57.04137022297552,1wk
2408.TW,2022-12-05,51.91731262207031,55.01108241052529,51.240549904586395,54.14095838975167,1wk
2408.TW,2022-12-12,52.69075393676758,54.237636980788096,51.530589809722144,51.72395111223973,1wk
2408.TW,2022-12-19,49.693668365478516,52.787434559948906,48.43682169990717,52.400715629670216,1wk
2408.TW,2022-12-26,49.500308990478516,50.56379070037455,48.82354622597178,49.98371043826042,1wk
2408.TW,2023-01-02,53.174156188964844,54.23763783752008,49.306944829767396,49.5003061353393,1wk
2408.TW,2023-01-09,54.140960693359375,55.591164997645784,53.560880446868914,53.754238070325556,1wk
2408.TW,2023-01-16,55.78452682495117,55.881205637573395,54.33432250725605,54.914402759109976,1wk
2408.TW,2023-01-23,55.78452682495117,55.78452682495117,55.78452682495117,55.78452682495117,1wk
2408.TW,2023-01-30,57.91149139404297,59.16833434415155,55.39780180576566,58.49157162084381,1wk
2408.TW,2023-02-06,56.36460494995117,57.42809028896771,55.59116341397743,57.42809028896771,1wk
2408.TW,2023-02-13,57.71813201904297,58.10485095382109,55.20444234671401,56.07456640407024,1wk
2408.TW,2023-02-20,56.46128845214844,58.491572981231556,56.46128845214844,57.71813143148847,1wk
2408.TW,2023-02-27,55.97788619995117,56.461287622444495,54.72103955102039,56.461287622444495,1wk
2408.TW,2023-03-06,56.75132751464844,59.36169592343591,55.68784217651865,56.171243597106695,1wk
2408.TW,2023-03-13,57.3314094543457,58.008172200969064,55.59116502592869,56.36460658432956,1wk
2408.TW,2023-03-20,61.1986198425293,62.55214162356676,56.26792676864246,57.621448549679926,1wk
2408.TW,2023-03-27,64.29238891601562,64.7757903364368,58.781611985602254,61.101940278847934,1wk
2408.TW,2023-04-03,66.32267761230469,66.51604261840727,61.97206455262714,64.29239299301265,1wk
2408.TW,2023-04-10,65.35587310791016,67.57952267879048,64.09903379159917,65.74259573451377,1wk
2408.TW,2023-04-17,62.358787536621094,66.03264153573856,62.06874371390941,64.67911598995208,1wk
2408.TW,2023-04-24,65.54924011230469,65.74259774345477,60.23182043028838,62.45546638105786,1wk
2408.TW,2023-05-01,64.48574829101562,65.7425949688087,64.00234685742144,65.54923734581924,1wk
2408.TW,2023-05-08,61.68202209472656,64.77579200261265,60.52185791826175,64.48574819245125,1wk
2408.TW,2023-05-15,67.57952117919922,67.86955761062556,61.10194129971831,61.198620110193765,1wk
2408.TW,2023-05-22,69.51312255859375,70.8666479492102,66.3226703790064,69.60980136304065,1wk
2408.TW,2023-05-29,70.47992706298828,71.06000727984461,68.15959881944279,69.70648185643307,1wk
2408.TW,2023-06-05,68.93304443359375,70.57660628709164,67.67619780953993,70.47992747973062,1wk
2408.TW,2023-06-12,75.89402770996094,76.18407153063839,69.1264074046141,69.31976503431856,1wk
2408.TW,2023-06-19,72.12348937988281,76.18406567675397,71.2533653608304,75.41062046512512,1wk
2408.TW,2023-06-26,70.57318115234375,73.36420623215511,68.97830098679182,73.26452812304618,1wk
2408.TW,2023-07-03,68.87862396240234,70.57318226374956,67.782149535032,70.27414032676113,1wk
2408.TW,2023-07-10,71.47029113769531,71.76933306745725,68.28054604334476,68.97830040618638,1wk
2408.TW,2023-07-17,69.87541961669922,72.16805416533758,68.87862330945686,71.47029218729654,1wk
2408.TW,2023-07-24,74.56036376953125,75.25811811403823,65.98790979443417,69.87541675442787,1wk
2408.TW,2023-07-31,69.67606353759766,75.45747756827895,68.08119096378738,75.0587651285406,1wk
2408.TW,2023-08-07,67.6824722290039,70.17446305035934,66.78535401232546,69.07798860995344,1wk
2408.TW,2023-08-14,64.3930435180664,67.78215267269152,62.20009456181335,67.78215267269152,1wk
2408.TW,2023-08-21,64.79176330566406,65.68888154934841,62.5988105563617,64.09400889666107,1wk
2408.TW,2023-08-28,67.98150634765625,69.47670083569813,64.39304109734624,65.68887936229683,1wk
2408.TW,2023-09-04,66.98471069335938,68.97830336405403,65.78855813292358,66.98471069335938,1wk
2408.TW,2023-09-11,72.16805267333984,73.26452706764755,65.38983488224329,66.486309276551,1wk
2408.TW,2023-09-18,71.76933288574219,73.96228168193677,69.67606219756513,72.16805292276452,1wk
2408.TW,2023-09-25,65.38983917236328,72.56677746997126,65.38983917236328,72.56677746997126,1wk
2408.TW,2023-10-02,68.97830200195312,70.274140254297,66.78535314947374,67.08439508615382,1wk
2408.TW,2023-10-09,70.57318115234375,71.47029173927639,67.08439409886536,68.97830098679182,1wk
2408.TW,2023-10-16,70.07478332519531,71.27093584992645,69.37702134830857,70.573181477992,1wk
2408.TW,2023-10-23,64.5924072265625,70.47349967175204,64.29336527631946,70.2741434415585,1wk
2408.TW,2023-10-30,65.88823699951172,66.18727894551924,63.79496619231684,64.29336436569432,1wk
2408.TW,2023-11-06,63.49592590332031,66.48631104006667,63.39624399052719,65.09080228572469,1wk
2408.TW,2023-11-13,67.18407440185547,69.07798895657955,62.39944895886332,63.9943215715432,1wk
2408.TW,2023-11-20,70.57318115234375,71.07157930284066,67.48310653530109,67.6824703584712,1wk
2408.TW,2023-11-27,73.46388244628906,74.75972064613624,68.77894299444534,70.4734936204436,1wk
2408.TW,2023-12-04,71.86901092529297,74.95907790060599,70.1744602757526,73.56356917978552,1wk
2408.TW,2023-12-11,74.26132202148438,76.6536345874622,71.66965324373841,72.26772948399486,1wk
2408.TW,2023-12-18,75.65684509277344,79.54435240994255,70.87221953241874,74.2613286705906,1wk
2408.TW,2023-12-25,77.75011444091797,80.04274906256708,74.85940353686769,76.25491993243878,1wk
2408.TW,2024-01-01,74.46067810058594,78.34818506275451,72.56677127730687,77.75010882356365,1wk
2408.TW,2024-01-08,68.57958984375,75.15844403339435,67.78214974593452,75.15844403339435,1wk
2408.TW,2024-01-15,69.07798767089844,71.47029274291639,67.58279319841105,69.27734389191582,1wk
2408.TW,2024-01-22,70.77253723144531,72.26773167999697,68.28054648385921,69.87541904132387,1wk
2408.TW,2024-01-29,67.38343048095703,71.27093769436757,67.28375236880855,70.67286141652421,1wk
2408.TW,2024-02-05,67.98150634765625,68.08119206415432,66.58599757611245,66.984710022295,1wk
2408.TW,2024-02-12,65.68888092041016,69.17766814192713,63.894644450220376,69.17766814192713,1wk
2408.TW,2024-02-19,67.48310852050781,68.97830301598393,64.49271952955557,65.5892015768667,1wk
2408.TW,2024-02-26,66.08760070800781,68.87862591072066,65.48951681711338,67.18407516639331,1wk
2408.TW,2024-03-04,64.79176330566406,67.18407608717142,64.29336512638972,66.58599979303276,1wk
2408.TW,2024-03-11,63.69528579711914,66.78535284038531,62.89784570629779,64.59240399805508,1wk
2408.TW,2024-03-18,69.37702178955078,71.27093630321407,61.20329507368059,63.695285853513255,1wk
2408.TW,2024-03-25,67.38343048095703,70.27414136297782,66.78535420311367,69.47670125588502,1wk
2408.TW,2024-04-01,67.98150634765625,71.07158104023807,67.38343007342999,68.18087017569997,1wk
2408.TW,2024-04-08,71.56997680664062,72.06837495263407,67.58279163869301,68.5795879306799,1wk
2408.TW,2024-04-15,61.80137252807617,70.6728613958389,60.70489808485887,69.9750994010988,1wk
2408.TW,2024-04-22,65.48951721191406,66.48631356281048,60.40585734333282,61.70169564147922,1wk
2408.TW,2024-04-29,65.58920288085938,67.58279558112923,65.38983904786082,66.28695728397278,1wk
2408.TW,2024-05-06,64.19368743896484,69.07799114936648,63.19689107377891,66.58600023640165,1wk
2408.TW,2024-05-13,62.59880828857422,65.29015911965047,62.10041012735552,64.29336279721306,1wk
2408.TW,2024-05-20,64.19368743896484,65.09080568862274,62.399450939649064,62.89784912224203,1wk
2408.TW,2024-05-27,64.29336547851562,66.68567827312536,63.69528918110137,64.39304359392588,1wk
2408.TW,2024-06-03,64.5924072265625,65.29016163719264,62.598810702339804,64.79176345675606,1wk
2408.TW,2024-06-10,65.9879150390625,66.68567704397861,63.495927977451046,64.59240623913543,1wk
2408.TW,2024-06-17,71.96868896484375,75.15844165000117,65.88823312791686,65.98791123574475,1wk
2408.TW,2024-06-24,69.47669982910156,71.27093623073742,66.48631089634335,71.27093623073742,1wk
2408.TW,2024-07-01,73.66324615478516,74.75972053497438,67.78214661837677,69.57638295319697,1wk
2408.TW,2024-07-08,68.28054809570312,74.26132603109318,67.78214993442063,74.06196980856114,1wk
2408.TW,2024-07-15,63.994319915771484,68.8786233447524,63.794963696201776,68.38022519087582,1wk
2408.TW,2024-07-22,57.91386413574219,64.29336204577032,56.51835158212589,63.894642000465005,1wk
2408.TW,2024-07-29,54.724117279052734,59.11001862845006,54.724117279052734,58.412260472132566,1wk
2408.TW,2024-08-05,50.836612701416016,51.833409028894756,47.09862647337072,51.03597272740701,1wk
2408.TW,2024-08-12,55.52155685424805,56.219315052187234,51.43468958201926,51.63404961035564,1wk
2408.TW,2024-08-19,53.92667770385742,57.01674848066707,52.73052519926125,55.82059217359482,1wk
2408.TW,2024-08-26,52.531166076660156,54.72411870993646,52.43148416459351,54.02636053537452,1wk
2408.TW,2024-09-02,46.30118942260742,52.929882611585576,45.35423216633164,52.73052639129692,1wk
2408.TW,2024-09-09,46.151668548583984,46.84942672843895,44.158075921841906,45.15487223521294,1wk
2408.TW,2024-09-16,45.65327072143555,46.65006704200172,44.65647440086937,46.151668881718635,1wk
2408.TW,2024-09-23,47.99574279785156,49.939492517861964,45.55359113126477,46.15166738319472,1wk
2408.TW,2024-09-30,45.35423278808594,48.145261737626754,45.20471181834352,47.54718546360951,1wk
2408.TW,2024-10-07,45.00535583496094,45.503754000121184,44.457114811303676,45.453911141624175,1d
2408.TW,2024-10-08,44.25775909423828,44.80599632169993,43.70951806430036,44.70631440604018,1d
2408.TW,2024-10-09,43.36063766479492,44.60663299999018,43.36063766479492,44.45711203877635,1d
2408.TW,2024-10-11,42.36384201049805,42.71271918841761,41.86544386919807,42.662880134782824,1d
2408.TW,2024-10-14,43.6596794128418,43.6596794128418,42.11464582930344,42.214323943411856,1d
2408.TW,2024-10-15,43.908878326416016,44.357437443077224,43.80920021270299,43.8590392695595,1d
2408.TW,2024-10-16,42.513362884521484,43.510159165026316,42.46352002851541,43.510159165026316,1d
2408.TW,2024-10-17,44.158077239990234,44.30759821244966,42.91208181108263,42.96192086774368,1d
2408.TW,2024-10-18,43.70951843261719,44.70631478275647,43.70951843261719,44.35743758119825,1d
2408.TW,2024-10-21,44.457115173339844,44.65647520152268,43.65967886308478,44.25775894763328,1d
2408.TW,2024-10-22,44.05839920043945,44.357437343382735,43.560001028041896,44.257759229893736,1d
2408.TW,2024-10-23,43.510162353515625,44.25775961867929,43.360641379492364,44.058399587473716,1d
2408.TW,2024-10-24,42.7625617980957,43.5101590057374,42.7625617980957,43.5101590057374,1d
2408.TW,2024-10-25,42.912078857421875,43.31079888821871,42.66287978879286,43.061599819589695,1d
2408.TW,2024-10-28,43.211116790771484,43.460315858313365,42.46351958814585,43.36063775228701,1d
2408.TW,2024-10-29,42.16448211669922,42.9619183846143,41.915283045321,42.86224027705344,1d
2408.TW,2024-10-30,42.16448211669922,43.31079936602944,41.96512209910143,42.762562169492575,1d
2408.TW,2024-11-01,41.31720733642578,41.616245465503034,40.56961011249459,41.566406411069515,1d
2408.TW,2024-11-04,40.07121276855469,41.267369111380056,39.772174633467394,41.11784814259831,1d
2408.TW,2024-11-05,39.92169189453125,40.270572888358025,39.12425559824693,39.17409465380042,1d
2408.TW,2024-11-06,40.619449615478516,40.76897058290632,40.17089051567125,40.17089051567125,1d
2408.TW,2024-11-07,41.915283203125,41.965122257093064,40.61944878757488,40.61944878757488,1d
2408.TW,2024-11-08,40.569610595703125,42.16448317142845,40.51977154067599,41.965123148843745,1d
2408.TW,2024-11-11,40.270572662353516,40.7191279622937,39.722331646913425,40.66928890701992,1d
2408.TW,2024-11-12,38.875057220458984,39.97153167235322,38.77537910755088,39.47313350286016,1d
2408.TW,2024-11-13,38.02778244018555,38.57601967459348,37.479541403301276,38.12746055463196,1d
2408.TW,2024-11-14,36.73194122314453,37.9779365672468,36.73194122314453,37.92809751397792,1d
2408.TW,2024-11-15,37.379859924316406,38.07761807006551,36.6821017785673,36.73194083130453,1d
2408.TW,2024-11-18,37.13066101074219,37.62905914511457,36.83162289061396,37.18050006368422,1d
2408.TW,2024-11-19,36.93130111694336,37.57922021473093,36.63226299583987,37.33002114673202,1d
2408.TW,2024-11-20,36.13386535644531,36.13386535644531,36.13386535644531,36.13386535644531,1d
2408.TW,2024-11-21,36.53258514404297,36.682102304397944,35.93450509519496,36.38306418121196,1d
2408.TW,2024-11-22,35.735145568847656,37.130661899483094,35.735145568847656,36.8814628263322,1d
2408.TW,2024-11-25,36.1837043762207,36.38306439366752,35.48594621639488,36.133865322478016,1d
2408.TW,2024-11-26,35.685306549072266,36.58242473426971,35.53578938652342,36.08402658748804,1d
2408.TW,2024-11-27,34.83803176879883,35.984345242951164,34.83803176879883,35.68530711067126,1d
2408.TW,2024-11-28,33.641876220703125,34.738350665424434,33.29299902533077,34.68851160929642,1d
2408.TW,2024-11-29,33.342838287353516,33.54219831557288,32.844440118043224,33.44251640022507,1d
2408.TW,2024-12-02,32.94411849975586,34.28979584936082,32.89427944291337,33.691715759822074,1d
2408.TW,2024-12-03,33.691715240478516,33.691715240478516,32.89427893586196,33.442516157631076,1d
2408.TW,2024-12-04,33.14347839355469,34.1901137928559,32.99395742116468,33.791397537276346,1d
2408.TW,2024-12-05,32.89427947998047,33.54219862709182,32.89427947998047,33.342838597020915,1d
2408.TW,2024-12-06,33.043800354003906,33.74155475344397,32.944118438029406,33.09363941075301,1d
2408.TW,2024-12-09,32.39588165283203,33.54219898615355,32.2962035379677,33.54219898615355,1d
2408.TW,2024-12-10,32.1965217590332,33.24315717951331,31.947322668324777,32.49555990738804,1d
2408.TW,2024-12-11,30.402286529541016,31.698120932600016,30.153087459626747,31.64828187911237,1d
2408.TW,2024-12-12,30.801006317138672,31.349245441168357,30.551807233826487,30.551807233826487,1d
2408.TW,2024-12-13,29.305810928344727,30.202927220809123,29.106452808484896,30.10324911149824,1d
2408.TW,2024-12-16,28.707733154296875,29.854050439246063,28.707733154296875,29.604851360124602,1d
2408.TW,2024-12-17,30.651487350463867,31.498764616821877,29.604851957528645,29.90389009801353,1d
2408.TW,2024-12-18,32.09684371948242,32.346042810778904,30.701327287231564,31.000367337530257,1d
2408.TW,2024-12-19,31.747962951660156,33.24315552003333,30.900685705299487,31.19972383872651,1d
2408.TW,2024-12-20,30.3026065826416,31.29940286431559,30.3026065826416,31.149883802312097,1d
2408.TW,2024-12-23,30.900686264038086,31.997160707255393,30.70132623732324,30.900686264038086,1d
2408.TW,2024-12-24,31.797801971435547,32.59524016175039,31.1000456938029,31.1000456938029,1d
2408.TW,2024-12-25,31.100046157836914,31.997160570505265,31.000366144905502,31.997160570505265,1d
2408.TW,2024-12-26,30.601648330688477,31.698122781268413,30.601648330688477,31.100046499584135,1d
2408.TW,2024-12-27,30.701326370239258,31.00036641160617,30.202928202532526,31.00036641160617,1d
2408.TW,2024-12-30,29.65468978881836,30.40228701038521,29.65468978881836,30.40228701038521,1d
2408.TW,2024-12-31,29.156291961669922,29.405491038265392,28.707732863302848,29.30581102737959,1d
2408.TW,2025-01-02,28.358856201171875,29.05661248779188,28.309015244188807,29.006773432046916,1d
2408.TW,2025-01-03,27.561418533325195,29.206132120795292,27.511579476616884,28.458534862741782,1d
2408.TW,2025-01-06,27.511577606201172,28.3090138667481,27.511577606201172,27.960134789794562,1d
2408.TW,2025-01-07,28.30901527404785,29.804209762831064,27.710937098286944,28.70773342414242,1d
2408.TW,2025-01-08,27.362058639526367,28.657893042701122,27.26237863130415,28.45853302625669,1d
2408.TW,2025-01-09,25.667505264282227,27.013180677802897,25.667505264282227,27.013180677802897,1d
2408.TW,2025-01-10,25.866865158081055,26.714140505604956,25.61766607910624,25.667505134405967,1d
2408.TW,2025-01-13,25.318626403808594,25.916704582104792,24.6208701134948,25.667505499584554,1d
2408.TW,2025-01-14,26.564620971679688,26.564620971679688,25.41830560878597,25.617665628957948,1d
2408.TW,2025-01-15,27.910297393798828,28.159496477672032,25.916704722813197,26.26558382048331,1d
2408.TW,2025-01-16,28.7575740814209,30.003569475752496,27.910296833027793,27.910296833027793,1d
2408.TW,2025-01-17,29.45532989501953,29.60485086096183,28.9070926906913,28.956931745180025,1d
2408.TW,2025-01-20,30.701326370239258,30.701326370239258,29.006773740779256,29.754370992339346,1d
2408.TW,2025-01-21,29.903888702392578,30.452125901441224,29.505170566608285,30.402286847432453,1d
2408.TW,2025-01-22,30.003568649291992,30.352447730342444,29.704528622146736,30.302606775199216,1d
2408.TW,2025-02-03,27.860458374023438,29.45533099191111,27.312219248041185,28.90709376716699,1d
2408.TW,2025-02-04,27.16269874572754,28.10965597625729,27.063018737055245,28.10965597625729,1d
2408.TW,2025-02-05,27.411897659301758,27.661096728931774,27.212537643102536,27.461736712732552,1d
2408.TW,2025-02-06,27.66109848022461,27.810617551221437,27.16270030940975,27.511579409227778,1d
2408.TW,2025-02-07,28.707733154296875,28.757574110864024,27.511578715256725,27.860457806274386,1d
2408.TW,2025-02-10,27.910297393798828,28.408695561545237,27.760778323722533,28.408695561545237,1d
2408.TW,2025-02-11,27.511577606201172,28.558212935823764,27.511577606201172,28.209333858870227,1d
2408.TW,2025-02-12,27.810617446899414,28.25917655944543,27.41189929199081,27.41189929199081,1d
2408.TW,2025-02-13,30.551807403564453,30.551807403564453,27.312219302507707,27.461738373078084,1d
2408.TW,2025-02-14,32.1965217590332,33.442517212575325,29.505172720125124,30.900687247844665,1d
2408.TW,2025-02-17,34.239952087402344,34.489151167521655,31.747963187447372,32.34604135998133,1d
2408.TW,2025-02-18,35.48594665527344,36.53258580919469,33.5421969179365,34.23995128391586,1d
2408.TW,2025-02-19,39.02457809448242,39.02457809448242,35.88466811355579,35.98434622621405,1d
2408.TW,2025-02-20,38.675697326660156,40.17089184033885,37.180502812981466,40.17089184033885,1d
2408.TW,2025-02-21,41.31720733642578,42.41368174386775,37.47953930542666,38.27697938626749,1d
2408.TW,2025-02-24,40.7191276550293,41.765766820261646,40.12105139130466,40.32041141337159,1d
2408.TW,2025-02-25,42.7625617980957,43.7593580749513,38.82521574402087,39.67249105835772,1d
2408.TW,2025-02-26,41.26736831665039,42.812401820243885,41.21752545969889,42.36384272501323,1d
2408.TW,2025-02-27,38.526180267333984,42.36384467579812,38.526180267333984,41.466726444025994,1d
2408.TW,2025-03-03,37.629058837890625,39.522973254033126,37.08082165505231,37.977936008112465,1d
2408.TW,2025-03-04,37.97793960571289,38.02778246544553,36.28338884414026,37.28018519917185,1d
2408.TW,2025-03-05,38.17729949951172,38.57601956107673,37.429702235934556,37.928100411652665,1d
2408.TW,2025-03-06,36.68210220336914,38.17729661765709,36.68210220336914,38.077618511028305,1d
2408.TW,2025-03-07,39.82201385498047,40.320412016363264,36.482743892230026,36.68210391727839,1d
2408.TW,2025-03-10,39.223934173583984,40.61945056045515,38.376658811718364,40.37025147726217,1d
2408.TW,2025-03-11,37.87826156616211,38.177299712768125,37.13066429840891,37.928100623517054,1d
2408.TW,2025-03-12,40.42008972167969,41.2673688690063,37.479539838560136,37.82842082950974,1d
2408.TW,2025-03-13,41.46672439575195,43.70951606192191,40.86864813909707,40.918487193405625,1d
2408.TW,2025-03-14,42.862239837646484,43.06159985320051,40.61944821823475,41.96512166889138,1d
2408.TW,2025-03-17,42.314002990722656,44.75615464554195,42.11464297354793,43.36063832779491,1d
2408.TW,2025-03-18,41.217525482177734,43.061600918581455,41.117847373172616,42.712719932111284,1d
2408.TW,2025-03-19,42.11464309692383,43.65967658022109,41.367045882185536,41.66608400758564,1d
2408.TW,2025-03-20,45.902469635009766,45.902469635009766,42.46352158104021,42.86224162881032,1d
2408.TW,2025-03-21,44.457115173339844,45.75295345529013,43.70951791951142,45.65327153996058,1d
2408.TW,2025-03-24,42.16448211669922,44.85583284807918,42.16448211669922,44.45711281288361,1d
2408.TW,2025-03-25,40.519771575927734,43.36063954218379,40.519771575927734,42.862241386526506,1d
2408.TW,2025-03-26,41.56640625,42.76256256415004,40.86864808320614,40.86864808320614,1d
2408.TW,2025-03-27,41.86544418334961,43.21111765396684,41.36704603830973,41.36704603830973,1d
2408.TW,2025-03-28,40.17089080810547,42.513364434162185,40.07121269741207,42.314004410299205,1d
2408.TW,2025-03-31,37.280181884765625,38.67569437625557,36.93130091003614,37.379859990416335,1d
2408.TW,2025-04-01,38.17729949951172,38.227138556588265,37.23034220515205,37.57922320964052,1d
2408.TW,2025-04-02,40.968326568603516,41.61624568711796,37.579221416886774,37.97793765695432,1d
2408.TW,2025-04-07,36.88146209716797,36.88146209716797,36.88146209716797,36.88146209716797,1d
2408.TW,2025-04-08,33.4425163269043,36.88146444810084,33.19331724279551,34.78819366257752,1d
2408.TW,2025-04-09,30.103248596191406,32.49555740098626,30.103248596191406,31.39908300743146,1d
2408.TW,2025-04-10,33.0936393737793,33.0936393737793,33.0936393737793,33.0936393737793,1d
2408.TW,2025-04-11,32.89427947998047,33.74155485468641,29.903890436345883,30.751167712289977,1d
2408.TW,2025-04-14,35.08723068237305,35.88466696555686,33.741553389678984,33.741553389678984,1d
2408.TW,2025-04-15,34.43931198120117,36.68210369375738,34.389472925861824,35.735146432405074,1d
2408.TW,2025-04-16,32.64508056640625,34.93771141820822,32.49555959243981,34.190114153328686,1d
2408.TW,2025-04-17,31.997159957885742,33.49235441951547,31.54860276013967,32.844439100961615,1d
2408.TW,2025-04-18,35.18690872192383,35.18690872192383,31.89748168377931,32.09684170479816,1d
2408.TW,2025-04-21,38.675697326660156,38.675697326660156,34.937711042463434,35.23674918470392,1d
2408.TW,2025-04-22,39.223934173583984,41.068009670697755,38.07762067238204,39.07441700515395,1d
2408.TW,2025-04-23,38.47633743286133,41.66608650041166,38.3268202624539,40.86865018414315,1d
2408.TW,2025-04-24,37.280181884765625,39.323613470413186,36.831622804385425,38.32681720400208,1d
2408.TW,2025-04-25,36.88146209716797,38.7753765366616,36.7319411352431,38.27697840021338,1d
2408.TW,2025-04-28,36.98114013671875,37.57922018086273,36.48274200117011,37.42969921920773,1d
2408.TW,2025-04-29,37.0808219909668,37.77858014020743,36.88146197654433,37.280182005389264,1d
2408.TW,2025-04-30,35.884666442871094,37.57922089650189,35.78498833485355,37.23033991348832,1d
2408.TW,2025-05-02,35.535789489746094,36.532585786204876,35.535789489746094,36.333225766417904,1d
2408.TW,2025-05-05,34.14027404785156,35.93450666797334,33.392676805927806,35.635468531699075,1d
2408.TW,2025-05-06,35.286590576171875,35.735145869638195,33.990752342899,34.289794275178046,1d
2408.TW,2025-05-07,34.53899383544922,35.73514637145819,34.4891509777187,35.68530731620385,1d
2408.TW,2025-05-08,34.83803176879883,36.18370526529649,34.788192713831535,35.03739179114415,1d
2408.TW,2025-05-09,34.239952087402344,35.2865912658844,33.94091395175442,35.037392185765086,1d
2408.TW,2025-05-12,37.0808219909668,37.3798601113625,34.190111288031034,34.53899226388935,1d
2408.TW,2025-05-13,40.76897048950195,40.76897048950195,37.678899655390694,39.323615083423796,1d
2408.TW,2025-05-14,44.80599594116211,44.80599594116211,40.2207305266159,41.51656880185312,1d
2408.TW,2025-05-15,45.15487289428711,46.05199111040572,44.25775848064472,45.304393864465624,1d
2408.TW,2025-05-16,45.503753662109375,46.45070712689868,44.55679639484386,45.15487266760302,1d
2408.TW,2025-05-19,43.809200286865234,45.85263204125185,43.65967931356628,45.503754840189366,1d
2408.TW,2025-05-20,45.10503387451172,45.65327109481164,43.36064029925436,44.25775851609149,1d
2408.TW,2025-05-21,43.510162353515625,46.151670408941435,43.2111204054691,45.25455597223084,1d
2408.TW,2025-05-22,42.71271896362305,43.65967618760443,41.96512175560765,43.260959958148504,1d
2408.TW,2025-05-23,42.41368103027344,43.609837328933686,42.41368103027344,43.01176108084159,1d
2408.TW,2025-05-26,42.662879943847656,42.86223995997064,41.068007419815906,42.51336278361245,1d
2408.TW,2025-05-27,41.81560516357422,42.961918616618746,41.46672418027504,42.3638423630717,1d
2408.TW,2025-05-28,41.56640625,44.65647324261783,41.21752526536502,43.51015978518429,1d
2408.TW,2025-05-29,45.40407180786133,45.70310994463298,42.06480564270484,42.31400472376058,1d
2408.TW,2025-06-02,45.65327072143555,45.65327072143555,42.96191989541164,44.955512536543985,1d
2408.TW,2025-06-03,45.70310974121094,46.79958797446157,44.457114341478075,45.90246976566344,1d
2408.TW,2025-06-04,49.09221649169922,50.1388518188443,45.553590479696304,46.15166672307178,1d
2408.TW,2025-06-05,52.33180618286133,53.727322535394755,49.14205723598217,49.93949352208292,1d
2408.TW,2025-06-06,51.83340835571289,53.428280937975124,51.434688308909244,52.43148462344218,1d
2408.TW,2025-06-09,51.53437042236328,53.827001194214205,51.13565037400826,52.63084485162532,1d
2408.TW,2025-06-10,54.12603759765625,55.12283388417838,52.23212693474985,52.63084316787306,1d
2408.TW,2025-06-11,52.531166076660156,55.12283495077461,51.93308601168872,55.023156841184104,1d
2408.TW,2025-06-12,53.92667770385742,54.02635961422449,51.53436889218901,52.33180516274515,1d
2408.TW,2025-06-13,53.3286018371582,55.02315630089023,52.33180554113655,53.42827994576992,1d
2408.TW,2025-06-16,52.730525970458984,55.52155485946304,52.4314840374603,54.4250766442455,1d
2408.TW,2025-06-17,53.62763977050781,54.225719827432165,53.22892353503434,53.32860164328368,1d
2408.TW,2025-06-18,58.91065979003906,58.91065979003906,54.524758352937084,54.62443646191454,1d
2408.TW,2025-06-19,60.20649719238281,61.30297158593761,58.7113027634575,60.30617529998741,1d
2408.TW,2025-06-20,58.7113037109375,60.7048963150104,57.21610925788282,60.306176273205374,1d
2408.TW,2025-06-23,58.21290588378906,59.20970219137123,57.11642766396299,57.614825817754074,1d
2408.TW,2025-06-24,56.51835250854492,59.70810151584367,54.22572171665014,59.50874148992321,1d
2408.TW,2025-06-25,54.823795318603516,58.21290418656215,54.72411721174193,56.4186678432452,1d
2408.TW,2025-06-26,53.72732162475586,56.21931235313088,53.32860158722542,55.12283415116022,1d
2408.TW,2025-06-27,52.92988204956055,55.02315656264993,52.73052583138871,54.62443652135401,1d
2408.TW,2025-06-30,51.035972595214844,53.52796340745701,50.836612569740225,53.3286033819824,1d
2408.TW,2025-07-01,49.3414192199707,52.13244823353439,49.24174110617341,51.7337319758689,1d
2408.TW,2025-07-02,49.29157638549805,50.936287951965014,48.19509820537739,49.640453559527884,1d
2408.TW,2025-07-03,50.43789291381836,50.83661296789035,49.14205844179876,49.74013852290674,1d
2408.TW,2025-07-04,48.29478073120117,51.03597051282019,47.54718351803235,50.83661049547996,1d
2408.TW,2025-07-07,48.74333953857422,49.14205576847988,47.64686135076258,48.34461950619252,1d
2408.TW,2025-07-08,48.34461975097656,49.042377909939475,47.6967006456947,48.49414071449578,1d
2408.TW,2025-07-09,48.24494171142578,48.69349699766179,47.79638262271371,48.4442979264302,1d
2408.TW,2025-07-10,46.99894714355469,48.44429873895911,46.849426177317476,48.344620629785055,1d
2408.TW,2025-07-11,42.812400817871094,46.20150587503689,42.363841733142614,45.852628699401414,1d
2408.TW,2025-07-14,43.26095962524414,43.51015869266496,42.41368051452776,42.66287958194858,1d
2408.TW,2025-07-15,41.61624526977539,43.26096067567911,41.167686177031094,43.0117616022074,1d
2408.TW,2025-07-16,41.26736831665039,42.11464365016021,41.21752545969889,41.86544457530719,1d
2408.TW,2025-07-17,42.961917877197266,44.05839605979672,41.11784629176895,41.26736725382033,1d
2408.TW,2025-07-18,42.11464309692383,43.410477508641655,41.865444025344395,43.26096034717964,1d
2408.TW,2025-07-21,41.81560516357422,42.46352047117084,41.416885126225466,42.26416425497255,1d
2408.TW,2025-07-22,40.42008972167969,42.21432232414166,40.07121253320626,41.915284190810695,1d
2408.TW,2025-07-23,42.912078857421875,43.31079888821871,40.868647255159125,40.918486308389724,1d
2408.TW,2025-07-24,42.862239837646484,43.95871421947959,41.86544356235238,43.90887516621009,1d
2408.TW,2025-07-25,43.1114387512207,43.609836887072966,42.662879668458466,42.762561577114525,1d
2408.TW,2025-07-28,43.161277770996094,43.65967590646366,42.4635196208463,43.41047683872988,1d
2408.TW,2025-07-29,42.06480407714844,43.609837561696175,42.01496502328743,42.86224034635281,1d
2408.TW,2025-07-30,44.75615692138672,45.653271340577064,41.96512414396898,42.16448417128114,1d
2408.TW,2025-07-31,44.40727615356445,45.354233436357276,43.46031887077163,44.75615715379143,1d
2408.TW,2025-08-04,43.609840393066406,44.45711577114117,42.96192124337889,43.51016227887278,1d
2408.TW,2025-08-05,44.25775909423828,45.65327169118826,44.15807717857854,44.357437207421754,1d
2408.TW,2025-08-06,43.211116790771484,44.45711212848088,43.211116790771484,44.45711212848088,1d
2408.TW,2025-08-07,42.06480407714844,43.55999850783516,41.965122166950344,43.211117525855954,1d
2408.TW,2025-08-08,43.809200286865234,46.05199207149168,42.31400576378093,42.363844820721816,1d
2408.TW,2025-08-11,43.6596794128418,45.254555855910674,43.6596794128418,44.95551390863279,1d
2408.TW,2025-08-12,47.2979850769043,47.79638322565465,44.905672441912124,44.905672441912124,1d
2408.TW,2025-08-13,45.902469635009766,48.942697641209215,45.85263057965755,48.59382045126751,1d
2408.TW,2025-08-14,46.201507568359375,46.998947660426175,45.40407127876874,45.95230849020754,1d
2408.TW,2025-08-15,47.846221923828125,48.09542099634806,45.254553090611196,46.201506524206096,1d
2408.TW,2025-08-18,47.19830322265625,48.24494237827661,46.94910414798019,47.347824188452336,1d
2408.TW,2025-08-19,45.603431701660156,48.14526156060171,45.553592646088006,47.54718528878353,1d
2408.TW,2025-08-20,44.40727615356445,46.00215257786718,43.908877983934154,45.10503435154213,1d
2408.TW,2025-08-21,46.30118942260742,46.600227555516575,44.606634932820675,44.70631304296501,1d
2408.TW,2025-08-22,45.2047119140625,46.20150824118605,44.85583472055975,45.95230915940516,1d
2408.TW,2025-08-25,46.79958724975586,47.74654449938416,46.10182907621521,46.151668130937516,1d
2408.TW,2025-08-26,47.2979850769043,47.39766318566392,46.101828759408214,46.650065962538385,1d
2408.TW,2025-08-27,47.6468620300293,48.1452601763737,46.99894672126724,47.34782390271788,1d
2408.TW,2025-08-28,46.50054931640625,47.84622281200338,46.50054931640625,47.84622281200338,1d
2408.TW,2025-08-29,46.84942626953125,50.13885331093928,46.84942626953125,47.54718444255141,1d
2408.TW,2025-09-01,46.60022735595703,47.347824586266505,45.703109158595204,46.699905465674505,1d
2408.TW,2025-09-02,45.503753662109375,47.148465313435175,45.0551945563019,47.148465313435175,1d
2408.TW,2025-09-03,46.201507568359375,47.69670203727037,45.902469435072405,46.10182945808911,1d
2408.TW,2025-09-04,48.04558181762695,49.49093719498609,47.447501763645896,48.64365806913194,1d
2408.TW,2025-09-05,52.830204010009766,52.830204010009766,48.942696910924255,49.241738843527855,1d
2408.TW,2025-09-08,53.3286018371582,58.1132232975669,51.63404737342618,57.61482514955607,1d
2408.TW,2025-09-09,53.72732162475586,55.72091420745588,52.6308434227852,53.32860158722542,1d
2408.TW,2025-09-10,54.2257194519043,55.820591987705455,53.82699941671598,54.4250756670224,1d
2408.TW,2025-09-11,56.318992614746094,58.810983438407426,55.222518173325604,55.322196285281564,1d
2408.TW,2025-09-12,57.21611022949219,60.306177297288386,55.32219570247117,59.11002095403702,1d
2408.TW,2025-09-15,62.89784622192383,62.89784622192383,57.21611024433883,59.90745726425754,1d
2408.TW,2025-09-16,68.97830200195312,69.1776658280573,63.39624415522639,64.79176051814616,1d
2408.TW,2025-09-17,73.06517028808594,73.4638827156992,67.48310504207531,68.97829946048128,1d
2408.TW,2025-09-18,79.74370574951172,79.74370574951172,75.05876607870887,75.75652046203614,1d
2408.TW,2025-09-19,78.9462661743164,81.13922265996281,78.34818989821373,80.74050260757689,1d
2408.TW,2025-09-22,80.54114532470703,84.2292886496331,78.64723080449404,79.04595085163662,1d
2408.TW,2025-09-23,80.7405014038086,80.7405014038086,78.04915439899591,80.54114518306407,1d
2408.TW,2025-09-24,75.75652313232422,79.94306478976107,74.75972677531995,79.94306478976107,1d
2408.TW,2025-09-25,76.35459899902344,78.14883547358967,74.06197195369172,74.06197195369172,1d
2408.TW,2025-09-26,70.77253723144531,74.75972242758307,69.87541904132387,74.75972242758307,1d
2408.TW,2025-09-30,72.76612854003906,74.75972110277986,72.26773039935387,73.26452668072426,1d
2408.TW,2025-10-01,75.95587921142578,76.65364122291949,72.96549014633102,72.96549014633102,1d
2408.TW,2025-10-02,79.44466400146484,80.93985848785341,78.94626583933533,80.93985848785341,1d
2408.TW,2025-10-03,82.73409271240234,82.73409271240234,79.04594945274602,79.64402571039945,1d
2408.TW,2025-10-07,90.90782165527344,90.90782165527344,86.9206363615342,86.9206363615342,1d
2408.TW,2025-10-08,90.50910949707031,90.90782194374752,85.42544214745907,88.11679679224487,1d
2408.TW,2025-10-09,98.18443298339844,99.48027118150532,91.70525720276808,96.39019664831999,1d
2408.TW,2025-10-13,95.2937240600586,98.18443482984655,92.70205522005816,93.20045336640256,1d
2408.TW,2025-10-14,88.8145523071289,100.67643026532055,86.82095962860771,97.7857193604743,1d
2408.TW,2025-10-15,86.02352142333984,91.20685900225205,84.72768322613577,90.80813897196217,1d
2408.TW,2025-10-16,94.5959701538086,94.5959701538086,88.91422669508316,88.91422669508316,1d
2408.TW,2025-10-17,103.66681671142578,103.66681671142578,97.68603882422813,97.98508076056896,1d
2408.TW,2025-10-20,106.6572036743164,109.64759256238135,103.66681478625146,107.65399997033805,1d
2408.TW,2025-10-21,105.1620101928711,109.1491954134539,103.66681573515255,106.65720465058965,1d
2408.TW,2025-10-22,109.64759063720703,110.6443869157271,101.67322040904652,102.67001668756659,1d
2408.TW,2025-10-23,109.1491928100586,110.64438723211418,105.6604058252622,108.1523965286882,1d
2408.TW,2025-10-27,119.61555480957031,119.61555480957031,119.61555480957031,119.61555480957031,1d
2408.TW,2025-10-28,129.58352661132812,131.07872114915114,122.60595210148738,123.60274846003605,1d
2408.TW,2025-10-29,132.57391357421875,136.06270077354029,125.097941004244,131.57711723155546,1d
2408.TW,2025-10-30,134.06910705566406,138.55469056310264,130.08192171571866,134.06910705566406,1d
2408.TW,2025-10-31,132.0755157470703,133.57071026496166,127.09153402076576,133.07231209233123,1d
2408.TW,2025-11-03,136.56109619140625,145.03386493320883,134.56750354627624,135.56429986884126,1d
2408.TW,2025-11-04,131.07872009277344,142.5418781237004,130.58032191751576,140.54828542266964,1d
2408.TW,2025-11-05,137.55789184570312,140.04988264000934,121.60915076214334,121.60915076214334,1d
2408.TW,2025-11-06,147.52584838867188,148.5226446615683,138.55468193260398,141.54507075129328,1d
2408.TW,2025-11-07,146.529052734375,153.00822853555485,144.5354601801658,148.0242471500319,1d
2408.TW,2025-11-10,160.98260498046875,160.98260498046875,150.5162436659491,152.50983629728617,1d
2408.TW,2025-11-11,163.97299194335938,171.94736237221576,163.47459379155586,166.9633808541805,1d
2408.TW,2025-11-12,162.47779846191406,165.9665855454521,157.4938169140026,159.48740953316718,1d
2408.TW,2025-11-13,162.9761962890625,177.92814090273797,155.99862213601395,163.97299259664086,1d
2408.TW,2025-11-14,157.99221801757812,161.48100516623128,150.01784739208523,155.5002271971116,1d
2408.TW,2025-11-17,165.96658325195312,171.9473610267983,163.4745925124343,169.45537028727946,1d
2408.TW,2025-11-18,159.98580932617188,167.46178172459113,155.50022588712034,164.4713927652234,1d
2408.TW,2025-11-19,159.48741149902344,161.97940230369568,153.50663356781004,155.99862437248228,1d
2408.TW,2025-11-20,155.0018310546875,168.95697983131532,144.0370713016228,168.95697983131532,1d
2408.TW,2025-11-21,139.55148315429688,144.53546469552177,139.55148315429688,141.04667761666434,1d
2408.TW,2025-11-24,142.5418701171875,145.03386085350195,138.05628679182146,140.5482775281359,1d
2408.TW,2025-11-25,143.04026794433594,155.50022159802373,141.5450735058934,153.0082308672862,1d
2408.TW,2025-11-26,136.0626983642578,145.03386528937372,132.57391122671274,142.04347631433507,1d
2408.TW,2025-11-27,145.53225708007812,145.53225708007812,139.05308125117054,141.04667381391133,1d
2408.TW,2025-11-28,145.53225708007812,149.02104406487453,142.04347009528172,145.53225708007812,1d
2408.TW,2025-12-01,149.0210418701172,151.51303253684156,143.53866240332357,146.5290512033928,1d
2408.TW,2025-12-02,149.0210418701172,152.01143067018643,144.03706053666846,152.01143067018643,1d
2408.TW,2025-12-03,150.5162353515625,157.49380917580712,147.52584656974338,152.50982787277525,1d
2408.TW,2025-12-04,150.5162353515625,152.01142974247205,145.03385591822743,150.5162353515625,1d
2408.TW,2025-12-05,152.5098419189453,155.50023097617955,146.03066562827118,150.01785103791678,1d
2408.TW,2025-12-08,162.9761962890625,162.9761962890625,155.50022398222478,155.50022398222478,1d
2408.TW,2025-12-09,161.4810028076172,164.471391748499,158.4906138667354,164.471391748499,1d
2408.TW,2025-12-10,155.50022888183594,161.9794050852458,154.50343254284982,161.48100691575272,1d
2408.TW,2025-12-11,155.50022888183594,159.48741423778046,155.50022888183594,159.48741423778046,1d
2408.TW,2025-12-12,161.4810028076172,161.4810028076172,157.49381755310813,157.49381755310813,1d
2408.TW,2025-12-15,161.97940063476562,162.4777987905649,155.50022460937498,156.49702092097354,1d
2408.TW,2025-12-16,157.4938201904297,160.48420918138723,154.0050330343126,159.48741285106803,1d
2408.TW,2025-12-17,163.97299194335938,163.97299194335938,157.9922141217171,159.98580672893118,1d
2408.TW,2025-12-18,169.4553680419922,170.45216432459213,163.97298848769245,163.97298848769245,1d
2408.TW,2025-12-19,173.94094848632812,176.43293915232135,169.45536528754027,176.43293915232135,1d
2408.TW,2025-12-22,179.42333984375,185.40411783854165,177.9281453450521,183.90892333984374,1d
2408.TW,2025-12-23,175.93455505371094,180.91853678327783,175.43615688075425,180.42013861032112,1d
2408.TW,2025-12-24,188.39450073242188,189.39129703259343,174.43935253002024,176.9313432804491,1d
2408.TW,2025-12-26,188.39450073242188,190.88649148285074,186.4009081320788,189.8896951826792,1d
2408.TW,2025-12-29,187.89610290527344,190.3880936599853,183.90891769773447,188.89289920715817,1d
2408.TW,2025-12-30,193.8768768310547,199.35925638154723,188.39449728056215,188.39449728056215,1d
2408.TW,2025-12-31,192.38168334960938,200.3560536438937,188.89289634585998,195.87047035335877,1d
2408.TW,2026-01-02,206.3368377685547,207.83203224513844,190.3880966849949,191.88329116157865,1d
2408.TW,2026-01-05,207.33363342285156,212.31761499551627,205.83843895105215,210.32402236645038,1d
2408.TW,2026-01-06,227.76795959472656,227.76795959472656,212.3176166025241,213.31441292460167,1d
2408.TW,2026-01-07,240.2279052734375,247.20547928552904,229.26314611157935,241.22470156087914,1d
2408.TW,2026-01-08,240.72630310058594,246.2086826743053,236.24071981299738,238.73271052832436,1d
2408.TW,2026-01-09,216.80319213867188,232.25353456694504,216.80319213867188,232.25353456694504,1d
2408.TW,2026-01-12,238.23431396484375,238.23431396484375,221.28877698826489,224.77756401285467,1d
2408.TW,2026-01-13,229.26315307617188,244.2150978420092,223.78077332869822,244.2150978420092,1d
2408.TW,2026-01-14,235.74232482910156,235.74232482910156,224.27916738498035,224.27916738498035,1d
2408.TW,2026-01-15,236.73912048339844,241.72310196725945,234.74552788985403,234.74552788985403,1d
2408.TW,2026-01-16,249.19908142089844,254.18306304931642,243.7167016296387,243.7167016296387,1d
2408.TW,2026-01-19,274.1189880371094,274.1189880371094,269.13500643643465,269.13500643643465,1d
2408.TW,2026-01-20,271.12860107421875,273.1221937291762,246.70709105098948,246.70709105098948,1d
2408.TW,2026-01-21,250.1958770751953,266.14461824333523,244.21509913714283,265.14782192032646,1d
2408.TW,2026-01-22,265.6462097167969,275.1157744158947,261.16062643827684,269.1349967112013,1d
2408.TW,2026-01-23,270.63018798828125,281.59494698596484,255.17984576427256,274.11897494208966,1d
2408.TW,2026-01-26,285.083740234375,294.0549068851071,273.6205828473284,278.6045643199574,1d
2408.TW,2026-01-27,276.1125793457031,285.08374618365013,273.12219039972075,282.0933572376678,1d
2408.TW,2026-01-28,296.0484924316406,298.5404831086746,284.0869371818774,287.0773259943182,1d
2408.TW,2026-01-29,296.0484924316406,311.9972327646583,286.0805297235046,305.01965886896306,1d
2408.TW,2026-01-30,325.4540100097656,325.4540100097656,302.5276938375616,302.5276938375616,1d
2408.TW,2026-02-02,293.05810546875,309.0068459024235,293.05810546875,309.0068459024235,1d
2408.TW,2026-02-03,276.6109619140625,313.49242350260414,264.15100867469033,311.00043285472975,1d
2408.TW,2026-02-04,294.0549011230469,297.045289948027,272.62378121068923,278.6045588606495,1d
2408.TW,2026-02-05,274.1189880371094,285.08374755859376,268.1382101162997,281.09656227805397,1d
2408.TW,2026-02-06,263.15423583984375,276.6109865361994,250.19588331742722,259.167050448331,1d
2408.TW,2026-02-09,273.6205749511719,282.09334321013347,268.13819548949084,281.5949450772534,1d
2408.TW,2026-02-10,270.1318054199219,280.09976871954996,262.65583294520076,275.61418523471735,1d
2408.TW,2026-02-11,277.109375,280.0997639388489,263.65262477517985,265.6462174010791,1d
2408.TW,2026-02-23,288.0741271972656,297.54369193212386,285.5821364775661,294.05490492454453,1d
2408.TW,2026-02-24,297.0452880859375,302.02926942966127,285.0837328610004,291.06451047346894,1d
2408.TW,2026-02-25,287.07733154296875,297.04529444376624,282.09335009256995,297.04529444376624,1d
2408.TW,2026-02-26,284.5853576660156,290.5661357605729,276.1125886987262,289.07094123693355,1d
2408.TW,2026-03-02,284.0869445800781,290.06772236071134,266.64300938656453,267.14140753495064,1d
2408.TW,2026-03-03,255.67825317382812,287.0773368969298,255.67825317382812,286.0805405882599,1d
2408.TW,2026-03-04,233.7487335205078,245.71028918040585,230.25994645303754,237.23752058797808,1d
2408.TW,2026-03-05,256.675048828125,256.675048828125,256.675048828125,256.675048828125,1d
2408.TW,2026-03-06,232.2535400390625,261.16063300529777,231.75514188447224,258.1702440777562,1d
2408.TW,2026-03-09,209.3272247314453,209.3272247314453,209.3272247314453,209.3272247314453,1d
2408.TW,2026-03-10,230.25994873046875,230.25994873046875,214.31120769286053,219.2951892671131,1d
2408.TW,2026-03-11,253.18626403808594,253.18626403808594,239.2311156265379,244.21509720209076,1d
2408.TW,2026-03-12,238.7327117919922,260.6622302029476,238.23431364628865,256.17664689161586,1d
2408.TW,2026-03-13,237.23751831054688,244.71349052621537,234.24712942427948,236.73912016283563,1d
2408.TW,2026-03-16,260.6622314453125,260.6622314453125,244.7134907067848,246.20868515102177,1d
2408.TW,2026-03-17,270.63018798828125,283.5885395309982,265.6462066256978,266.14460476195615,1d
2408.TW,2026-03-18,275.11578369140625,287.57573766293734,270.6302002616551,283.5885523920474,1d
2408.TW,2026-03-19,259.16705322265625,271.6270077045147,259.16705322265625,267.63982227032,1d
2408.TW,2026-03-20,233.25033569335938,263.65262303800665,233.25033569335938,263.65262303800665,1d
2408.TW,2026-03-23,222.28558349609375,229.26315786592627,216.80320363408248,216.80320363408248,1d
2408.TW,2026-03-24,215.806396484375,226.27275751479505,203.3464428767321,225.77435937048932,1d
2408.TW,2026-03-25,225.7743682861328,228.7647572700551,217.79999766234005,225.7743682861328,1d
2408.TW,2026-03-26,224.77757263183594,248.20228640943304,224.27917446635516,248.20228640943304,1d
2408.TW,2026-03-27,218.79678344726562,219.2951815872366,206.33682994799082,216.30479274741066,1d
2408.TW,2026-03-30,219.7935791015625,226.27275490274235,212.81600516183036,214.31119957748726,1d
2408.TW,2026-03-31,197.86407470703125,209.32723268753935,197.86407470703125,206.83524182221151,1d
2408.TW,2026-04-01,210.3240203857422,212.3176129960336,204.343242554868,210.82241853831505,1d
2408.TW,2026-04-02,199.857666015625,218.29839829138092,199.35926784600997,216.3048056129208,1d
2408.TW,2026-04-07,205.3400421142578,211.32082003991582,201.8512549909573,209.82562555850132,1d
2408.TW,2026-04-08,222.28558349609375,222.7839816653675,213.81281461843994,216.3048054648087,1d
2408.TW,2026-04-09,204.34324645996094,221.28878397127477,203.346450135766,221.28878397127477,1d
2408.TW,2026-04-10,214.3112030029297,219.2951844681141,208.33042524470838,210.32401783078214,1d
2408.TW,2026-04-13,224.77757263183594,226.7711652937591,213.8128129912586,217.7999983151049,1d
2408.TW,2026-04-14,219.29518127441406,239.23110684481534,219.29518127441406,237.73591242703523,1d
2408.TW,2026-04-15,210.82241821289062,228.7647516778175,210.82241821289062,226.77115907060337,1d
2408.TW,2026-04-16,212.81600952148438,215.80639841405792,207.83202803386177,211.81921322395985,1d
2408.TW,2026-04-17,209.3272247314453,216.30479888916017,204.34324319022042,214.3112062726702,1d
2408.TW,2026-04-20,206.3368377685547,208.33043040399966,201.35285617994225,205.34004145083222,1d
2408.TW,2026-04-21,219.29518127441406,222.78396824923428,209.32721848921344,210.32401476773347,1d
2408.TW,2026-04-22,218.2983856201172,219.79358004217278,213.3144042132652,217.799987479432,1d
2408.TW,2026-04-23,207.33363342285156,229.26315234257623,203.3464481647198,227.76795787077683,1d
2408.TW,2026-04-24,205.3400421142578,209.82562555850132,198.36246786765682,208.8288292375583,1d
2408.TW,2026-04-27,225.7743682861328,225.7743682861328,215.3080068424048,215.80640500639186,1d
2408.TW,2026-04-28,236.73912048339844,241.72310196725945,230.75834270276522,233.74873159308183,1d
2408.TW,2026-04-29,234.24713134765625,241.22470547290558,231.2567424368351,235.2439276512633,1d
2408.TW,2026-04-30,214.80960083007812,239.23110997317286,213.81280453852324,238.7327118273954,1d
2408.TW,2026-05-04,236.24072265625,236.24072265625,216.30479669369726,222.2855744824631,1d
2408.TW,2026-05-05,255.67825317382812,258.1702439455029,241.72310485244958,242.22150300678453,1d
2408.TW,2026-05-06,281.0965576171875,281.0965576171875,269.63340012570643,281.0965576171875,1d
2408.TW,2026-05-07,286.0805358886719,295.0517025193271,277.10936925801667,292.06131364244203,1d
2408.TW,2026-05-08,273.1221923828125,288.07413722128763,259.16704386690236,281.0965629633326,1d
2408.TW,2026-05-11,300.0356750488281,300.0356750488281,295.05169373572465,299.5372769175178,1d
2408.TW,2026-05-12,319.97161865234375,323.9588039315007,300.0356922565591,311.49884993413525,1d
2408.TW,2026-05-13,319.97161865234375,321.4668131320276,302.02928489613754,310.50205361434604,1d
2408.TW,2026-05-14,339.90753173828125,351.8690871073703,334.4251521941154,341.4027261594174,1d
2408.TW,2026-05-15,310.5020446777344,333.4283593730406,307.5116558044336,329.44117420863955,1d
2408.TW,2026-05-18,304.02288818359375,308.010073602395,286.0805537989882,299.0389064100922,1d
2408.TW,2026-05-19,273.6205749511719,294.05489839925576,273.6205749511719,290.56611146909506,1d
2408.TW,2026-05-20,274.1189880371094,284.0869512384588,264.6494229958274,278.60457147771666,1d
2408.TW,2026-05-21,292.0613098144531,294.05490237291355,279.1029581844603,290.56611539560777,1d
2408.TW,2026-05-22,309.5052490234375,319.97161010152473,295.05170277274556,298.5404897987747,1d
2408.TW,2026-05-25,295.05169677734375,302.527668824067,287.0773265941723,294.0549005044473,1d
2408.TW,2026-05-26,302.5276794433594,312.9940406761609,294.55330898027245,299.5372905197018,1d
2408.TW,2026-05-27,311.0004577636719,332.43157905187365,305.0196797297551,331.93318088238055,1d
2408.TW,2026-05-28,322.9620056152344,337.9139503196434,305.0196719699436,309.00685722445263,1d
2408.TW,2026-05-29,345.8883056640625,350.3738888787261,337.41553736969786,346.3867037990251,1d
2408.TW,2026-06-01,380.2778015136719,380.2778015136719,358.34828216032776,360.84027299593504,1d
2408.TW,2026-06-02,418.15606689453125,418.15606689453125,393.7345564322761,399.7153345046651,1d
2408.TW,2026-06-03,400.2137145996094,429.12080731041556,398.71852014905045,428.6224091602292,1d
2408.TW,2026-06-04,393.7345275878906,408.1880735373195,390.7441387707674,394.2329257240778,1d
2408.TW,2026-06-05,358.8466796875,372.8018283420139,354.36109619140626,368.81464301215277,1d
2408.TW,2026-06-08,338.412353515625,346.8851223076215,322.9620104243373,322.9620104243373,1d
2408.TW,2026-06-09,361.8370666503906,364.8274556309724,340.90434378631846,349.37711256463336,1d
2408.TW,2026-06-10,331.93316650390625,365.32584241345836,328.9427776164837,350.37389797634546,1d
2408.TW,2026-06-11,338.9107360839844,352.36748589908376,323.95879184498506,334.92355095358454,1d
2408.TW,2026-06-12,372.80181884765625,372.80181884765625,363.8306520839426,367.3194391587201,1d
2408.TW,2026-06-15,394.2329406738281,398.22012591452426,380.77619048647875,389.747357278045,1d
2408.TW,2026-06-16,423.638427734375,431.114399988511,394.73133501838237,401.2105109719669,1d
2408.TW,2026-06-17,435.5999755859375,435.5999755859375,410.6800685158038,413.6704573642198,1d
2408.TW,2026-06-18,458.02789306640625,458.02789306640625,426.1304119388219,442.0791525026141,1d
2408.TW,2026-06-22,503.38214111328125,503.38214111328125,478.46223313737624,482.449418413521,1d
2408.TW,2026-06-23,453.0439147949219,498.39814608902293,453.0439147949219,486.43659058288637,1d
2408.TW,2026-06-24,442.07916259765625,455.53591275564577,433.6063939796628,438.59037551965895,1d
2408.TW,2026-06-25,475.4718322753906,481.452610039861,460.02148971717565,477.4654248635474,1d
2408.TW,2026-06-26,447.5615539550781,496.4045743198862,441.5807759512241,478.46224030832406,1d
2408.TW,2026-06-29,451.5487365722656,463.5102925079548,439.08878247258946,454.5391255561879,1d
2408.TW,2026-06-30,451.0503234863281,464.00867532129445,434.60318461887084,464.00867532129445,1d
2408.TW,2026-07-01,419.6512451171875,453.54231954470384,410.68007835696255,453.54231954470384,1d
2408.TW,2026-07-02,405.69610595703125,410.68008760269504,385.2617812098098,385.2617812098098,1d
2408.TW,2026-07-03,408.1880798339844,418.15604271149317,392.2393392299703,397.72171881260016,1d
2408.TW,2026-07-06,419.1528625488281,441.5807802833076,419.1528625488281,426.62883512698795,1d
2408.TW,2026-07-07,403.0,437.0,402.0,423.0,1d
2408.TW,2026-07-08,396.0,422.0,391.0,414.0,1d
2408.TW,2026-07-09,435.5,435.5,412.5,414.0,1d
2408.TW,2026-07-13,423.0,466.5,420.5,466.5,1d
2408.TW,2026-07-14,448.0,449.0,415.5,432.0,1d
2408.TW,2026-07-15,481.0,489.5,453.5,460.0,1d
2408.TW,2026-07-16,439.0,463.0,435.5,463.0,1d
2408.TW,2026-07-17,395.5,413.5,395.5,400.5,1d
2408.TW,2026-07-20,381.0,406.0,380.5,396.0,1d
2408.TW,2026-07-21,405.0,415.0,389.0,392.5,1d
2408.TW,2026-07-22,445.5,445.5,431.5,435.0,1d
2408.TW,2026-07-23,426.0,452.0,415.0,452.0,1d
2408.TW,2026-07-24,401.0,433.5,401.0,418.0,1d
2408.TW,2026-07-27,436.0,440.0,387.0,401.5,1d
2408.TW,2026-07-28,392.5,399.5,392.5,392.5,1d
2408.TW,2026-07-29,353.5,378.0,353.5,378.0,1d
2408.TW,2026-07-30,328.0,375.0,322.0,325.5,1d
2408.TW,2026-07-31,360.5,360.5,360.5,360.5,1d
2408.TW,2026-08-03,396.5,396.5,374.5,374.5,1d
2408.TW,2026-08-04,436.0,436.0,400.0,400.0,1d
2408.TW,2026-08-05,445.0,470.5,441.5,469.0,1d
2408.TW,2026-08-06,459.0,462.5,436.0,441.0,1d
2408.TW,2026-08-07,457.0,463.0,445.0,456.5,1d
2408.TW,2026-08-10,502.0,502.0,473.0,473.0,1d
2408.TW,2026-08-11,489.0,500.0,474.0,491.5,1d
2408.TW,2026-08-12,482.5,511.0,480.5,497.0,1d
2408.TW,2026-08-13,514.0,530.0,490.0,497.0,1d
2408.TW,2026-08-14,512.0,542.0,501.0,532.0,1d
2408.TW,2026-08-17,524.0,535.0,513.0,520.0,1d
2408.TW,2026-08-18,515.0,553.0,511.0,540.0,1d
2408.TW,2026-08-19,481.0,494.5,480.0,489.0,1d
2408.TW,2026-08-20,517.0,523.0,498.0,498.0,1d
2408.TW,2026-08-21,528.0,534.0,512.0,519.0,1d
2408.TW,2026-08-24,501.0,538.0,500.0,521.0,1d
2408.TW,2026-08-25,510.0,510.0,480.0,491.0,1d
2408.TW,2026-08-26,517.0,522.0,504.0,510.0,1d
2408.TW,2026-08-27,541.0,555.0,528.0,529.0,1d
2408.TW,2026-08-28,540.0,569.0,531.0,550.0,1d
2408.TW,2026-08-31,543.0,558.0,531.0,546.0,1d
2408.TW,2026-09-01,518.0,551.0,516.0,551.0,1d
2408.TW,2026-09-02,518.0,524.0,502.0,509.0,1d
2408.TW,2026-09-03,477.5,539.0,477.5,533.0,1d
2408.TW,2026-09-04,496.0,496.0,470.0,490.5,1d
2408.TW,2026-09-07,517.0,525.0,508.0,519.0,1d
2408.TW,2026-09-08,531.0,540.0,524.0,527.0,1d
2408.TW,2026-09-09,523.0,535.0,521.0,535.0,1d
2408.TW,2026-09-10,515.0,523.0,507.0,517.0,1d
2408.TW,2026-09-11,493.0,498.0,490.0,498.0,1d
2408.TW,2026-09-14,473.0,486.0,470.0,477.5,1d
2408.TW,2026-09-15,465.5,476.5,465.5,473.5,1d
2408.TW,2026-09-16,492.5,495.0,475.0,476.0,1d
2408.TW,2026-09-17,488.0,504.0,488.0,499.0,1d
2408.TW,2026-09-18,525.0,525.0,508.0,508.0,1d
2408.TW,2026-09-21,516.0,528.0,513.0,525.0,1d
2408.TW,2026-09-22,497.0,533.0,496.0,530.0,1d
2408.TW,2026-09-23,515.0,526.0,513.0,514.0,1d
2408.TW,2026-09-24,503.0,509.0,495.0,509.0,1d
2408.TW,2026-09-29,506.0,507.0,488.0,491.0,1d
2408.TW,2026-09-30,519.0,520.0,507.0,511.0,1d
2408.TW,2026-10-01,519.0,522.0,510.0,515.0,1d
2408.TW,2026-10-02,526.0,534.0,521.0,532.0,1d
2408.TW,2026-10-05,530.0,534.0,512.0,521.0,1d
2408.TW,2026-10-06,525.0,535.0,524.0,530.0,1d
2408.TW,2026-10-07,514.0,529.0,514.0,525.0,1d
2408.TW,2026-10-08,532.0,537.0,522.0,522.0,1d
MU,2014-10-13,28.05469512939453,28.990825863174567,25.665608463512946,27.879170151829168,1wk
MU,2014-10-20,30.287757873535156,30.76557483042171,28.09369939358642,28.3862416402021,1wk
MU,2014-10-27,32.26728820800781,32.520822228431626,30.170743722715702,31.165382194949686,1wk
MU,2014-11-03,32.189273834228516,33.066898706715754,31.516430578556836,32.364798808725965,1wk
MU,2014-11-10,31.80897331237793,32.55007964163275,31.331158184170427,32.111267172975694,1wk
MU,2014-11-17,33.447208404541016,33.53497090970152,30.902101334666867,31.106879273423512,1wk
MU,2014-11-24,35.05617904663086,35.31946650669103,33.40819498771935,33.55446703881482,1wk
MU,2014-12-01,35.58275604248047,35.59250577719096,33.77875009309461,35.085434015626696,1wk
MU,2014-12-08,33.1546630859375,35.68026845216039,33.125410161802876,35.553499581155315,1wk
MU,2014-12-15,33.632484436035156,33.934774594261576,31.565190846331234,33.49596210022757,1wk
MU,2014-12-22,34.12980270385742,34.35408381810038,33.642234093802315,33.88601839882987,1wk
MU,2014-12-29,33.886016845703125,34.851404286100255,33.486210752576724,34.39308862330178,1wk
MU,2015-01-05,32.69635009765625,33.87626897182176,30.66806659568235,33.84701232545182,1wk
MU,2015-01-12,28.26922607421875,32.16977657814803,27.801160683320788,31.58469204963578,1wk
MU,2015-01-19,30.18049430847168,30.35601742599164,28.620274559969374,28.77629634882696,1wk
MU,2015-01-26,28.54226303100586,30.248752936133673,28.142456973455737,29.780687579966663,1wk
MU,2015-02-02,28.19121551513672,29.15660109295873,27.391603331077675,28.52276230266265,1wk
MU,2015-02-09,31.058120727539062,31.594447312743227,27.537874779660843,28.054698174146317,1wk
MU,2015-02-16,31.233640670776367,32.02350307478494,30.492538098505765,31.506681593067974,1wk
MU,2015-02-23,29.907459259033203,31.116629214810008,28.074202064126865,31.06787309672552,1wk
MU,2015-03-02,27.791410446166992,30.716822072079307,27.684144758040357,30.30726437005452,1wk
MU,2015-03-09,28.005937576293945,28.064447142974146,26.426216474457732,27.830414456032724,1wk
MU,2015-03-16,27.96693229675293,28.532511739772733,26.77726384562663,28.249721088299626,1wk
MU,2015-03-23,26.016660690307617,27.80116168482646,24.973264188037938,27.762155304216538,1wk
MU,2015-03-30,26.065420150756836,27.069812261222882,25.802132627635615,26.065420150756836,1wk
MU,2015-04-06,27.32334327697754,27.4696134768905,25.743620282108658,25.8411343686928,1wk
MU,2015-04-13,27.32334327697754,27.742652547340793,26.72850902274813,27.32334327697754,1wk
MU,2015-04-20,28.474008560180664,29.039588093091876,27.313594707165233,27.420860400279555,1wk
MU,2015-04-27,28.26922607421875,28.922568046486273,27.157570305854456,28.522761959270113,1wk
MU,2015-05-04,26.504230499267578,28.42525019383335,26.094672783784958,28.347239288976024,1wk
MU,2015-05-11,25.675365447998047,27.391607346822212,25.36332180456217,26.455474556587745,1wk
MU,2015-05-18,26.650503158569336,26.96254680662865,25.39257696983936,25.50959240789818,1wk
MU,2015-05-25,27.235578536987305,27.90842363296129,26.35795555002309,26.54323025332101,1wk
MU,2015-06-01,25.928897857666016,27.820664514406776,25.84113536235822,27.26483475748188,1wk
MU,2015-06-08,24.505191802978516,25.967897291717836,24.095634191734458,25.850881894177366,1wk
MU,2015-06-15,23.861610412597656,24.349179090206388,23.110756062624652,23.61782607379329,1wk
MU,2015-06-22,19.171199798583984,24.241914669023004,18.946918658603412,23.53981459962036,1wk
MU,2015-06-29,18.595863342285156,19.112686651037077,18.088791627274933,18.859150793531963,1wk
MU,2015-07-06,17.133161544799805,18.508104947386837,16.713852220903792,18.371586324695762,1wk
MU,2015-07-13,19.619762420654297,19.736777849884323,16.957636296660578,17.386697210333004,1wk
MU,2015-07-20,17.884014129638672,19.580752419352063,17.406197185402693,19.580752419352063,1wk
MU,2015-07-27,18.049789428710938,20.058571499145476,17.1331599585426,17.64998333362267,1wk
MU,2015-08-03,17.981529235839844,18.985919291501663,17.552468376957037,18.14730262268594,1wk
MU,2015-08-10,16.528575897216797,18.488599986618578,16.401807022624176,18.118048677656855,1wk
MU,2015-08-17,14.168739318847656,16.830863618761395,13.885949646618867,16.060504552039717,1wk
MU,2015-08-24,15.563191413879395,16.128771905941644,13.16435360809471,13.466646581612634,1wk
MU,2015-08-31,16.40180778503418,16.869873205456706,15.075621497207033,15.514433061343981,1wk
MU,2015-09-07,16.38230323791504,17.523213768193422,16.29454074636082,17.11365609424922,1wk
MU,2015-09-14,15.114627838134766,16.499322849960954,14.978108284164795,16.47981965798094,1wk
MU,2015-09-21,14.539295196533203,15.58269168093692,14.237003191688801,15.231642631128274,1wk
MU,2015-09-28,15.514432907104492,15.553438358418589,13.57391007679234,14.305262986404154,1wk
MU,2015-10-05,17.7084903717041,18.625119807090808,15.797222463798308,15.914237879423379,1wk
MU,2015-10-12,18.040037155151367,18.820146125998125,17.279429513630905,18.079043533656954,1wk
MU,2015-10-19,16.811365127563477,18.742136339794445,15.53393591461389,17.91327120661384,1wk
MU,2015-10-26,16.148273468017578,16.821118738330302,15.787473701855896,16.73335623090139,1wk
MU,2015-11-02,16.04100799560547,17.60122605797514,15.699709596989612,16.53832634053165,1wk
MU,2015-11-09,14.627058982849121,16.04100876182856,14.49053943088905,15.953246259137329,1wk
MU,2015-11-16,15.046366691589355,15.875233650412051,14.285759036447374,14.578300370735578,1wk
MU,2015-11-23,15.173133850097656,15.387663344855827,14.695315959132309,15.15363066150334,1wk
MU,2015-11-30,15.114627838134766,16.21653214603101,15.017113738161447,15.202390342118075,1wk
MU,2015-12-07,13.690926551818848,15.085373076066288,13.642169504754184,14.968356721089089,1wk
MU,2015-12-14,14.002968788146973,14.402775790792607,13.174102789405296,14.071229019310644,1wk
MU,2015-12-21,14.119985580444336,14.578300304411986,13.213108657228965,14.080980131380914,1wk
MU,2015-12-28,13.807943344116211,14.149241754415014,13.681175389718465,14.090733110091687,1wk
MU,2016-01-04,12.998579978942871,14.70507023350738,12.959574524608504,13.486148623104159,1wk
MU,2016-01-11,10.804519653320312,13.12534620462415,10.638746261801234,13.037583711471312,1wk
MU,2016-01-18,10.794768333435059,11.2823369256222,9.078527595708419,10.99954717935219,1wk
MU,2016-01-25,10.755763053894043,10.892282596659049,9.468582247687689,10.785017839462954,1wk
MU,2016-02-01,10.726508140563965,11.262833733584806,9.926896013128333,10.726508140563965,1wk
MU,2016-02-08,9.7708740234375,10.49247524206478,9.21504525344562,10.44371820189522,1wk
MU,2016-02-15,10.88253116607666,11.457862271481345,10.053665091649616,10.102421208408671,1wk
MU,2016-02-22,10.433966636657715,11.155567857276012,9.809879496647595,11.087308558828203,1wk
MU,2016-02-29,11.584630012512207,11.984436114507288,10.258443759315275,10.385210776563662,1wk
MU,2016-03-07,11.10681438446045,11.487117343223522,10.268195695981026,11.175073699117736,1wk
MU,2016-03-14,10.863032341003418,11.058059659610633,10.287701053639426,11.058059659610633,1wk
MU,2016-03-21,10.23894214630127,11.311593600280114,10.073168722868841,10.863030383338852,1wk
MU,2016-03-28,10.755763053894043,10.794768504689287,9.76112359363367,10.238940598366234,1wk
MU,2016-04-04,10.453469276428223,10.941037793967334,9.995154609551777,10.785016017148923,1wk
MU,2016-04-11,10.424219131469727,10.648501232857171,9.800131746663395,10.4827277887771,1wk
MU,2016-04-18,10.394962310791016,10.824023195755963,10.238940508972233,10.365708455440817,1wk
MU,2016-04-25,10.482723236083984,12.10145058235029,10.21943578749305,10.404712346863668,1wk
MU,2016-05-02,9.741619110107422,10.589988249760065,9.556343475915172,10.53148054631543,1wk
MU,2016-05-09,9.322310447692871,10.073165479766011,9.117531633497807,9.751370333168502,1wk
MU,2016-05-16,10.53148078918457,10.541232383304619,9.254050788317295,9.371067127868288,1wk
MU,2016-05-23,12.00394058227539,12.120956946778156,10.550985297281734,10.570488489680562,1wk
MU,2016-05-30,12.540263175964355,12.881561543965427,11.955181455058108,12.345235935662274,1wk
MU,2016-06-06,11.838164329528809,12.823052060540114,11.750401844694602,12.569517129862955,1wk
MU,2016-06-13,11.896672248840332,12.0526940336178,11.292087367846042,11.701645017868495,1wk
MU,2016-06-20,12.881561279296875,13.807941349170502,11.984435062376694,12.198965487282793,1wk
MU,2016-06-27,12.189213752746582,13.437388980638135,11.799159284643974,12.803550237480595,1wk
MU,2016-07-04,12.306231498718262,12.403745591862968,11.214077933328793,12.072198791126942,1wk
MU,2016-07-11,12.803550720214844,13.213108392145802,12.296478962600041,12.472003944845664,1wk
MU,2016-07-18,12.803550720214844,13.281367694146548,12.696285969933209,12.920567065057512,1wk
MU,2016-07-25,13.398385047912598,14.519793397867979,13.281368694258381,13.651920945811725,1wk
MU,2016-08-01,14.1589937210083,14.4125287064815,12.696287804208106,13.46664621652434,1wk
MU,2016-08-08,14.558799743652344,14.617307459092807,13.68117564237508,14.168744277541327,1wk
MU,2016-08-15,15.845978736877441,16.04100691145577,14.705068193425205,14.714819788146773,1wk
MU,2016-08-22,16.099517822265625,16.392058282396768,14.997612508552866,15.748467782166745,1wk
MU,2016-08-29,16.2847957611084,16.821120601534332,15.738717463302427,16.499325325293366,1wk
MU,2016-09-05,16.392051696777344,17.415946615733294,16.27503630370738,16.382300104033824,1wk
MU,2016-09-12,17.04539680480957,17.63047946230489,15.96299584136605,16.19702853237888,1wk
MU,2016-09-19,17.04539680480957,17.60122467845585,16.304292353305698,17.191667004201776,1wk
MU,2016-09-26,17.337940216064453,17.708491536485635,16.723602733881854,16.91863091932034,1wk
MU,2016-10-03,17.172164916992188,17.874262959043172,16.850369748561352,17.54271619642638,1wk
MU,2016-10-10,16.704097747802734,17.39644605775379,15.767967022148062,17.27942878708374,1wk
MU,2016-10-17,16.51882553100586,17.220923681229355,16.382305051295155,16.596836436586248,1wk
MU,2016-10-24,16.77235984802246,17.48420952640509,16.54807688831947,16.645590976026007,1wk
MU,2016-10-31,16.265289306640625,17.318437441462773,16.04100818994856,17.103907920269496,1wk
MU,2016-11-07,17.23067283630371,17.318435325141493,16.333546619238057,16.5968340857514,1wk
MU,2016-11-14,18.73238182067871,18.85915067862202,17.094153140508496,17.32818580910424,1wk
MU,2016-11-21,19.629512786865234,19.931806685258522,18.868906892663887,18.90791141701758,1wk
MU,2016-11-28,18.322826385498047,19.775780392438485,17.72799217932814,19.678266313732973,1wk
MU,2016-12-05,19.990312576293945,20.468129580536118,17.94252408673705,18.527606778028535,1wk
MU,2016-12-12,19.76603126525879,20.47788096676885,19.00542358834809,19.795284190572588,1wk
MU,2016-12-19,22.681692123413086,22.905973239242684,19.688021134084703,19.92205384537559,1wk
MU,2016-12-26,21.375009536743164,23.05224501111274,21.20923612253775,22.769456163307495,1wk
MU,2017-01-02,21.492023468017578,22.272132436397357,21.41401071125311,21.521276391877763,1wk
MU,2017-01-09,21.6285457611084,22.31114075987116,21.160480300255053,21.394513030681725,1wk
MU,2017-01-16,21.41401481628418,21.784568042243883,20.955700941993864,21.33600390449164,1wk
MU,2017-01-23,23.374040603637695,23.500809495239157,21.19948485313814,21.41401439132863,1wk
MU,2017-01-30,23.988372802734375,24.680719244353114,22.847462332240717,23.227765202429804,1wk
MU,2017-02-06,23.452049255371094,24.27116466401749,23.30577904523994,23.92011653168806,1wk
MU,2017-02-13,22.769453048706055,23.59832000635357,22.11611107737525,23.47155113404638,1wk
MU,2017-02-20,22.662185668945312,23.4617977823533,22.077103045011587,23.032738803404772,1wk
MU,2017-02-27,24.934253692626953,25.041519361676016,22.574421993031596,22.779201737586508,1wk
MU,2017-03-06,24.553955078125,25.275556385418206,24.19315349451509,24.86599868561108,1wk
MU,2017-03-13,25.158536911010742,25.57784616951533,24.319920253928018,24.758730841256703,1wk
MU,2017-03-20,27.7231502532959,29.127348309644066,24.797738720861044,25.343815019469446,1wk
MU,2017-03-27,28.18146324157715,28.630027297397714,27.37209948208989,27.40135426614118,1wk
MU,2017-04-03,27.810914993286133,28.317986812894,27.323346365184737,28.23022431104161,1wk
MU,2017-04-10,26.07516860961914,27.781658716478454,25.7046172904974,27.74265419548351,1wk
MU,2017-04-17,26.640748977661133,27.381853499870985,26.162931955432413,26.240942859879414,1wk
MU,2017-04-24,26.982044219970703,27.498867563817956,25.714366706288747,27.050303520871456,1wk
MU,2017-05-01,27.49886703491211,27.67439015102674,26.767514208025368,27.157568677046346,1wk
MU,2017-05-08,28.21072006225586,28.688537076696434,26.601744021807676,26.874781252958492,1wk
MU,2017-05-15,27.128314971923828,28.464253673800886,26.289696435274298,28.356987993087156,1wk
MU,2017-05-22,29.020082473754883,29.02983406867005,26.87477995050872,27.49886900559348,1wk
MU,2017-05-29,30.434032440185547,30.599805845777794,29.137099982290913,29.195609555977605,1wk
MU,2017-06-05,29.83919906616211,32.11126869625628,28.81530387736673,30.52179399876573,1wk
MU,2017-06-12,29.117599487304688,31.438427232254988,28.48375877364718,29.312625825415143,1wk
MU,2017-06-19,30.941102981567383,31.594446841410324,29.575911270378118,29.751436264374536,1wk
MU,2017-06-26,29.117599487304688,32.14052353739401,28.971327408813423,31.643205166259975,1wk
MU,2017-07-03,29.449142456054688,29.800190562706998,27.849916277138515,29.341876775171944,1wk
MU,2017-07-10,30.99961280822754,31.15563461308154,29.010332006449104,29.410138113878308,1wk
MU,2017-07-17,31.21413803100586,31.545684805449213,30.619305643855768,30.882593116488987,1wk
MU,2017-07-24,28.552017211914062,31.21413939879466,28.23997175293815,31.20438966376011,1wk
MU,2017-07-31,27.225828170776367,28.815300840843488,26.59198942160669,28.69828542926599,1wk
MU,2017-08-07,27.3135929107666,28.610525298864193,26.182433919339825,27.235582009976014,1wk
MU,2017-08-14,29.624662399291992,30.092729591126847,28.005935064830176,28.103449140626033,1wk
MU,2017-08-21,29.536907196044922,29.97571782774414,28.55201838367205,29.770939904936498,1wk
MU,2017-08-28,31.789470672607422,32.062511613302455,29.663673176356905,29.673424771376485,1wk
MU,2017-09-04,31.643207550048828,32.19903553842245,30.86309655905842,31.643207550048828,1wk
MU,2017-09-11,33.788509368896484,34.129805940358615,31.994256564952057,32.082019071878555,1wk
MU,2017-09-18,35.17320251464844,35.69002409919091,34.14930908193914,34.25657478133934,1wk
MU,2017-09-25,38.352149963378906,38.381402890629055,33.2424291186106,35.14394750679196,1wk
MU,2017-10-02,38.683692932128906,39.53206501814614,37.845078021585536,38.615433622199255,1wk
MU,2017-10-09,39.395538330078125,41.024015418963934,38.634928901150936,38.73244483811731,1wk
MU,2017-10-16,40.46818923950195,41.121529304345295,38.81045544234698,39.86360528519348,1wk
MU,2017-10-23,39.8343505859375,41.14103449921136,39.04449188512953,40.809487723608946,1wk
MU,2017-10-30,42.62324905395508,44.2029741050175,39.66858432487187,39.71734044425821,1wk
MU,2017-11-06,43.66664123535156,43.73490053959001,41.39457356601524,42.759763370637245,1wk
MU,2017-11-13,45.012332916259766,45.39263582834866,43.09131144561739,43.22783377803039,1wk
MU,2017-11-20,48.4448127746582,48.64959067859609,45.24636418794211,45.35362614725272,1wk
MU,2017-11-27,40.94601058959961,47.64520177252702,39.01523575798008,46.76757684906359,1wk
MU,2017-12-04,42.13566970825195,43.47161010289366,38.0986030438077,40.90699870075469,1wk
MU,2017-12-11,41.34580993652344,42.662243387393474,40.67296303153672,42.3404463945994,1wk
MU,2017-12-18,43.02305221557617,45.63642020874743,41.921149858046306,42.291699315692874,1wk
MU,2017-12-25,40.09763717651367,42.12592416373544,39.75634067378544,42.11617070945584,1wk
MU,2018-01-01,44.661277770996094,45.81193982945027,40.165895211758595,40.50719542358813,1wk
MU,2018-01-08,41.74562454223633,44.94407334268295,40.36092779482259,44.18346752302874,1wk
MU,2018-01-15,41.68711471557617,43.53987685754304,41.365317658558,42.06741762306808,1wk
MU,2018-01-22,42.5842399597168,43.60813700091902,40.643719004752626,41.41407828951979,1wk
MU,2018-01-29,39.80509567260742,42.993794399796705,39.600317776696414,42.17467909629989,1wk
MU,2018-02-05,39.405296325683594,42.83777990965971,36.58715025391531,39.142008820451665,1wk
MU,2018-02-12,43.110816955566406,43.98844196903362,39.86361184544451,39.99037700972601,1wk
MU,2018-02-19,45.37314224243164,45.63642978803724,42.808533546812384,42.92554899379688,1wk
MU,2018-02-26,47.88898468017578,48.23028118510266,44.80755152193268,45.80219183324476,1wk
MU,2018-03-05,53.23273468017578,54.44190632641668,47.50868091867156,47.58668995270328,1wk
MU,2018-03-12,59.073814392089844,61.843200517343526,54.948980690660065,55.095252761153105,1wk
MU,2018-03-19,52.86219024658203,60.18547319036212,52.34536868644899,58.85928591469282,1wk
MU,2018-03-26,50.84364318847656,55.300019033797724,49.4394472309518,54.86120663461733,1wk
MU,2018-04-02,47.25514602661133,52.16983822093726,46.08498068703091,50.25857027420597,1wk
MU,2018-04-09,50.93141555786133,52.160090514142965,46.72857288273312,47.90849172293921,1wk
MU,2018-04-16,49.361454010009766,52.920706998113864,48.903141962777205,50.950929009175695,1wk
MU,2018-04-23,46.33852005004883,50.112299961061254,44.93432382544851,49.54672232109774,1wk
MU,2018-04-30,46.39704132080078,46.51405677239489,44.19322861662925,45.88996940408746,1wk
MU,2018-05-07,50.53160095214844,51.48723480188233,46.68956236609347,47.060111761803846,1wk
MU,2018-05-14,52.06256866455078,55.49505166935678,51.37997195725733,51.67251606027795,1wk
MU,2018-05-21,59.824668884277344,60.55602182281302,53.17423312744782,54.78321108016768,1wk
MU,2018-05-28,57.27956008911133,63.052374179343474,55.46580432332843,59.83441848141735,1wk
MU,2018-06-04,59.86366271972656,60.06844060683047,55.212258559187426,56.00212090639874,1wk
MU,2018-06-11,56.7822380065918,60.99483036084707,55.875360124231676,60.175714974194484,1wk
MU,2018-06-18,55.680328369140625,60.2927302454833,55.4560472766941,56.167896931812095,1wk
MU,2018-06-25,51.13618850708008,54.25662799071363,50.50235161999775,54.1591157680403,1wk
MU,2018-07-02,51.906551361083984,53.42776669270992,48.854370962820816,50.23906768517003,1wk
MU,2018-07-09,54.948978424072266,55.1830129832368,51.789536054396336,52.46237936723305,1wk
MU,2018-07-16,53.65205001831055,56.70423054296897,53.46677528659865,55.19276488376232,1wk
MU,2018-07-23,52.6183967590332,54.02259655668839,50.92166029667027,52.17958432226596,1wk
MU,2018-07-30,51.49699783325195,52.901194088339025,50.10255131361162,52.84268451609875,1wk
MU,2018-08-06,50.09279251098633,52.19908852869985,49.75149600898412,50.92166128990338,1wk
MU,2018-08-13,45.938716888427734,50.76564706673494,44.48576073509396,50.32683455600639,1wk
MU,2018-08-20,49.43944549560547,49.55646089132878,45.31461652779809,46.22149421432159,1wk
MU,2018-08-27,51.214202880859375,52.345361810968406,49.8977655140172,50.07329049626283,1wk
MU,2018-09-03,43.744651794433594,50.99967062743262,42.964542842474486,50.8436488370408,1wk
MU,2018-09-10,43.198570251464844,44.251720043203356,39.668575198136985,44.1249511860824,1wk
MU,2018-09-17,43.62763214111328,46.045971517056806,42.1746763369324,42.50622307427117,1wk
MU,2018-09-24,44.1054573059082,44.51501688462645,42.76952031694233,43.10106713024627,1wk
MU,2018-10-01,42.49648666381836,45.529160638073726,41.74563047268414,44.310238974515656,1wk
MU,2018-10-08,41.41407775878906,42.75976440624099,40.29266849939261,42.2039365040645,1wk
MU,2018-10-15,39.444305419921875,42.31120780753095,39.268780404368904,40.98502045439902,1wk
MU,2018-10-22,34.51985549926758,39.68808148580632,33.44720243649541,39.55156288432782,1wk
MU,2018-10-29,39.317527770996094,39.922111734460174,32.97913658930467,35.24145437502784,1wk
MU,2018-11-05,38.137611389160156,40.39992909315829,37.45501469643511,39.102995004995435,1wk
MU,2018-11-12,38.459407806396484,39.171257478580216,35.924052707663925,37.28924620381408,1wk
MU,2018-11-19,35.494991302490234,38.34238979878737,33.20341692595796,38.22537439040808,1wk
MU,2018-11-26,37.60129165649414,38.03035068403871,34.646623420003266,36.811429187755415,1wk
MU,2018-12-03,34.43209457397461,39.23952108645098,34.25656958699897,39.200514707155705,1wk
MU,2018-12-10,33.34968566894531,35.69976565667722,33.21316708606624,33.96402301175352,1wk
MU,2018-12-17,29.5661563873291,34.34432963503589,29.361378490389534,33.31068297642937,1wk
MU,2018-12-24,30.785076141357422,31.477422548930186,27.68414004789189,29.117592691055943,1wk
MU,2018-12-31,31.88698387145996,32.25753701052474,29.985465785024434,31.19463556422124,1wk
MU,2019-01-07,35.11467742919922,35.816777173494444,31.994242387558206,32.86211361600536,1wk
MU,2019-01-14,34.87089157104492,35.29020070754093,31.84796887151034,33.85675209007607,1wk
MU,2019-01-21,37.99134063720703,38.33264085514261,32.60858338267675,34.373582878118654,1wk
MU,2019-01-28,38.61542892456055,38.868966661901695,35.73877736213785,36.03131775765591,1wk
MU,2019-02-04,37.62079620361328,40.91675737013803,36.51889008967398,38.566676789342175,1wk
MU,2019-02-11,40.94601058959961,42.08691927024904,36.431124540854256,37.64029252445606,1wk
MU,2019-02-18,41.5115852355957,42.18442848225789,40.390176104639295,40.663217016786376,1wk
MU,2019-02-25,40.54620361328125,42.89628394560503,38.810456993992936,42.72075896477977,1wk
MU,2019-03-04,37.68905258178711,41.10203262909528,35.66076551100022,40.838745150491995,1wk
MU,2019-03-11,38.55692672729492,38.849467150505824,37.386761314598004,37.94258923465471,1wk
MU,2019-03-18,40.585205078125,43.11081031701957,38.17661896957545,38.61542768888439,1wk
MU,2019-03-25,40.30242156982422,40.936258507033834,38.0400998823872,40.31217130492148,1wk
MU,2019-04-01,42.242942810058594,43.73490152170696,40.68272479263894,41.21904950363613,1wk
MU,2019-04-08,40.96550750732422,42.125923024936235,40.24390814396227,41.131282746919986,1wk
MU,2019-04-15,42.32095718383789,42.95479415013633,40.17565453823192,41.12153511990723,1wk
MU,2019-04-22,41.05326843261719,43.53987089299868,39.75633808678992,42.06741186023647,1wk
MU,2019-04-29,42.2526969909668,42.3014531073763,40.546206877661575,41.08253159787257,1wk
MU,2019-05-06,37.97184753417969,41.238559928537946,36.71392316438642,40.37068827160205,1wk
MU,2019-05-13,35.16344451904297,37.737805820564404,34.90990679458397,36.431121981779704,1wk
MU,2019-05-20,33.1546630859375,34.98792196871877,32.14051955760292,33.8860159481273,1wk
MU,2019-05-27,31.799217224121094,33.46670055200957,31.370154576113062,33.30092905244453,1wk
MU,2019-06-03,33.14491653442383,34.519859898596465,31.662707478318378,32.130772908690616,1wk
MU,2019-06-10,31.847980499267578,35.09518912980768,31.43842466470568,33.73974531006654,1wk
MU,2019-06-17,32.423309326171875,34.38333330584578,31.340906524918694,31.73096286189651,1wk
MU,2019-06-24,37.63053894042969,38.42040129075116,31.799219822832196,32.37455083161762,1wk
MU,2019-07-01,38.43990707397461,40.67297218003885,37.83532304468389,40.13664745793321,1wk
MU,2019-07-08,43.403358459472656,43.588636922368956,37.97184413706813,38.05960664058388,1wk
MU,2019-07-15,44.388240814208984,44.85630617135382,41.54083857509525,43.57887524341391,1wk
MU,2019-07-22,46.309268951416016,47.48918411362622,45.0805939515473,45.34388145151917,1wk
MU,2019-07-29,42.984046936035156,46.49453915367066,41.17029125964405,45.704676730768824,1wk
MU,2019-08-05,40.48770523071289,42.11618290062209,39.68809286155865,41.34582718292255,1wk
MU,2019-08-12,42.46722412109375,43.95918655974544,39.95137209096583,40.02938113228409,1wk
MU,2019-08-19,41.89188766479492,44.319980607589784,41.59934728755346,43.55937116293872,1wk
MU,2019-08-26,44.14446258544922,44.788053004620274,40.72172884542559,42.65250382279206,1wk
MU,2019-09-02,47.752464294433594,48.405804356560665,43.33509076510757,43.49111255008216,1wk
MU,2019-09-09,49.244422912597656,50.11229432518778,47.29414873784131,48.308292201479276,1wk
MU,2019-09-16,47.937744140625,50.02453713331173,47.557441231471294,48.29854385958452,1wk
MU,2019-09-23,42.13566970825195,48.942125656109305,41.84312934645285,48.308288825519995,1wk
MU,2019-09-30,43.442359924316406,43.51061922822715,40.71197660832734,41.93089806366648,1wk
MU,2019-10-07,43.97868728637695,44.6807872775617,41.55059768328521,43.198578251645735,1wk
MU,2019-10-14,42.38921356201172,45.39263408236282,42.15517900673029,43.842165848200914,1wk
MU,2019-10-21,46.83584213256836,47.06987671532724,42.82802733674205,42.86703372051078,1wk
MU,2019-10-28,47.17713928222656,47.94749485137884,45.30487390387472,47.29415470591941,1wk
MU,2019-11-04,46.016727447509766,48.65935233460781,45.78269658066383,48.16203023281647,1wk
MU,2019-11-11,46.52379608154297,47.31365857242332,44.632031205428014,45.55841231254251,1wk
MU,2019-11-18,44.72954177856445,47.206391129212655,43.92017984672934,46.757828915431595,1wk
MU,2019-11-25,46.328765869140625,47.06987221040332,44.79780079135053,44.95382259163955,1wk
MU,2019-12-02,46.73833084106445,47.12838724695686,43.44236574281967,46.387280819732,1wk
MU,2019-12-09,49.927024841308594,51.019177451878974,45.275620001482814,46.3872758022236,1wk
MU,2019-12-16,53.69105529785156,54.53942361597434,51.06793386249759,51.44823677338528,1wk
MU,2019-12-23,52.68666076660156,54.71494789121057,52.5501421562631,53.8568261292719,1wk
MU,2019-12-30,53.17424011230469,54.11037482368764,51.35073425424943,52.43313734064099,1wk
MU,2020-01-06,55.26102066040039,57.026020246011804,51.83829089100878,52.41362195992111,1wk
MU,2020-01-13,56.226409912109375,56.850497115042096,54.4516605338245,55.59256925421342,1wk
MU,2020-01-20,56.32392501831055,59.05431225032426,55.816856929928576,55.9436220920974,1wk
MU,2020-01-27,51.7700309753418,55.76809176633911,51.38972808544852,53.77881482537017,1wk
MU,2020-02-03,55.465797424316406,57.69885848113333,51.68226456199289,51.92604882879474,1wk
MU,2020-02-10,57.045528411865234,59.668646242426014,54.80271350887368,54.9002257447133,1wk
MU,2020-02-17,55.57306671142578,58.75201212054925,54.50041363581934,55.651075747552774,1wk
MU,2020-02-24,51.25320816040039,54.081103565125545,47.186884452016265,51.98456099746166,1wk
MU,2020-03-02,50.1903190612793,54.227386971749375,48.756866010225494,51.87730617885066,1wk
MU,2020-03-09,41.921146392822266,47.39166250707693,37.0552105310841,44.34923573660989,1wk
MU,2020-03-16,35.21220779418945,38.16687256376457,30.35602272373334,36.4213759388969,1wk
MU,2020-03-23,42.39896011352539,44.61252174829297,34.80264130995849,36.07032249945341,1wk
MU,2020-03-30,40.195159912109375,44.437005596405704,38.352151046244714,43.071811915100426,1wk
MU,2020-04-06,44.98307800292969,48.57158303101532,42.26244444764112,42.27219418245605,1wk
MU,2020-04-13,44.56376266479492,47.177130182247666,43.28633182638586,43.783653790895414,1wk
MU,2020-04-20,43.06206130981445,43.959189524525925,40.165902453427215,43.41311131905575,1wk
MU,2020-04-27,43.93968200683594,48.89337687215413,43.413107044817934,43.8811724377718,1wk
MU,2020-05-04,47.05037307739258,47.255151010456814,42.525736759012624,43.09131443888339,1wk
MU,2020-05-11,43.305843353271484,47.51843580346353,41.45308116607496,46.553052048548366,1wk
MU,2020-05-18,43.822662353515625,45.87045260844907,43.14006932172418,44.690537545091814,1wk
MU,2020-05-25,46.71882629394531,48.3473074634888,42.80852749162041,45.07084565254091,1wk
MU,2020-06-01,52.384361267089844,53.45701048809172,44.436993162890346,46.309258152823006,1wk
MU,2020-06-08,47.47943115234375,53.28149850802877,46.18250054993136,53.14497988881203,1wk
MU,2020-06-15,49.566219329833984,51.438480729137744,45.92895476499516,46.182492487725504,1wk
MU,2020-06-22,47.28440856933594,50.122057918868606,46.1044896278227,49.829513757591265,1wk
MU,2020-06-29,48.59109115600586,51.16545291158302,46.397032334340764,47.47943156168534,1wk
MU,2020-07-06,49.43944549560547,50.15129504268854,47.5184244598736,49.488201600502485,1wk
MU,2020-07-13,48.24003982543945,50.98017305347788,46.75783079354399,50.03429247248624,1wk
MU,2020-07-20,48.77634811401367,52.852420647721374,48.30828284907118,48.425298235343796,1wk
MU,2020-07-27,48.815372467041016,50.42434671057892,47.888991328114294,49.34194375919058,1wk
MU,2020-08-03,47.53793716430664,50.200061199125436,46.85534039951521,49.137161532196046,1wk
MU,2020-08-10,44.46626281738281,48.50333467504347,44.17372234881856,47.63545928651229,1wk
MU,2020-08-17,41.59935760498047,44.797806799821416,41.199551455625354,44.75880413440781,1wk
MU,2020-08-24,44.554012298583984,44.68078116183033,41.82362919082229,42.04791027511796,1wk
MU,2020-08-31,45.324371337890625,46.99185486317903,43.77390322143313,44.22246538849561,1wk
MU,2020-09-07,44.94407272338867,45.324375627975506,43.34484834520143,43.87142331456156,1wk
MU,2020-09-14,49.478458404541016,50.87290104412035,47.099121484744806,47.14787759608347,1wk
MU,2020-09-21,47.91823959350586,50.32682957641166,46.592052456680854,48.37655525045796,1wk
MU,2020-09-28,45.39262771606445,50.10254132677023,45.343871608842655,48.40580126854294,1wk
MU,2020-10-05,48.64959716796875,49.34194372783639,45.811947898227054,45.82170135391726,1wk
MU,2020-10-12,50.32683181762695,51.43848763774967,48.83487308218364,49.322441685385066,1wk
MU,2020-10-19,51.5359992980957,53.48627368924185,50.024537388928074,50.67788124428569,1wk
MU,2020-10-26,49.088401794433594,51.57500065706574,48.07425831701526,51.09718556087535,1wk
MU,2020-11-02,53.78856658935547,54.03235088385397,48.21078074087673,49.52721816308052,1wk
MU,2020-11-09,56.48969650268555,56.7432305299123,53.008457106640144,55.065997128586105,1wk
MU,2020-11-16,59.87342834472656,61.08259644568707,58.12793178300987,58.23519747516111,1wk
MU,2020-11-23,62.63306427001953,63.188892164367026,60.7510454974273,61.05333936201317,1wk
MU,2020-11-30,71.51655578613281,72.53069932590435,61.99922245542654,62.95485270656292,1wk
MU,2020-12-07,68.77642059326172,72.75498186946386,67.67451831458031,71.46780115536387,1wk
MU,2020-12-14,69.68330383300781,72.50144976256517,69.26399453692974,69.62479798136647,1wk
MU,2020-12-21,68.82518005371094,69.99534162758516,67.91830223006137,68.2595987357992,1wk
MU,2020-12-28,73.31082916259766,73.79839785683156,67.42099844348719,70.00511401086844,1wk
MU,2021-01-04,75.49510955810547,82.06753871288629,71.91635832592435,74.57848577878147,1wk
MU,2021-01-11,78.71306610107422,80.1660182637071,74.51997369114716,74.68574520882426,1wk
MU,2021-01-18,80.2342758178711,85.08070817899295,78.94709520088887,79.25913876137834,1wk
MU,2021-01-25,76.32398223876953,81.4239528589761,72.481946887418,81.12166272008585,1wk
MU,2021-02-01,79.0836181640625,80.4780645294974,76.52876369627258,77.61115904426764,1wk
MU,2021-02-08,85.82181549072266,86.12410560128335,79.27864665317223,79.71745535816066,1wk
MU,2021-02-15,88.69847106933594,89.21529254982639,82.78914253436093,87.00173457270361,1wk
MU,2021-02-22,89.25430297851562,90.7852680206534,80.39030977370855,87.30402866039329,1wk
MU,2021-03-01,86.71894836425781,93.36938353068268,79.81497545186429,92.18946845402574,1wk
MU,2021-03-08,85.58779907226562,87.97688996365132,82.7599068036528,86.36791190204612,1wk
MU,2021-03-15,88.25965881347656,93.11583728470904,83.99830711395103,85.58777786920567,1wk
MU,2021-03-22,85.80231475830078,90.12217258069279,78.48878621743661,89.54684523987032,1wk
MU,2021-03-29,90.11241912841797,92.03343288391342,83.13043421994253,85.57803031938913,1wk
MU,2021-04-05,92.9305648803711,93.99346070570174,90.17092521247345,91.59462442863382,1wk
MU,2021-04-12,88.40593719482422,94.5492967485356,87.22601470165796,92.8233072742226,1wk
MU,2021-04-19,83.89104461669922,88.4254336787749,81.81400524490587,88.4156802245301,1wk
MU,2021-04-26,83.9300537109375,87.94762142368184,83.22795377670005,84.32011005659231,1wk
MU,2021-05-03,83.84229278564453,84.84668282810783,79.99049670082678,84.80767645057357,1wk
MU,2021-05-10,77.71841430664062,82.88664327496129,74.51022019034994,82.83788345009413,1wk
MU,2021-05-17,78.71306610107422,79.95148691626356,74.26644340753704,77.13334135693077,1wk
MU,2021-05-24,82.04804229736328,82.64287657645289,77.72818426250439,79.39566795906983,1wk
MU,2021-05-31,81.67750549316406,83.62778016866659,79.85399599327451,82.80866093630765,1wk
MU,2021-06-07,77.36738586425781,82.86716680023234,76.5677736166361,81.12167022950915,1wk
MU,2021-06-14,75.03681945800781,81.0436693733531,74.2372070928828,77.52342278745071,1wk
MU,2021-06-21,79.9905014038086,80.78036013612552,73.82763474546485,74.93929053157989,1wk
MU,2021-06-28,78.332763671875,83.27670838566202,76.9285638914887,80.5755744992081,1wk
MU,2021-07-05,76.78229522705078,79.77596590663066,74.0714152068085,78.78132931146558,1wk
MU,2021-07-12,73.1450424194336,78.75208124004172,72.97926344360403,76.7920534126766,1wk
MU,2021-07-19,74.05191040039062,75.31958410914567,71.38002951083023,72.00411663138462,1wk
MU,2021-07-26,75.65113067626953,76.16795209885942,70.70718635570803,73.92513401020736,1wk
MU,2021-08-02,79.96125030517578,81.02414628085623,75.54387998476726,77.07484508936348,1wk
MU,2021-08-09,69.15673065185547,80.00025934120065,67.09919049882667,79.69796918023181,1wk
MU,2021-08-16,68.48387908935547,70.09284928875465,67.32346360568944,68.45461872816362,1wk
MU,2021-08-23,72.16014862060547,75.11481297512326,67.18695067658602,69.07871167601805,1wk
MU,2021-08-30,71.97486877441406,72.89150005209613,70.51216308774993,72.27716634199129,1wk
MU,2021-09-06,71.67257690429688,73.74961625057634,69.34199982870776,71.92611463360653,1wk
MU,2021-09-13,72.45268249511719,73.34980675477907,69.97583360802074,72.70621275999667,1wk
MU,2021-09-20,72.20890045166016,72.93049977478276,69.42000793506949,70.79494728642074,1wk
MU,2021-09-27,69.32173919677734,74.09682403354718,68.4526547140183,71.91923300824465,1wk
MU,2021-10-04,68.47220611572266,69.98577716365959,67.4078168773959,68.94092210407625,1wk
MU,2021-10-11,66.08953857421875,68.70655959592652,64.12677094541148,68.25737036572144,1wk
MU,2021-10-18,65.92353057861328,67.57381085030596,64.7321991427666,65.43528047868301,1wk
MU,2021-10-25,67.47615814208984,69.448692595724,65.86493142206913,67.98394238663332,1wk
MU,2021-11-01,71.20638275146484,72.00711250450814,67.31991667575622,67.34921048560713,1wk
MU,2021-11-08,75.48346710205078,76.18654097549992,71.4016960403985,71.59699309689462,1wk
MU,2021-11-15,81.07881164550781,81.8893086118439,73.42305353727329,75.93265879138805,1wk
MU,2021-11-22,81.45965576171875,85.64884307251889,80.05350035222602,81.6940212050561,1wk
MU,2021-11-29,79.70194244384766,86.95733863048511,78.7449690485929,82.39707740987025,1wk
MU,2021-12-06,83.52983856201172,84.99458904718823,78.63756985549244,79.90702325602123,1wk
MU,2021-12-13,81.04953002929688,85.32659893193708,79.03794166802552,84.57469693139892,1wk
MU,2021-12-20,92.20113372802734,92.76750554993617,79.00862330284303,80.20971420264175,1wk
MU,2021-12-27,91.0579833984375,94.57713096602876,89.99245938843833,91.6151817011557,1wk
MU,2022-01-03,92.32877349853516,96.23893872804302,91.38056469514008,91.8009077556341,1wk
MU,2022-01-10,95.1734390258789,95.90659513538924,88.99537717472712,92.14306193151278,1wk
MU,2022-01-17,80.0899658203125,93.79509273062145,79.68917027335499,93.38452713962756,1wk
MU,2022-01-24,77.48970794677734,82.88574096118488,73.82392748624756,78.46724940291863,1wk
MU,2022-01-31,79.34705352783203,83.2669976121961,76.26779585473908,77.18668738753561,1wk
MU,2022-02-07,87.74413299560547,92.51453314969885,78.67254846228677,79.53278235491173,1wk
MU,2022-02-14,88.7607650756836,94.33274825906129,86.71769960307894,89.9240343091664,1wk
MU,2022-02-21,88.07647705078125,91.8595648850579,81.90819331524271,87.82231420313776,1wk
MU,2022-02-28,80.0704116821289,91.95731004449505,78.7116224100036,86.46352523855343,1wk
MU,2022-03-07,71.18456268310547,81.1066091384819,71.00860493715022,79.92378496880168,1wk
MU,2022-03-14,77.6265640258789,79.37635652082855,66.80517386479968,70.13859352728386,1wk
MU,2022-03-21,76.34597778320312,78.09577769099758,73.39380619393869,77.2159889862338,1wk
MU,2022-03-28,74.46910095214844,84.30316462723596,72.39671058825232,76.82497174678699,1wk
MU,2022-04-04,70.61620330810547,76.52862271815088,69.33387651695703,75.27566104920575,1wk
MU,2022-04-11,68.64865112304688,72.19218905755706,68.60949514126754,69.05978519760986,1wk
MU,2022-04-18,67.94387817382812,74.61982117862064,67.84598446751193,68.7661315355472,1wk
MU,2022-04-25,66.74962615966797,69.8232993946956,64.46884091834345,66.97476369129872,1wk
MU,2022-05-02,68.864013671875,72.33903092836262,66.15252695067282,66.72027755322834,1wk
MU,2022-05-09,70.40084838867188,71.09585032380315,64.47864564498676,67.73830113573815,1wk
MU,2022-05-16,67.44464874267578,73.15150530227909,64.71358012769457,69.9995191415859,1wk
MU,2022-05-23,71.77125549316406,71.88872341215846,64.50799053737089,67.31736251878318,1wk
MU,2022-05-30,68.4626693725586,73.81712850850484,67.6501995562225,71.91810447230719,1wk
MU,2022-06-06,61.29728317260742,70.61619364556434,60.96446480806897,69.2457642070837,1wk
MU,2022-06-13,54.57241439819336,59.67236469509112,52.46782651968194,58.752221294364745,1wk
MU,2022-06-20,57.205589294433594,57.75376193847201,53.79909666547921,55.61980907998187,1wk
MU,2022-06-27,52.51676559448242,59.31017231841513,50.31429179715014,58.3215079457367,1wk
MU,2022-07-04,58.00414276123047,59.26936761815637,51.089547454612955,51.177819043268975,1wk
MU,2022-07-11,60.348243713378906,60.51498061154495,56.21910254934001,56.993930580054645,1wk
MU,2022-07-18,60.112850189208984,62.45694666687504,58.984935873498685,60.89748444554032,1wk
MU,2022-07-25,60.67190933227539,61.191728885564174,58.40627414807057,60.17170236390585,1wk
MU,2022-08-01,61.26038360595703,63.741790874835125,59.71073125249152,61.299616258305946,1wk
MU,2022-08-08,63.79081726074219,64.16351613852746,56.631024659575196,60.79939750001024,1wk
MU,2022-08-15,59.34783172607422,63.86929552484107,59.12224959901509,63.457356438156644,1wk
MU,2022-08-22,56.52315139770508,60.09324046200121,56.258336605604214,58.41608385346072,1wk
MU,2022-08-29,55.24811553955078,57.670673637075474,53.737692217228734,56.20929299700171,1wk
MU,2022-09-05,56.336795806884766,56.572187970470345,52.707861657462765,55.24811780691707,1wk
MU,2022-09-12,51.83494567871094,57.02334526269505,50.50106938616041,56.35640524570426,1wk
MU,2022-09-19,49.13776397705078,51.75648516041082,47.51945658056259,50.97185093107432,1wk
MU,2022-09-26,49.13776397705078,51.06012251571412,47.87254291912179,48.971030840192896,1wk
MU,2022-10-03,52.003292083740234,54.25404972550246,49.77219215601869,50.135850492457266,1wk
MU,2022-10-10,51.81654357910156,54.961702484304105,49.467501381448656,52.16054416269398,1wk
MU,2022-10-17,55.089481353759766,55.31553943878867,50.7747125257319,53.664328970527016,1wk
MU,2022-10-24,53.11393356323242,56.45566652932043,50.578144452831374,55.2664028376948,1wk
MU,2022-10-31,55.19759750366211,55.934744908224545,51.02042887780831,52.9861552899748,1wk
MU,2022-11-07,61.4486083984375,62.09729796769068,54.50959277938182,55.46297129378634,1wk
MU,2022-11-14,57.57612991333008,63.33570905105099,55.54159957430786,60.878547222446805,1wk
MU,2022-11-21,57.40904235839844,58.11670509911792,55.846289638860085,57.02572629028397,1wk
MU,2022-11-28,53.74296569824219,56.927440699762286,51.708438961347134,56.33772421779959,1wk
MU,2022-12-05,53.92970275878906,54.90273897693616,51.54134488175356,53.438271158564895,1wk
MU,2022-12-12,51.17768859863281,56.897952354567856,50.735399390838715,52.60284104626902,1wk
MU,2022-12-19,49.33972930908203,51.3939133771579,47.600061139047185,51.27596710339858,1wk
MU,2022-12-26,49.235294342041016,50.328755872074055,47.79704933760929,48.87080841798268,1wk
MU,2023-01-02,55.92411804199219,56.4363704067513,48.81169603610667,49.80664897311149,1wk
MU,2023-01-09,56.08173370361328,57.598788345892515,54.820807121904636,55.97337212089939,1wk
MU,2023-01-16,57.588932037353516,57.72684540481842,54.45631444718026,56.308303079362716,1wk
MU,2023-01-23,62.918331146240234,63.38132555556358,57.98298217633488,58.04208576679514,1wk
MU,2023-01-30,61.480079650878906,62.96757872646822,57.77610597902802,61.82486308493211,1wk
MU,2023-02-06,58.92867660522461,61.46038308574012,58.36716995439326,60.03198745764752,1wk
MU,2023-02-13,58.130741119384766,61.381573665585876,57.63819118909463,58.92867335928358,1wk
MU,2023-02-20,57.3131103515625,58.85971683642659,55.98322703915454,57.470726179387576,1wk
MU,2023-02-27,55.93397521972656,58.67255569782162,53.90467168199748,58.28836355205778,1wk
MU,2023-03-06,54.11153793334961,57.77611077237828,53.71749646929095,56.42652120058501,1wk
MU,2023-03-13,55.815757751464844,56.85996495279144,51.97386680573547,53.165840488766165,1wk
MU,2023-03-20,60.24870681762695,60.8594676738657,55.24440152192321,55.85516237816196,1wk
MU,2023-03-27,59.44092559814453,63.460131065787834,56.95847350436879,60.27825897452838,1wk
MU,2023-04-03,57.80403137207031,59.324148152154265,55.28694713460456,59.03789471770956,1wk
MU,2023-04-10,61.82149887084961,63.52916553096375,60.00525161848471,60.39021643431731,1wk
MU,2023-04-17,60.34085464477539,62.63090473336158,59.097118272684185,61.41678364233588,1wk
MU,2023-04-24,63.52915573120117,63.60812479173032,57.280870021284905,59.324147394325756,1wk
MU,2023-05-01,60.43955612182617,63.27250504898691,59.126727600635306,63.06521692965968,1wk
MU,2023-05-08,60.13356399536133,61.50562323952737,58.78125078261956,60.45930573572187,1wk
MU,2023-05-15,67.28994750976562,67.7045236503207,61.002183019857604,61.42663217258829,1wk
MU,2023-05-22,72.97560119628906,73.62707701227333,63.92398309017085,64.9012005795987,1wk
MU,2023-05-29,68.27705383300781,73.80475959278603,67.04319060399912,73.42966788229265,1wk
MU,2023-06-05,64.5853500366211,68.60280920998396,63.18368293643862,68.60280920998396,1wk
MU,2023-06-12,66.78655242919922,69.58988606876693,64.9406903287322,64.99004033931689,1wk
MU,2023-06-19,64.4372787475586,66.74707486780862,64.00295643602858,66.45094464978284,1wk
MU,2023-06-26,62.29529571533203,67.07281116793949,62.088007568593724,64.78276100709621,1wk
MU,2023-07-03,59.97970199584961,63.60913960443281,59.83135827623238,62.738864245922564,1wk
MU,2023-07-10,63.37179183959961,64.81565506405988,59.91047372005005,60.1577107285893,1wk
MU,2023-07-17,64.9244384765625,65.42880407514605,62.63996721144169,63.09488239141084,1wk
MU,2023-07-24,70.41309356689453,71.54049366703596,64.2816190733157,64.63764095178924,1wk
MU,2023-07-31,69.13737487792969,70.97681165748234,66.41776722587983,70.33400133942247,1wk
MU,2023-08-07,63.65859603881836,69.45383288400254,63.36190857156053,69.07802775279919,1wk
MU,2023-08-14,62.887210845947266,67.7231703020117,61.0675461616461,63.65859294173578,1wk
MU,2023-08-21,63.01577377319336,65.50791965088496,61.937820199553,62.9762149440141,1wk
MU,2023-08-28,69.61205291748047,69.8395142897335,63.94538479330024,64.99366731611669,1wk
MU,2023-09-04,69.40437316894531,70.37354555987821,68.33630748385389,69.13736052020981,1wk
MU,2023-09-11,69.107666015625,71.43169926290012,68.54396610023907,70.0471709046499,1wk
MU,2023-09-18,68.11873626708984,71.51082824590758,67.04078655696293,69.8691784714325,1wk
MU,2023-09-25,67.27814483642578,68.42532837002199,63.124565414602,67.53527348103803,1wk
MU,2023-10-02,69.3022232055664,69.66874712303157,66.42948799011457,67.5983937305676,1wk
MU,2023-10-09,68.55928039550781,70.05508535469133,67.93520643340929,68.95552107075896,1wk
MU,2023-10-16,66.58799743652344,69.37157534236032,66.50874778427044,68.36116872795446,1wk
MU,2023-10-23,65.03275299072266,68.5493709656627,63.27939427194432,66.19175070819605,1wk
MU,2023-10-30,71.89759826660156,72.50186359753289,64.55726411102381,65.73607804475252,1wk
MU,2023-11-06,74.6514663696289,75.38450677824589,71.03578213460496,71.89760512096295,1wk
MU,2023-11-13,76.83077239990234,77.20720444710764,72.69998087964466,73.45283741639287,1wk
MU,2023-11-20,76.14725494384766,78.16807534517449,75.59251504146724,76.61282955735892,1wk
MU,2023-11-27,75.21610260009766,78.27704663605948,73.29434015981349,76.14726709098382,1wk
MU,2023-12-04,74.25521087646484,74.88919286978903,72.2442985328589,74.71088496181277,1wk
MU,2023-12-11,80.64456939697266,82.20970815524421,76.24631280807918,76.46424553025481,1wk
MU,2023-12-18,85.67681121826172,86.66740912940067,77.89071103209665,80.82287994214845,1wk
MU,2023-12-25,84.65081787109375,87.16039275866316,84.34332375345747,85.99983555227135,1wk
MU,2024-01-01,82.77609252929688,83.57955648186854,79.92927419416515,83.32165400525399,1wk
MU,2024-01-08,81.7246322631836,84.81943841700638,81.0005318525903,83.21251852732863,1wk
MU,2024-01-15,86.80329895019531,87.081036547632,81.66513069427067,81.87343389234819,1wk
MU,2024-01-22,87.33893585205078,89.31286304961509,85.59314700085282,87.55715283664156,1wk
MU,2024-01-29,85.78162384033203,88.84666654657384,83.93664388535412,87.78530776110009,1wk
MU,2024-02-05,84.8690414428711,86.5156394280849,81.8039989610832,86.03951243001649,1wk
MU,2024-02-12,78.85797882080078,86.2081412339917,78.60999775532657,84.83928090919383,1wk
MU,2024-02-19,85.30548095703125,86.11885849600333,78.5108017199402,78.68934837814291,1wk
MU,2024-02-26,94.381591796875,95.28423890900467,88.10270961809138,88.95576505949555,1wk
MU,2024-03-04,96.83165740966797,101.02749315653556,92.52670181150322,96.14722718903448,1wk
MU,2024-03-11,92.4969253540039,96.71260291705502,89.57075219029241,95.12552581863895,1wk
MU,2024-03-18,109.31997680664062,112.5834086800372,90.26511180513995,96.03811096073544,1wk
MU,2024-03-25,117.05083465576172,121.58830417332219,109.37586259300534,109.45528737984408,1wk
MU,2024-04-01,122.70032501220703,129.6107733126348,118.15292490781817,118.35149822216651,1wk
MU,2024-04-08,121.64786529541016,128.77675636524563,119.07630527043563,128.14131266891653,1wk
MU,2024-04-15,106.00997924804688,123.89178137174355,104.96745797395349,122.74996586432907,1wk
MU,2024-04-22,114.02254486083984,114.24098007380566,105.87098600705512,106.83408258690235,1wk
MU,2024-04-29,113.88352966308594,115.45228459056725,107.97588648977202,112.99986554287769,1wk
MU,2024-05-06,120.37698364257812,120.98264212812809,116.60403746260799,118.92737716776422,1wk
MU,2024-05-13,124.39816284179688,129.2037147396153,120.78407366062736,122.05496116498318,1wk
MU,2024-05-20,128.56826782226562,131.01074852981077,122.40246526996985,126.22505862805143,1wk
MU,2024-05-27,124.11022186279297,132.35114362451714,120.14862570195692,130.82209720707033,1wk
MU,2024-06-03,130.00791931152344,133.17521404402117,124.25913393039922,127.21792443561293,1wk
MU,2024-06-10,140.353759765625,143.1934020750594,128.7866938519423,128.7866938519423,1wk
MU,2024-06-17,138.54672241210938,156.41859516119456,134.73405986167967,144.54373708534442,1wk
MU,2024-06-24,130.59371948242188,143.04446359723494,129.8192730236254,141.42606169351274,1wk
MU,2024-07-01,130.66323852539062,136.1538731456962,126.36405134676055,129.57106258909172,1wk
MU,2024-07-08,132.71534729003906,135.64690745884556,129.2571007082759,130.46946204803305,1wk
MU,2024-07-15,113.5458984375,134.50409381422236,113.13845722179472,133.0730911194498,1wk
MU,2024-07-22,108.72620391845703,115.61288494944712,104.38351317861893,114.63901408074035,1wk
MU,2024-07-29,92.12064361572266,110.64414736222038,90.50083346448218,109.84915172442241,1wk
MU,2024-08-05,92.49826049804688,93.93919510055493,84.37932405591695,87.08231794088205,1wk
MU,2024-08-12,107.31507110595703,108.78582458894853,92.05106897339986,92.51813273316836,1wk
MU,2024-08-19,102.20720672607422,110.30627238607927,99.68308030401072,106.5797091297928,1wk
MU,2024-08-26,95.63851165771484,101.55132955872178,92.12063524101724,100.04082509531449,1wk
MU,2024-09-02,85.84014129638672,93.29326794831452,84.72714590199483,93.04483039325027,1wk
MU,2024-09-09,90.64988708496094,90.89832461475672,83.5942627551029,87.3009464538975,1wk
MU,2024-09-16,90.33189392089844,90.40145613103279,85.38301463142811,86.69476458089903,1wk
MU,2024-09-23,106.82814025878906,114.08251932765207,92.00138996062195,92.10076345847378,1wk
MU,2024-09-30,101.61095428466797,106.0828300233575,98.32164366746862,105.41701923298574,1wk
MU,2024-10-07,102.38197326660156,104.05334591356662,100.29274227739892,101.63582151052867,1d
MU,2024-10-08,102.01387786865234,102.41182702453251,100.74044664203488,101.65572438738508,1d
MU,2024-10-09,101.1781997680664,101.7651765729557,99.80528293448218,101.72538089209455,1d
MU,2024-10-10,105.14771270751953,106.03314555803443,100.33254254099887,100.84987869942803,1d
MU,2024-10-11,106.37141418457031,107.0976720480788,104.45131630434207,104.5010628009761,1d
MU,2024-10-14,107.78411865234375,108.15222296549982,106.25202686088132,107.25683922420745,1d
MU,2024-10-15,103.78473663330078,108.92820768322697,102.18299689198942,107.30657390107713,1d
MU,2024-10-16,108.67949676513672,109.0674951012275,105.06812471758073,105.4760170956703,1d
MU,2024-10-17,111.47508239746094,113.55435511170737,110.44041765320124,110.76871867791212,1d
MU,2024-10-18,110.57970428466797,112.32072524590578,109.29632220812564,111.17662423904255,1d
MU,2024-10-21,108.52032470703125,110.56975265167436,107.13745724667997,110.52995697631007,1d
MU,2024-10-22,107.26678466796875,107.9631899928422,105.8242275277671,107.68462786289282,1d
MU,2024-10-23,104.51100158691406,106.55047867987727,103.0087471264542,106.01324845712509,1d
MU,2024-10-24,106.3017578125,106.97826907862537,105.00843258536965,106.23211728173335,1d
MU,2024-10-25,107.35633087158203,109.31621667110112,107.16730330904122,107.78411730849174,1d
MU,2024-10-28,105.8441162109375,107.62493269752163,105.77447568197604,106.232114528044,1d
MU,2024-10-29,107.62494659423828,108.19202171478857,105.05818232637931,106.043100674651,1d
MU,2024-10-30,103.54597473144531,106.25201981900786,103.1082299113253,105.71478960983747,1d
MU,2024-10-31,99.1386947631836,101.96411900562657,98.56166893668538,101.67560609237746,1d
MU,2024-11-01,99.21829986572266,100.09378195167173,98.86014637823236,99.48691118621589,1d
MU,2024-11-04,101.20803833007812,103.2574662765072,100.48178053698246,100.97921509409623,1d
MU,2024-11-05,104.94873809814453,105.07807593750432,101.26772550407405,101.47664710198357,1d
MU,2024-11-06,111.25621795654297,111.74370171078758,106.45099817967002,107.8239148629555,1d
MU,2024-11-07,112.8281021118164,113.2757901462648,110.79856834783665,111.98245735080516,1d
MU,2024-11-08,111.32585144042969,113.71353874769937,110.00267374391062,111.56461789408205,1d
MU,2024-11-11,108.092529296875,110.93785553177499,106.22217053001134,110.38072367407679,1d
MU,2024-11-12,103.56587219238281,104.55079047992128,101.54628912601402,104.46125590389455,1d
MU,2024-11-13,99.40731811523438,102.80976859725938,99.30783272381967,102.27254596557023,1d
MU,2024-11-14,98.67111206054688,101.76515539376064,98.05429052094611,100.7702863500327,1d
MU,2024-11-15,95.84568786621094,97.69614504606659,95.14928251475948,97.04948618696841,1d
MU,2024-11-18,97.00968170166016,97.56680593222872,95.03983767318815,96.05460833915046,1d
MU,2024-11-19,97.22856140136719,97.67624946449759,96.01481987345942,96.50230361179568,1d
MU,2024-11-20,97.86527252197266,98.02444762522451,96.03470949796045,97.47727419437605,1d
MU,2024-11-21,102.23275756835938,102.76003701161545,97.55686793652855,99.5864019449052,1d
MU,2024-11-22,102.11336517333984,103.17787482087174,101.12844687652505,101.83480303607901,1d
MU,2024-11-25,103.94392395019531,105.85407074618621,103.27735590357202,103.31715157726957,1d
MU,2024-11-26,101.27767181396484,104.1826876036153,99.79531147198185,103.46638067679773,1d
MU,2024-11-27,97.69612884521484,100.52156063881307,96.14413569634618,100.42207526085315,1d
MU,2024-11-29,97.44742584228516,97.69614311864653,95.6069195152608,96.74106968824874,1d
MU,2024-12-02,98.04434967041016,99.57644135544432,97.02957897068781,97.09921950182571,1d
MU,2024-12-03,99.32772064208984,103.14802167691934,99.1187990559251,100.60115938053193,1d
MU,2024-12-04,102.67048645019531,102.87941563728981,99.28793763621793,100.25295427205342,1d
MU,2024-12-05,100.35244750976562,103.71510229038397,100.09377942194921,103.34699799580864,1d
MU,2024-12-06,100.6509017944336,101.66567249439869,99.51675166405987,100.36238885386503,1d
MU,2024-12-09,102.29243469238281,103.96381498814668,99.85500857325769,100.1335706908436,1d
MU,2024-12-10,97.59664916992188,104.46124691373099,96.7709060631347,104.42145124217215,1d
MU,2024-12-11,101.53634643554688,102.13327401782541,97.79564377069853,98.98948375475659,1d
MU,2024-12-12,97.73593139648438,101.45674703421724,97.25839851255233,100.87972117507171,1d
MU,2024-12-13,101.97408294677734,102.67048828202164,99.15860156668464,100.25295606074661,1d
MU,2024-12-16,107.70452880859375,110.5597982126223,104.00361461371828,105.06812422652396,1d
MU,2024-12-17,108.04277801513672,109.9230799246546,107.12750030483936,109.18687894813269,1d
MU,2024-12-18,103.36689758300781,111.46513118145452,102.2029025962363,109.68431464063167,1d
MU,2024-12-19,86.64314270019531,90.53308436398932,84.17587168455105,89.61780665141963,1d
MU,2024-12-20,89.65760040283203,89.78693064523324,83.11136031363075,84.97176814647015,1d
MU,2024-12-23,89.25965118408203,90.63256772219121,87.94642435929332,89.53821329990868,1d
MU,2024-12-24,88.82190704345703,89.23975022032246,87.77729910129347,89.12037079278859,1d
MU,2024-12-26,89.35913848876953,90.16497999689543,87.64796249451577,88.04591163577804,1d
MU,2024-12-27,88.17524719238281,89.03083524104909,87.1306391726733,88.54335149851798,1d
MU,2024-12-30,84.9825439453125,86.71587060713004,84.25535023096653,86.65609574285745,1d
MU,2024-12-31,83.83697509765625,86.0683752515538,83.76723648023953,85.11206089988342,1d
MU,2025-01-02,86.99479675292969,87.31356816972283,84.41473418566737,84.65381844834478,1d
MU,2025-01-03,89.52505493164062,89.85378251735189,87.1741127059438,87.61241868692903,1d
MU,2025-01-06,98.87899780273438,101.13031743870339,95.11350835130901,95.20315924295747,1d
MU,2025-01-07,101.51883697509766,106.33029194839695,100.77171574072142,103.01307944385016,1d
MU,2025-01-08,99.02842712402344,103.08280448370681,97.92268715319071,102.42533418748853,1d
MU,2025-01-10,98.95869445800781,100.39316966307236,96.49818157169604,97.74338363161728,1d
MU,2025-01-13,94.69512176513672,95.63151612590475,92.52348911577323,95.47212661764208,1d
MU,2025-01-14,96.9863052368164,97.03611636263967,95.01390169592052,96.67749753702223,1d
MU,2025-01-15,102.7939224243164,103.53107991247208,98.96865776123711,99.05831626120899,1d
MU,2025-01-16,102.20618438720703,104.39774459050814,101.4789906343772,103.91958365157198,1d
MU,2025-01-17,105.3440933227539,105.47359159978241,102.10656799604989,104.2383532954708,1d
MU,2025-01-21,108.96015930175781,109.8168589347484,104.82609450548054,105.02532379682752,1d
MU,2025-01-22,108.81072998046875,110.24519745138032,107.34637127881963,108.75095511910318,1d
MU,2025-01-23,104.43758392333984,105.77244448876675,102.9533051902359,104.38778040081759,1d
MU,2025-01-24,102.7939224243164,105.31421016634191,102.32572523585598,105.0950533887553,1d
MU,2025-01-27,90.76029205322266,95.73113675113416,88.0208474096672,94.49589838534374,1d
MU,2025-01-28,87.91126251220703,93.0912998694829,87.7020694850977,92.25452776104555,1d
MU,2025-01-29,88.66835021972656,90.10281782158805,87.42314816249008,89.53500598749262,1d
MU,2025-01-30,92.14495849609375,92.80242887503795,89.95340576650122,90.31202459135974,1d
MU,2025-01-31,90.88978576660156,93.90815431516894,90.7901711227759,91.29821568642997,1d
MU,2025-02-03,89.57485961914062,91.04918230188918,87.68215083997683,88.30973758471046,1d
MU,2025-02-04,90.31201934814453,91.09898036800107,88.45915806065004,88.70819847455941,1d
MU,2025-02-05,93.24072265625,93.29053377544788,89.87369924147968,90.04304488657692,1d
MU,2025-02-06,94.17711639404297,96.23917055426327,93.2208021922128,94.51580768214318,1d
MU,2025-02-07,91.94572448730469,95.56178858608139,91.23844301884404,95.2230896687795,1d
MU,2025-02-10,95.56178283691406,95.89051798978292,92.812374685837,92.8323021739496,1d
MU,2025-02-11,93.7188949584961,95.47213408587079,93.2008866162317,93.88824062418956,1d
MU,2025-02-12,91.3281021118164,92.2844164019792,87.0147202613084,89.2560840164085,1d
MU,2025-02-13,95.2928237915039,95.70124610182195,91.66678851880309,91.70663589543825,1d
MU,2025-02-14,99.13800811767578,100.31347921674487,97.62384569181063,98.03227563306413,1d
MU,2025-02-18,106.3801040649414,107.46591662099645,101.65829994758526,102.24603167606784,1d
MU,2025-02-19,103.95942687988281,106.77856607789737,103.22226941188845,105.35405466265513,1d
MU,2025-02-20,102.78394317626953,104.44753104595031,101.94716356989316,103.5808754109033,1d
MU,2025-02-21,98.46060943603516,103.26211567047842,97.37479693413187,103.24218818230759,1d
MU,2025-02-24,95.04379272460938,100.31348150045683,94.91428683779506,99.8353281340815,1d
MU,2025-02-25,92.86219024658203,95.56178740657941,92.40395679950859,95.13343759299399,1d
MU,2025-02-26,97.33495330810547,99.33724034026527,95.1334369872207,95.63151780914333,1d
MU,2025-02-27,91.46755981445312,99.50658379879498,91.13882465521553,97.4644494339542,1d
MU,2025-02-28,93.2706069946289,94.09742293887798,89.52504488593989,90.65070474731205,1d
MU,2025-03-03,90.19247436523438,95.8307452060337,89.04688697740582,95.44224278061246,1d
MU,2025-03-04,90.84994506835938,93.23077095134926,86.46683961690215,89.85378335664441,1d
MU,2025-03-05,93.9778823852539,94.68516381453833,90.08289445274217,91.79629363332715,1d
MU,2025-03-06,88.92733764648438,92.93191130751867,88.68826100406886,90.58096945678945,1d
MU,2025-03-07,92.60318756103516,92.98172625808233,89.14650536393448,89.94343773679316,1d
MU,2025-03-10,86.74576568603516,91.01930044012491,85.43083250016991,89.2461261681772,1d
MU,2025-03-11,88.70819854736328,90.75032538302989,85.7396334670788,87.56261112241795,1d
MU,2025-03-12,95.27289581298828,96.61771246703934,91.88594481752307,92.11506533196908,1d
MU,2025-03-13,94.51581573486328,97.74338499115146,93.63919620852532,93.88823662397353,1d
MU,2025-03-14,100.40312957763672,102.385489053382,98.37095898135055,98.37095898135055,1d
MU,2025-03-17,102.71422576904297,104.04907869858481,100.57247675511908,100.67209139760413,1d
MU,2025-03-18,101.32955932617188,102.91345262459127,99.90504793194411,101.50886871845613,1d
MU,2025-03-19,101.66825866699219,103.20234856678226,100.10428513280854,100.43302031135866,1d
MU,2025-03-20,102.60464477539062,104.288160311022,100.96097661576287,101.19009712775626,1d
MU,2025-03-21,94.35643005371094,98.1219197689273,93.34034094318936,97.82306824227742,1d
MU,2025-03-24,96.56791687011719,98.04223191845347,94.96409593772923,95.7311370966445,1d
MU,2025-03-25,93.8185043334961,96.0100569195391,92.89207369664578,95.8108276299389,1d
MU,2025-03-26,91.77637481689453,96.26906621838404,90.62083119529089,95.63152333747638,1d
MU,2025-03-27,90.81011199951172,91.85607731405038,89.26605819219252,90.7403733784312,1d
MU,2025-03-28,88.10053253173828,90.54112536171105,87.26375285281839,90.12273932230596,1d
MU,2025-03-31,86.66918182373047,86.86867051049708,83.8862712663042,85.7814442306095,1d
MU,2025-04-01,88.48455810546875,88.66410097128664,86.03081067929477,88.30501523965086,1d
MU,2025-04-02,88.37483215332031,89.70145394347078,86.4796592545347,86.90856676525983,1d
MU,2025-04-03,74.15107727050781,83.13818242954504,74.02141037707219,82.70927487740437,1d
MU,2025-04-04,64.55552673339844,71.1586982986341,63.6977116631705,70.4704569869439,1d
MU,2025-04-07,68.19624328613281,72.27584507190466,61.383599614875635,63.77749783372699,1d
MU,2025-04-08,65.3734359741211,72.78455349705409,63.358569194312686,71.41803250854382,1d
MU,2025-04-09,77.6720962524414,78.36033744368257,63.53810730739695,66.03174975617796,1d
MU,2025-04-10,69.87198638916016,72.86436254955235,67.32846360882435,72.31575720947801,1d
MU,2025-04-11,69.37326049804688,69.99168006504757,66.66017142602455,68.86455439454107,1d
MU,2025-04-14,70.83951568603516,74.5899626432166,69.79218858509773,74.48024157406988,1d
MU,2025-04-15,70.85946655273438,72.61499598541637,70.37071392335343,70.93926507467582,1d
MU,2025-04-16,69.15381622314453,70.27096514077388,66.99930169342007,67.75737246610159,1d
MU,2025-04-17,68.62515258789062,70.30088328812997,66.82972411977528,70.2609840321713,1d
MU,2025-04-21,66.57038879394531,67.82718883552275,65.48316250806096,67.5878008880813,1d
MU,2025-04-22,70.03157043457031,70.22109001200361,67.26861334096553,67.36835768329682,1d
MU,2025-04-23,72.74465942382812,75.20838349930625,72.31575190125494,73.50273012628422,1d
MU,2025-04-24,77.22325134277344,77.3928174967228,73.41295938282018,74.3804955471287,1d
MU,2025-04-25,79.57725524902344,80.09593804362565,76.70457688278609,77.35292657103581,1d
MU,2025-04-28,78.36035919189453,79.40769395316359,76.72452740420272,78.56982462214704,1d
MU,2025-04-29,76.68460845947266,77.99128429856802,76.27565442250724,77.7419196679779,1d
MU,2025-04-30,76.75444793701172,76.95394425345351,73.31321828595904,73.43291607582411,1d
MU,2025-05-01,77.57234954833984,79.6869644538294,77.44268267399568,79.19821188591145,1d
MU,2025-05-02,80.51486206054688,81.46244471774389,78.89897633574209,79.37775982790828,1d
MU,2025-05-05,80.21561431884766,80.9437624047035,78.84910098334433,79.2081866681493,1d
MU,2025-05-06,80.3053970336914,81.01359175309604,78.34040230027023,78.83913161900634,1d
MU,2025-05-07,82.4100341796875,82.65939883546118,79.9961785281942,80.78417175363967,1d
MU,2025-05-08,84.93360900878906,85.99091278540156,83.14815703978859,84.03589466543605,1d
MU,2025-05-09,85.64179229736328,86.05074634845694,84.46479089591551,85.3525284026849,1d
MU,2025-05-12,92.05545806884766,93.96060009893799,91.716318176734,92.5741332091324,1d
MU,2025-05-13,96.68366241455078,97.16244589101323,92.31479648560361,92.31479648560361,1d
MU,2025-05-14,95.07776641845703,97.40184709991787,94.08030768238005,96.0552793282152,1d
MU,2025-05-15,95.20742797851562,95.3670250201461,91.93576472514894,93.77109265387037,1d
MU,2025-05-16,97.75094604492188,97.94046562041478,95.45678814476337,95.65628443738892,1d
MU,2025-05-19,98.39930725097656,98.76836211822807,95.45679937123249,95.46677608953847,1d
MU,2025-05-20,97.85070037841797,98.37935229035033,96.7235747475057,97.67115750172337,1d
MU,2025-05-21,95.59642791748047,98.56885787355638,95.0179077170405,96.91308056608179,1d
MU,2025-05-22,94.5890121459961,96.97293787552557,94.13018204847224,95.16754002939814,1d
MU,2025-05-23,93.13272094726562,93.60152014078336,90.69891930003955,92.02554118873284,1d
MU,2025-05-27,96.13506317138672,96.45424963905036,93.95063387487842,94.93811582014945,1d
MU,2025-05-28,95.93556213378906,96.96294320652176,95.35703435749143,96.45423722322525,1d
MU,2025-05-29,96.55400085449219,99.37680306472767,95.86575194729413,98.33944515025726,1d
MU,2025-05-30,94.2199478149414,96.36448554026151,91.98564245949451,95.79593438610743,1d
MU,2025-06-02,97.93048858642578,98.98779229890124,94.16009618306457,94.33963904084393,1d
MU,2025-06-03,101.99015808105469,102.66843034139741,96.71360033412503,98.1100441183608,1d
MU,2025-06-04,102.98761749267578,103.64594393041995,101.44155336282674,102.11982562746931,1d
MU,2025-06-05,106.01988220214844,108.75291680793276,105.26181148747631,106.0298589195799,1d
MU,2025-06-06,108.28411102294922,110.76778859602584,107.76543586178802,107.80533512187823,1d
MU,2025-06-09,110.66803741455078,112.24402395410688,108.30406521522244,109.23170209128968,1d
MU,2025-06-10,113.84992980957031,114.62794633970316,110.9473290925358,111.24656212181466,1d
MU,2025-06-11,115.7351303100586,116.96200784426675,114.43843858212125,115.30622276997023,1d
MU,2025-06-12,115.88475036621094,116.18399101581271,113.23150661042641,113.82001119197501,1d
MU,2025-06-13,115.30622100830078,116.80240901691197,113.37115635863422,113.5107999639708,1d
MU,2025-06-16,119.53543090820312,120.65258724183299,117.02183867004209,117.510591236628,1d
MU,2025-06-17,120.03417205810547,123.19612180883276,119.04669011084657,119.29605477702346,1d
MU,2025-06-18,121.51041412353516,122.66746982638226,119.8745825236522,120.15386973192408,1d
MU,2025-06-20,123.285888671875,123.84447069545367,120.07407057381874,122.45799615889665,1d
MU,2025-06-23,121.76974487304688,124.19356951888997,119.50550964227725,123.35570035723798,1d
MU,2025-06-24,127.5849380493164,127.77445762575292,124.64243050098402,124.79205081869677,1d
MU,2025-06-25,126.9266128540039,127.17597751579959,125.30075799869803,126.2882399286074,1d
MU,2025-06-26,125.67979431152344,129.52001633682465,123.47541153084742,129.20082225201517,1d
MU,2025-06-27,124.44293975830078,127.21587350867402,123.07641870714328,124.82197129489676,1d
MU,2025-06-30,122.93677520751953,124.76212631286411,121.54033161419572,124.5825834564367,1d
MU,2025-07-01,120.58277893066406,123.67489930933574,118.77738115934403,122.03906768681252,1d
MU,2025-07-02,121.43061065673828,122.68741065276322,117.7599626189871,120.19376409478022,1d
MU,2025-07-03,121.9792251586914,123.31581616194349,121.52039507055983,122.01912441983406,1d
MU,2025-07-07,119.72782897949219,121.31528499999378,118.71945296689152,120.9858119896976,1d
MU,2025-07-08,124.22061157226562,125.24895974913355,121.75456859898605,122.25376733472142,1d
MU,2025-07-09,122.04411315917969,125.94785119689703,121.0856524348212,124.61998064055057,1d
MU,2025-07-10,122.91272735595703,124.15073822912616,121.82447002687238,124.08085070283039,1d
MU,2025-07-11,124.3304443359375,124.60999442816225,121.04571551795922,121.93428871846021,1d
MU,2025-07-14,118.41993713378906,120.24700652653048,116.83248102655125,120.18709749227783,1d
MU,2025-07-15,119.91752624511719,121.19547384673282,118.92911483717519,120.74619801144152,1d
MU,2025-07-16,116.2434310913086,118.8991647056827,114.62602426191371,118.8392632880948,1d
MU,2025-07-17,113.07850646972656,114.01699496899151,110.77220299393423,113.74743098723327,1d
MU,2025-07-18,114.20669555664062,114.61604220989247,113.0984736626769,114.05693440015412,1d
MU,2025-07-21,113.0485610961914,115.73424540104419,112.48945327289732,113.40797721643679,1d
MU,2025-07-22,109.04498291015625,112.81892447472298,107.95672560695013,112.67914942545524,1d
MU,2025-07-23,109.65400695800781,110.11326892621784,108.70552469606123,109.26463251502172,1d
MU,2025-07-24,111.55095672607422,112.54935423233503,110.0733250652541,110.88202460783144,1d
MU,2025-07-25,111.08171081542969,111.32132408873275,108.65560452387639,110.8121392179412,1d
MU,2025-07-28,111.07173156738281,111.82052975772471,109.68395953065601,111.54097965207745,1d
MU,2025-07-29,111.78058624267578,113.35805616393347,110.49265251839591,111.87044598106066,1d
MU,2025-07-30,114.5561294555664,114.70589060718783,112.22986902009902,112.41955936946212,1d
MU,2025-07-31,108.96510314941406,112.09008459969269,106.76863168400975,112.01021858829448,1d
MU,2025-08-01,104.71192932128906,106.32933604843181,103.21433303891678,105.32095241882728,1d
MU,2025-08-04,107.59730529785156,107.70712964250797,105.29100929440547,105.85010950926048,1d
MU,2025-08-05,108.8852310180664,110.46270092669104,106.65880881562745,109.12485190706133,1d
MU,2025-08-06,108.60568237304688,108.78539423359429,106.57893660069861,107.72709528657548,1d
MU,2025-08-07,111.69074249267578,115.09527435501755,110.61247125425272,113.95710169796072,1d
MU,2025-08-08,118.69949340820312,119.13879080210859,111.49106131379865,111.99026012790235,1d
MU,2025-08-11,123.52174377441406,127.07603654786557,121.45506118959038,124.76974068836964,1d
MU,2025-08-12,127.54528045654297,128.3440015023554,122.842829151814,124.50016503869747,1d
MU,2025-08-13,124.07086181640625,128.39393270997178,123.1523378864635,127.37556292998269,1d
MU,2025-08-14,125.0892333984375,125.53850926144275,121.20546743135458,123.00257850054459,1d
MU,2025-08-15,120.67631530761719,123.18228768822827,119.24860649818505,122.97262511557769,1d
MU,2025-08-18,123.35202026367188,123.48180920290093,120.4666519555499,121.15554108489653,1d
MU,2025-08-19,121.85443115234375,124.04091673506925,121.11561143776433,122.74300441444808,1d
MU,2025-08-20,117.02217864990234,118.71945909477704,113.2781877501083,118.50978890127986,1d
MU,2025-08-21,115.60445404052734,117.54134773862545,115.42474217557834,116.81251417045209,1d
MU,2025-08-22,117.49142456054688,120.50658182466812,116.32330124948184,117.4614738526481,1d
MU,2025-08-25,116.23342895507812,117.89077237338809,115.91394207671534,117.4914118711426,1d
MU,2025-08-26,116.31331634521484,118.17033642585102,115.62441958773626,115.90396968724383,1d
MU,2025-08-27,117.56130981445312,118.53974275087499,116.25341148033833,116.66275050899809,1d
MU,2025-08-28,121.80449676513672,122.37358304369694,118.53974024437943,118.68949377781485,1d
MU,2025-08-29,118.81929016113281,122.57325932584722,117.87080795343223,122.40353357674881,1d
MU,2025-09-02,118.2901382446289,118.37000425496856,114.06691350045408,115.67433407250353,1d
MU,2025-09-03,118.5297622680664,119.24860974654652,117.1120395283801,119.16873611178893,1d
MU,2025-09-04,124.01094818115234,124.21063224440101,118.33006416929447,118.65953716077865,1d
MU,2025-09-05,131.15948486328125,131.1994292976051,125.45864322776382,127.56525510820573,1d
MU,2025-09-08,131.2493438720703,132.04804969566996,128.19423468288713,130.3407984782381,1d
MU,2025-09-09,135.02328491210938,137.77885655892658,131.34917414868275,131.54885060407466,1d
MU,2025-09-10,139.77565002441406,142.01206590916595,138.11830651788372,139.79562224003186,1d
MU,2025-09-11,150.3287353515625,156.0096049518913,147.3734717247923,147.48329607119376,1d
MU,2025-09-12,156.97802734375,158.0263477167626,152.96448054951557,153.3039320274553,1d
MU,2025-09-15,157.51719665527344,160.08307061489938,156.2991503410368,156.70849702117212,1d
MU,2025-09-16,158.5655059814453,159.3043104174347,156.9181408856495,157.72684046252309,1d
MU,2025-09-17,159.733642578125,160.33267201653447,155.01121081151678,157.1577748602493,1d
MU,2025-09-18,168.61936950683594,170.17686732028199,162.33945532634624,162.72882977970775,1d
MU,2025-09-19,162.46923828125,163.43768517854718,159.12461543923158,162.48921049899982,1d
MU,2025-09-22,164.356201171875,166.99197011640575,161.33105778898192,164.11659550785987,1d
MU,2025-09-23,166.14334106445312,168.71920858882498,164.96522402570736,165.41449987934877,1d
MU,2025-09-24,161.45086669921875,165.7339852783028,158.04632756226096,164.81546140488084,1d
MU,2025-09-25,156.57867431640625,158.6952720408905,154.40215994792476,157.13777445235786,1d
MU,2025-09-26,157.01797485351562,158.6653245903275,154.9313125567278,158.2659716948387,1d
MU,2025-09-29,163.63735961914062,165.53432418899598,159.71366438585363,159.74361509493687,1d
MU,2025-09-30,167.0518798828125,168.67925747642548,163.6972636157991,163.84701714963748,1d
MU,2025-10-01,181.85809326171875,182.09771413913674,165.234781462133,165.33462730297458,1d
MU,2025-10-02,183.45555114746094,185.881649899133,180.9196280551162,184.6636188948603,1d
MU,2025-10-03,187.64645385742188,191.66252977109554,184.7392938585731,185.0290190063793,1d
MU,2025-10-06,190.7733917236328,200.80357346188558,189.2448728863467,194.8194216803748,1d
MU,2025-10-07,185.50856018066406,195.10917062345922,183.06095718459625,194.6596133782842,1d
MU,2025-10-08,196.34793090820312,196.75753390743984,188.61550432998132,188.80532109762163,1d
MU,2025-10-09,192.14205932617188,196.42786048379406,189.31482293799084,192.78143331631287,1d
MU,2025-10-10,181.42254638671875,193.25097266774603,179.43448552901378,192.77144599253631,1d
MU,2025-10-13,192.5816192626953,193.21099322764917,187.80629175017626,190.60354324747644,1d
MU,2025-10-14,186.877197265625,192.27192938001048,186.0679912594366,186.77730413476536,1d
MU,2025-10-15,191.75244140625,192.69152529066596,187.23685401755208,192.29190701863874,1d
MU,2025-10-16,202.3320770263672,206.13835127779654,195.009238414688,199.7645964769483,1d
MU,2025-10-17,202.18222045898438,203.19122790594886,195.3588935362423,199.08524396761547,1d
MU,2025-10-20,206.5679473876953,214.54014501568494,205.2991841710047,209.4551226526565,1d
MU,2025-10-21,202.09230041503906,205.66880360125717,200.64372051197603,204.10034584918608,1d
MU,2025-10-22,198.27606201171875,205.3791149328187,192.21198612505606,202.05236708431582,1d
MU,2025-10-23,206.5080108642578,208.79576638190142,195.00924861508634,196.50778282356887,1d
MU,2025-10-24,218.8059844970703,219.60520580985403,209.77480957720812,212.18245825606303,1d
MU,2025-10-27,219.88491821289062,224.7601389743725,215.52917831725236,224.59030693239927,1d
MU,2025-10-28,221.6931610107422,222.6821838614765,217.34740558020835,218.7160619863478,1d
MU,2025-10-29,226.40853881835938,232.17288931669233,225.87905796140856,228.83615687073262,1d
MU,2025-10-30,223.79107666015625,227.17776311116435,220.52428330279926,225.87904575494093,1d
MU,2025-10-31,223.55133056640625,231.0240166529935,218.60617088033933,227.52743694148873,1d
MU,2025-11-03,234.47064208984375,237.3877867616639,231.57348214179623,233.65145134169782,1d
MU,2025-11-04,217.8169403076172,228.44654231148695,217.18755106429575,221.92292463372553,1d
MU,2025-11-05,237.2678985595703,239.6455775368606,224.51037401926067,225.44945782521154,1d
MU,2025-11-06,238.0970916748047,246.16919725077392,234.6504662673761,237.6075650439538,1d
MU,2025-11-07,237.6875,242.3129803885886,226.17875320871005,233.80130196266433,1d
MU,2025-11-10,253.05245971679688,256.8187796646657,247.5678194595284,247.71768201485662,1d
MU,2025-11-11,240.8743896484375,249.745717054219,238.55664941872303,248.09732027604838,1d
MU,2025-11-12,244.66067504882812,248.9464913523168,240.6046449625146,244.66067504882812,1d
MU,2025-11-13,236.71844482421875,249.25618377004466,229.93508685096947,243.3619554618112,1d
MU,2025-11-14,246.58877563476562,254.9206213200665,231.00401536889746,231.223801583089,1d
MU,2025-11-17,241.7135772705078,260.32536273582633,239.22602011195923,246.6787220907077,1d
MU,2025-11-18,228.27670288085938,238.69650305197035,225.29961929538163,235.2498775452143,1d
MU,2025-11-19,225.69921875,234.12098849287156,216.14856366096723,226.68825676423654,1d
MU,2025-11-20,201.1732177734375,230.3746653984946,199.40495838058808,230.01501657820896,1d
MU,2025-11-21,207.16734313964844,211.79282335800798,192.4017880891994,204.33012218338308,1d
MU,2025-11-24,223.71115112304688,225.88902858676926,212.15246614068573,213.20144304898022,1d
MU,2025-11-25,224.31057739257812,225.9689588202089,215.78891453351923,219.00576901598282,1d
MU,2025-11-26,230.03497314453125,233.6014916824619,225.77914171330642,229.3955991936823,1d
MU,2025-11-28,236.2489013671875,237.8673286271781,233.24184830473496,235.3897411716471,1d
MU,2025-12-01,240.22503662109375,242.1231739022173,231.2737853490881,232.06300667817794,1d
MU,2025-12-02,239.25596618652344,244.13118688757797,234.10100508841109,238.51668385661696,1d
MU,2025-12-03,233.93118286132812,237.56762524908828,227.86710713906936,236.1589994404211,1d
MU,2025-12-04,226.4285125732422,233.93118359214208,223.1117647886667,230.05497023211262,1d
MU,2025-12-05,236.98818969726562,240.3349221728646,226.46848083891243,228.72626687779925,1d
MU,2025-12-08,246.6787109375,248.98645119445882,241.3739022442043,243.25207000901648,1d
MU,2025-12-09,252.17333984375,255.26031671675238,242.59271460344473,244.25109615270216,1d
MU,2025-12-10,263.4522705078125,264.491262663534,250.33511268187462,254.88066906443308,1d
MU,2025-12-11,258.2074279785156,262.59315276624574,251.304191918892,261.2744353346599,1d
MU,2025-12-12,240.90435791015625,255.57002057311084,239.08614433698853,255.42015800645552,1d
MU,2025-12-15,237.2678985595703,249.86557580442513,235.76936446340463,246.8685076120937,1d
MU,2025-12-16,232.28277587890625,239.16604206892998,230.3546692738233,235.569569287941,1d
MU,2025-12-17,225.29962158203125,237.21795602868477,221.4733625059069,236.3288263643656,1d
MU,2025-12-18,248.30711364746094,263.3923483958844,244.76057974925737,256.2793111195796,1d
MU,2025-12-19,265.66015625,268.11774380012747,251.50398976688,251.50398976688,1d
MU,2025-12-22,276.3197021484375,279.71637344249024,268.0278254169774,276.8791524562695,1d
MU,2025-12-23,276.0,281.584533429657,272.05387848972947,275.6503664329825,1d
MU,2025-12-24,286.39984130859375,289.01727609637965,276.9790638742252,277.7283309541374,1d
MU,2025-12-26,284.51171875,290.5857641088608,283.14306235836034,290.55579464363353,1d
MU,2025-12-29,294.2011413574219,294.33107166805104,278.3402494382078,280.16918631071405,1d
MU,2025-12-30,292.4621276855469,298.6585525437395,291.8424882497347,294.53094747936166,1d
MU,2025-12-31,285.24627685546875,293.00183505456795,284.01697147079557,293.00183505456795,1d
MU,2026-01-02,315.2391052246094,315.418994666131,294.6908692909051,294.9607339532624,1d
MU,2026-01-05,311.970947265625,325.3432774893249,309.3724325039071,324.9435130260007,1d
MU,2026-01-06,343.23297119140625,344.3523237814261,317.8775305225872,318.09740553134617,1d
MU,2026-01-07,339.355224609375,346.1013528628384,336.9865889026152,340.5145629025716,1d
MU,2026-01-08,326.8323974609375,343.4628667412315,321.1756405999752,342.7032929471581,1d
MU,2026-01-09,344.89202880859375,345.60161296338595,326.002877257976,332.55911154750186,1d
MU,2026-01-12,345.6716003417969,348.27011505365033,339.1253696927705,340.3546446314014,1d
MU,2026-01-13,337.93603515625,351.0285263851163,335.027700830214,346.07134975032386,1d
MU,2026-01-14,333.1587829589844,338.9054845247233,328.0117433088152,334.64791847425715,1d
MU,2026-01-15,336.4369201660156,347.57051460893916,336.07711079528906,345.1319117076023,1d
MU,2026-01-16,362.5419006347656,365.6001427597286,351.8380531973952,352.89744266551594,1d
MU,2026-01-20,364.7906188964844,381.3411168644945,361.1427188075339,364.470795143462,1d
MU,2026-01-21,388.88677978515625,393.9738868432153,366.5196432679402,372.6361277659507,1d
MU,2026-01-22,397.3519287109375,397.5518261879579,376.70380643780214,396.4124959691454,1d
MU,2026-01-23,399.4207458496094,412.19341373986845,390.5158531620237,396.93218392852526,1d
MU,2026-01-26,388.8667907714844,397.77168311633346,384.07953006531557,395.2731172676128,1d
MU,2026-01-27,410.0046691894531,416.2111289816921,399.3707883450681,404.37789377881177,1d
MU,2026-01-28,435.03033447265625,438.6882388600938,416.7608205840813,422.1977027938172,1d
MU,2026-01-29,435.5400390625,444.4549054636323,417.4604191603535,439.11797215172794,1d
MU,2026-01-30,414.6419982910156,455.2386907026428,406.896444277963,446.213872214534,1d
MU,2026-02-02,437.5488586425781,442.17620767974205,409.7648173720168,411.9435595687579,1d
MU,2026-02-03,419.1993713378906,442.0462420044696,407.29620039871514,441.90633818196346,1d
MU,2026-02-04,379.1823425292969,412.7630732311689,363.69123445403505,410.354452122039,1d
MU,2026-02-05,382.6703796386719,390.70574573939183,365.7900535127613,369.4079721128486,1d
MU,2026-02-06,394.4635925292969,396.42245965517907,372.65610203071327,377.7531825675145,1d
MU,2026-02-09,383.280029296875,391.5852603469787,370.46737536515997,380.4716435170003,1d
MU,2026-02-10,373.035888671875,382.57042468123126,365.8500107072858,375.7743071367975,1d
MU,2026-02-11,410.1046142578125,413.9224303228854,386.34826035041203,395.16320828074083,1d
MU,2026-02-12,413.7325439453125,438.51830622069866,410.9241582290314,422.00779323564984,1d
MU,2026-02-13,411.42388916015625,420.63860209446557,392.4847460505706,404.9575989172073,1d
MU,2026-02-17,399.5506591796875,413.42270159621324,395.07321821669467,400.72000141223486,1d
MU,2026-02-18,420.70855712890625,427.60459321919745,394.37366527315834,399.27084855466524,1d
MU,2026-02-19,417.110595703125,420.0788931999249,407.5060925636198,415.57147057513606,1d
MU,2026-02-20,427.92437744140625,430.3229944902613,414.91182733874604,414.94180890810406,1d
MU,2026-02-23,420.728515625,431.45237143854285,415.0617547486737,422.06774328623203,1d
MU,2026-02-24,417.7702331542969,436.0197382131025,411.0440825999938,428.9737943955014,1d
MU,2026-02-25,428.75390625,436.63939483015685,422.7573481206294,426.25534036276224,1d
MU,2026-02-26,415.3216247558594,433.7510496751504,401.7294198641812,424.5963003584035,1d
MU,2026-02-27,412.1334533691406,417.72024319947496,400.94986968460194,401.57951318695996,1d
MU,2026-03-02,412.4333190917969,417.3704576055491,396.7722934831473,401.23973085395545,1d
MU,2026-03-03,379.4621887207031,389.86622066975485,374.33512667231594,386.32824285565096,1d
MU,2026-03-04,400.5400695800781,407.6460064740802,387.3876157362462,393.41418564005653,1d
MU,2026-03-05,396.8222351074219,404.2979554687848,380.08184311044465,398.3713643086784,1d
MU,2026-03-06,370.08758544921875,390.9556136587371,367.23924459596833,379.9219681112347,1d
MU,2026-03-09,389.0966796875,389.7762822955878,357.46484133968016,363.75121121460063,1d
MU,2026-03-10,402.8787536621094,415.0717677060177,393.414215117463,393.7839979982904,1d
MU,2026-03-11,418.4498291015625,422.507497721878,405.55723503454624,410.53435883479557,1d
MU,2026-03-12,405.1174621582031,413.49265954288353,396.4424490795891,409.7647884145985,1d
MU,2026-03-13,425.88555908203125,429.1037131768153,412.7630861132381,413.5126558822089,1d
MU,2026-03-16,441.54656982421875,454.5990761239972,437.4989051179596,445.90408477349564,1d
MU,2026-03-17,461.4251708984375,462.4645828805874,444.8846763991943,452.28042556048575,1d
MU,2026-03-18,461.46514892578125,471.0696217040618,458.03709329569284,464.4934096077029,1d
MU,2026-03-19,444.01513671875,456.95772024409706,420.8684186267436,424.7262202254473,1d
MU,2026-03-20,422.65740966796875,448.8423930033044,415.1217262287037,443.6653716790131,1d
MU,2026-03-23,404.1180419921875,444.0151239422344,401.2896484027503,425.90552375147496,1d
MU,2026-03-24,395.3031005859375,404.7476917358969,388.68690306927783,401.04980206340866,1d
MU,2026-03-25,381.8708190917969,388.6969182975011,371.1669711800078,382.78030075097894,1d
MU,2026-03-26,355.256103515625,374.0353343184194,349.79924385156124,369.80774961984406,1d
MU,2026-03-27,357.01507568359375,368.4885009596891,353.8568848131688,359.6535453411198,1d
MU,2026-03-30,321.75048828125,362.75418985689373,318.3510173743371,362.6042190325812,1d
MU,2026-03-31,337.7880554199219,337.7880554199219,311.442100475299,321.6205585497994,1d
MU,2026-04-01,367.7934265136719,377.831890789038,342.94724262880413,348.85633726392524,1d
MU,2026-04-02,366.18365478515625,366.88355931551865,340.1476822566628,341.28749103387474,1d
MU,2026-04-06,377.701904296875,385.0207551752209,370.55297966973916,373.742491438278,1d
MU,2026-04-07,377.52191162109375,379.1916681868341,364.04400448577076,374.07246056759936,1d
MU,2026-04-08,406.6674499511719,415.9360131047082,398.8186512936144,415.06615180551705,1d
MU,2026-04-09,421.4451904296875,423.87480942392403,398.378730785287,407.5473035457694,1d
MU,2026-04-10,420.52532958984375,423.7948158346493,409.98694159720065,420.2253879207372,1d
MU,2026-04-13,426.4944152832031,426.8143734072892,408.43719439316766,416.4059702509256,1d
MU,2026-04-14,465.5884094238281,465.7083860920208,424.79466402959326,434.2832257109763,1d
MU,2026-04-15,456.15985107421875,463.87866509856457,439.25244786438594,457.5596296769996,1d
MU,2026-04-16,457.1596984863281,462.2688980280435,444.31166844744615,452.89033559558965,1d
MU,2026-04-17,455.0000305175781,470.8975794478363,452.1304767239016,466.77821786855947,1d
MU,2026-04-20,448.3510437011719,464.4885454042651,435.83294982510625,458.17951836169027,1d
MU,2026-04-21,449.3109130859375,457.7496178840842,441.232138291909,451.250617253604,1d
MU,2026-04-22,487.4050598144531,491.90436792911254,458.4894929052389,462.85881612563526,1d
MU,2026-04-23,481.64593505859375,493.54409928872667,471.7274468681773,482.2058465155727,1d
MU,2026-04-24,496.64361572265625,506.9120254195625,489.28473167521884,495.8437509516432,1d
MU,2026-04-27,524.4793090820312,531.2782508923513,509.9415370994553,510.4814625795857,1d
MU,2026-04-28,504.21246337890625,518.7502360925458,488.15493538178663,503.4625787071371,1d
MU,2026-04-29,518.3803100585938,530.938376549403,508.72176108467283,525.9191288334299,1d
MU,2026-04-30,517.0804443359375,535.4176508639232,502.5026998725388,529.6585268720199,1d
MU,2026-05-01,542.1266479492188,545.8260301905997,510.13153798121783,511.701303890077,1d
MU,2026-05-04,576.3613891601562,592.7088511115685,557.6742601074695,560.5137893132991,1d
MU,2026-05-05,640.1015625,651.6397659140443,605.3768617682681,609.6862575628963,1d
MU,2026-05-06,666.487548828125,667.567338856077,627.4835362552068,660.2684733246462,1d
MU,2026-05-07,646.5305786132812,682.9849944681508,635.3222803012311,649.7300987842582,1d
MU,2026-05-08,746.6951293945312,747.0950922801325,676.1060129154682,676.3459662365216,1d
MU,2026-05-11,795.2077026367188,818.5440789846186,767.8818886525323,792.858027429677,1d
MU,2026-05-12,766.462158203125,782.6396632639393,706.491338412229,774.5809049006259,1d
MU,2026-05-13,803.5064086914062,814.8246750281264,779.3500902617413,813.0349112689491,1d
MU,2026-05-14,775.8906860351562,811.8751422431137,775.5107395840645,787.4988861690728,1d
MU,2026-05-15,724.5485229492188,749.474742504196,718.8894202889641,732.4573405930316,1d
MU,2026-05-18,681.4351806640625,756.8835994856332,663.1480150050809,750.3446270815475,1d
MU,2026-05-19,698.632568359375,725.8384071571451,652.1097534544188,665.4776931146919,1d
MU,2026-05-20,731.87744140625,735.566876482725,700.5522415362531,734.8470164803746,1d
MU,2026-05-21,761.9827880859375,764.7824063528074,732.0874224003402,736.2467558691484,1d
MU,2026-05-22,750.884521484375,780.0800437126234,747.0851180015923,756.703633887413,1d
MU,2026-05-26,895.7422485351562,916.6590146524127,820.1738531212661,820.373834573117,1d
MU,2026-05-27,928.2672119140625,956.0129448076547,888.0134539398174,955.5130216924548,1d
MU,2026-05-28,923.3779907226562,949.3439674852925,904.6408825248693,929.6870178621832,1d
MU,2026-05-29,970.8507080078125,980.849170500169,940.3654056327412,956.8528605185135,1d
MU,2026-06-01,1035.3408203125,1046.8090278226243,1009.344817098473,1009.5647539871434,1d
MU,2026-06-02,1063.936279296875,1076.3944455023225,1017.0435307945203,1049.8384727869006,1d
MU,2026-06-03,1079.4039306640625,1089.1225286874078,1038.3403000869419,1078.844080247331,1d
MU,2026-06-04,995.8468627929688,1036.2106509339512,971.5305947237666,1006.9451317330635,1d
MU,2026-06-05,863.8771362304688,961.7420884378228,863.8771362304688,944.2547879371384,1d
MU,2026-06-08,949.134033203125,962.8019137156274,916.3590453651269,938.1257167401803,1d
MU,2026-06-09,935.74609375,988.9979132065755,854.218593891356,988.0280306394972,1d
MU,2026-06-10,891.7428588867188,957.3327470461569,883.1141810553139,904.9908214103338,1d
MU,2026-06-11,995.7168579101562,996.616743925406,895.3622969166971,904.2309280744469,1d
MU,2026-06-12,981.4590454101562,1012.4642868369024,960.0423562021971,971.6605645390866,1d
MU,2026-06-15,1087.8226318359375,1097.3011540611717,1051.338254618575,1055.7275939797146,1d
MU,2026-06-16,1020.60302734375,1110.2292562771695,1019.8431344598333,1099.5308285965202,1d
MU,2026-06-17,1043.029541015625,1093.5018817580628,1013.9840809607729,1061.136863835972,1d
MU,2026-06-18,1133.8155517578125,1149.2532401330302,1092.6219382580323,1107.8994950196334,1d
MU,2026-06-22,1211.1937255859375,1213.3734440603093,1168.390250085504,1196.036022632204,1d
MU,2026-06-23,1051.6082763671875,1124.8269953923468,1038.3402975244019,1079.833915576653,1d
MU,2026-06-24,1048.3487548828125,1083.1533378357715,990.9475500402298,1082.05353141983,1d
MU,2026-06-25,1213.3734130859375,1254.8069810301963,1136.1352941340788,1232.810364629667,1d
MU,2026-06-26,1132.1558837890625,1198.525684121708,1121.187599491604,1138.9048461164418,1d
MU,2026-06-29,1145.1038818359375,1148.6133517516635,1023.492584008156,1128.526353776065,1d
MU,2026-06-30,1154.112548828125,1168.500350785656,1124.4871000242297,1144.55396024363,1d
MU,2026-07-01,1032.121337890625,1096.8313592555164,1032.0412720759573,1081.8436734177803,1d
MU,2026-07-02,975.4099731445312,1064.47629125389,950.1338925088278,1041.3398351432643,1d
MU,2026-07-06,984.75,1019.0,980.8499755859375,1007.0,1d
MU,2026-07-07,938.3800048828125,942.02001953125,891.6599731445312,923.010009765625,1d
MU,2026-07-08,948.7999877929688,959.0,900.4099731445312,902.6400146484375,1d
MU,2026-07-09,991.6400146484375,1035.5,987.1300048828125,1016.510009765625,1d
MU,2026-07-10,979.2999877929688,998.0,954.1300048828125,964.97998046875,1d
MU,2026-07-13,937.0,943.5,902.5999755859375,929.0,1d
MU,2026-07-14,983.1199951171875,994.7999877929688,950.0700073242188,988.3800048828125,1d
MU,2026-07-15,904.280029296875,978.4000244140625,873.6300048828125,975.8099975585938,1d
MU,2026-07-16,853.2000122070312,887.7100219726562,840.510009765625,866.77001953125,1d
MU,2026-07-17,848.9500122070312,903.9600219726562,804.0,822.530029296875,1d
MU,2026-07-20,865.4600219726562,901.0,858.9000244140625,885.5700073242188,1d
MU,2026-07-21,970.8200073242188,982.8800048828125,916.5700073242188,925.3499755859375,1d
MU,2026-07-22,959.47998046875,982.6199951171875,936.0599975585938,938.25,1d
MU,2026-07-23,990.2100219726562,1011.77001953125,964.4000244140625,975.1300048828125,1d
MU,2026-07-24,920.9500122070312,967.1400146484375,904.0,959.030029296875,1d
MU,2026-07-27,900.2000122070312,935.0,854.7899780273438,932.4500122070312,1d
MU,2026-07-28,820.530029296875,848.3599853515625,789.0900268554688,839.6099853515625,1d
MU,2026-07-29,739.0,841.7999877929688,737.8800048828125,833.0,1d
MU,2026-07-30,874.6599731445312,882.5,789.0,793.1400146484375,1d
MU,2026-07-31,823.030029296875,930.8800048828125,818.0,919.6500244140625,1d
MU,2026-08-03,829.5,836.6199951171875,770.0999755859375,786.3599853515625,1d
MU,2026-08-04,892.6699829101562,902.4299926757812,858.5,866.8200073242188,1d
MU,2026-08-05,893.1900024414062,928.97998046875,881.2000122070312,885.2999877929688,1d
MU,2026-08-06,881.469970703125,913.3300170898438,827.0,843.1099853515625,1d
MU,2026-08-07,877.5700073242188,904.7999877929688,847.02001953125,903.5999755859375,1d
MU,2026-08-10,861.0,894.989990234375,854.4000244140625,863.6699829101562,1d
MU,2026-08-11,868.52001953125,879.0,844.6199951171875,871.7999877929688,1d
MU,2026-08-12,911.2899780273438,935.7999877929688,899.5399780273438,912.9400024414062,1d
MU,2026-08-13,949.8300170898438,978.0,906.5,912.8900146484375,1d
MU,2026-08-14,971.6599731445312,984.0,956.2000122070312,979.3200073242188,1d
MU,2026-08-17,1011.75,1036.1300048828125,995.260009765625,999.5499877929688,1d
MU,2026-08-18,940.760009765625,978.6699829101562,926.6400146484375,957.0999755859375,1d
MU,2026-08-19,937.1099853515625,960.0,915.1799926757812,959.3599853515625,1d
MU,2026-08-20,974.3300170898438,977.280029296875,929.0700073242188,935.010009765625,1d
MU,2026-08-21,966.780029296875,989.9600219726562,958.260009765625,989.6799926757812,1d
MU,2026-08-24,910.4299926757812,936.4500122070312,887.6099853515625,934.780029296875,1d
MU,2026-08-25,932.969970703125,946.6699829101562,916.2999877929688,928.97998046875,1d
MU,2026-08-26,938.4000244140625,945.75,924.5999755859375,925.739990234375,1d
MU,2026-08-27,935.3900146484375,968.7100219726562,906.8900146484375,967.010009765625,1d
MU,2026-08-28,932.8599853515625,946.7999877929688,909.0900268554688,919.2899780273438,1d
MU,2026-08-31,958.72998046875,959.969970703125,930.7899780273438,931.3900146484375,1d
MU,2026-09-01,933.4400024414062,969.4400024414062,922.3900146484375,941.1300048828125,1d
MU,2026-09-02,956.0800170898438,958.0,927.1599731445312,930.8300170898438,1d
MU,2026-09-03,958.1599731445312,959.760009765625,918.8800048828125,956.9099731445312,1d
MU,2026-09-04,1016.5900268554688,1017.77001953125,969.0,971.3400268554688,1d
MU,2026-09-08,1000.260009765625,1041.0699462890625,997.6199951171875,1036.4000244140625,1d
MU,2026-09-09,1027.77001953125,1042.4000244140625,992.2899780273438,998.8099975585938,1d
MU,2026-09-10,977.4099731445312,999.0,973.5,997.0,1d
MU,2026-09-11,975.260009765625,993.989990234375,967.3800048828125,993.2000122070312,1d
MU,2026-09-14,924.030029296875,932.2100219726562,902.5999755859375,906.030029296875,1d
MU,2026-09-15,927.5999755859375,944.9400024414062,920.1300048828125,937.5,1d
MU,2026-09-16,926.5499877929688,941.2000122070312,917.6400146484375,934.22998046875,1d
MU,2026-09-17,977.5,986.2000122070312,953.5,954.5700073242188,1d
MU,2026-09-18,1015.7999877929688,1016.4400024414062,977.8300170898438,984.719970703125,1d
MU,2026-09-21,1043.9599609375,1064.489990234375,1030.6800537109375,1044.989990234375,1d
MU,2026-09-22,1096.1600341796875,1097.25,1030.02001953125,1032.8499755859375,1d
MU,2026-09-23,1071.8800048828125,1105.5,1064.25,1100.0699462890625,1d
MU,2026-09-24,1080.530029296875,1081.0400390625,1044.0,1049.75,1d
MU,2026-09-25,1082.280029296875,1108.719970703125,1073.0,1095.8299560546875,1d
MU,2026-09-28,1053.97998046875,1084.81005859375,1032.0,1075.97998046875,1d
MU,2026-09-29,1065.0799560546875,1082.6600341796875,1057.699951171875,1076.68994140625,1d
MU,2026-09-30,1065.1099853515625,1083.5,1062.3599853515625,1076.760009765625,1d
MU,2026-10-01,1097.3900146484375,1098.9000244140625,1022.9000244140625,1054.0799560546875,1d
MU,2026-10-02,1074.8900146484375,1108.0,1072.010009765625,1107.3499755859375,1d
MU,2026-10-05,1063.9599609375,1074.8800048828125,1055.56005859375,1069.6800537109375,1d
MU,2026-10-06,1045.56005859375,1074.31005859375,1045.260009765625,1064.47998046875,1d
MU,2026-10-07,1088.0,1089.219970703125,1011.4199829101562,1017.3699951171875,1d
MU,2026-10-08,1035.8399658203125,1088.5,1032.0999755859375,1077.5,1d
MU,2026-10-09,1029.0,1054.1700439453125,1017.0,1054.1700439453125,1d
2344.TW,2014-10-13,6.1010613441467285,6.5352198596097875,5.948725075016242,6.398116623627659,1wk
2344.TW,2014-10-20,6.2914814949035645,6.398117189610332,6.1391463256061805,6.253397424251995,1wk
2344.TW,2014-10-27,7.41115140914917,7.50255331273502,6.314331534942213,6.443817503171683,1wk
2344.TW,2014-11-03,6.664705753326416,7.441620208915204,6.550452797980253,7.350218289961835,1wk
2344.TW,2014-11-10,6.870359897613525,7.022695439864921,6.59615414026676,6.70278983626927,1wk
2344.TW,2014-11-17,6.923676490783691,7.007461144149481,6.283864588757766,6.9693770758548705,1wk
2344.TW,2014-11-24,7.205498695373535,7.403535552270073,7.190264919718599,7.403535552270073,1wk
2344.TW,2014-12-01,7.129330635070801,7.281666166621456,6.70278936543484,6.70278936543484,1wk
2344.TW,2014-12-08,7.31974983215332,7.58633829655321,6.961760202295287,7.197881858944411,1wk
2344.TW,2014-12-15,7.076012134552002,7.319749556192397,7.0303108113400645,7.2054981036770975,1wk
2344.TW,2014-12-22,7.517787456512451,7.692973271836035,7.121713016311658,7.121713016311658,1wk
2344.TW,2014-12-29,8.264233589172363,8.530822798979592,7.845310338781912,7.845310338781912,1wk
2344.TW,2015-01-05,8.226151466369629,8.68315959253229,7.959562959821265,8.264234796527717,1wk
2344.TW,2015-01-12,7.807226657867432,8.26423399764646,7.616805572248704,8.226150671169783,1wk
2344.TW,2015-01-19,7.692973613739014,7.883394696984591,7.472086463456495,7.807226560568712,1wk
2344.TW,2015-01-26,7.6548895835876465,7.845310667779909,7.616805515190371,7.6929736519849214,1wk
2344.TW,2015-02-02,8.035731315612793,8.454656122620682,7.5939562130274885,7.654890581969258,1wk
2344.TW,2015-02-09,7.997646331787109,8.264234072782944,7.769141917614196,8.226150745960023,1wk
2344.TW,2015-02-16,7.997646331787109,7.997646331787109,7.997646331787109,7.997646331787109,1wk
2344.TW,2015-02-23,8.111898422241211,8.378486159404066,7.997646216797465,7.997646216797465,1wk
2344.TW,2015-03-02,8.188067436218262,8.264234839133076,8.035731145976701,8.149983363657872,1wk
2344.TW,2015-03-09,8.149982452392578,8.264233915093106,7.997646179184031,8.149982452392578,1wk
2344.TW,2015-03-16,8.149982452392578,8.302317983395243,7.959562110881894,8.111898384090441,1wk
2344.TW,2015-03-23,7.921478271484375,8.30231822330488,7.807226805482357,8.226150826705503,1wk
2344.TW,2015-03-30,7.807226657867432,7.959562190391811,7.7691418469789735,7.845310726549999,1wk
2344.TW,2015-04-06,7.586338520050049,7.921477868416897,7.540637935974618,7.8072264082283205,1wk
2344.TW,2015-04-13,8.111898422241211,8.26423395396032,7.616805531984978,7.654889600466227,1wk
2344.TW,2015-04-20,7.997646331787109,8.111898538873566,7.807226728848913,8.035730400815929,1wk
2344.TW,2015-04-27,7.769141674041748,8.073814216720429,7.654889470537242,8.035730148885593,1wk
2344.TW,2015-05-04,7.6548895835876465,7.845310667779909,7.586338705796082,7.769141788779473,1wk
2344.TW,2015-05-11,7.083630084991455,7.769142649919468,6.931293794517237,7.6929745046823585,1wk
2344.TW,2015-05-18,7.464468955993652,7.616804466401164,7.098862098162899,7.235964577073709,1wk
2344.TW,2015-05-25,7.472087383270264,7.692974560743988,7.411153015077718,7.449237087973805,1wk
2344.TW,2015-06-01,6.855125427246094,7.464469761226796,6.763723517376936,7.456853244656809,1wk
2344.TW,2015-06-08,6.634237289428711,6.687555130020446,6.024892978485195,6.1696127254904995,1wk
2344.TW,2015-06-15,6.4362006187438965,6.634237469510681,6.146762230185427,6.634237469510681,1wk
2344.TW,2015-06-22,6.36003303527832,6.5428361266771144,6.245780824826855,6.5428361266771144,1wk
2344.TW,2015-06-29,6.139146327972412,6.26101468611907,5.979192785850611,6.200079950391293,1wk
2344.TW,2015-07-06,5.110876560211182,6.139145604880528,4.989007474212797,6.108678055053741,1wk
2344.TW,2015-07-13,5.187044620513916,5.461250377763866,5.065176260976422,5.217512174277001,1wk
2344.TW,2015-07-20,4.8823723793029785,5.27082960418811,4.813821868358767,5.27082960418811,1wk
2344.TW,2015-07-27,5.293679714202881,5.293679714202881,4.531998749946558,4.745270117611831,1wk
2344.TW,2015-08-03,5.278446197509766,5.484100687670582,5.103260001343372,5.484100687670582,1wk
2344.TW,2015-08-10,5.369847774505615,5.45363279447307,5.156577523057671,5.240361800819283,1wk
2344.TW,2015-08-17,4.813821315765381,5.331763728018729,4.768120361877116,5.331763728018729,1wk
2344.TW,2015-08-24,5.057558536529541,5.156577327685985,4.570082952340661,4.813821115538008,1wk
2344.TW,2015-08-31,5.33176326751709,5.666902577477421,4.966156781296991,5.019474246975862,1wk
2344.TW,2015-09-07,5.5145673751831055,5.651670251114108,5.263213030400338,5.331764282814358,1wk
2344.TW,2015-09-14,5.941108703613281,5.971575885866348,5.446016528122237,5.55265148045649,1wk
2344.TW,2015-09-21,5.270829200744629,5.864940139605337,4.912839556752579,5.788772746118286,1wk
2344.TW,2015-09-28,5.605968952178955,5.666903312603056,5.179427687004375,5.270829227640525,1wk
2344.TW,2015-10-05,5.674520492553711,5.918258317900571,5.567885170770524,5.788773073660717,1wk
2344.TW,2015-10-12,5.880173206329346,5.971575112351974,5.704987023842294,5.743071460604153,1wk
2344.TW,2015-10-19,5.948725700378418,6.032510731428707,5.7811563804837816,5.925875034944901,1wk
2344.TW,2015-10-26,5.994426727294922,6.207697009342778,5.880174141053364,6.024893910444615,1wk
2344.TW,2015-11-02,6.024893283843994,6.161996150413114,5.971575440549959,5.9944261038629465,1wk
2344.TW,2015-11-09,5.712604999542236,6.101062246388769,5.651670631320071,6.078211951081204,1wk
2344.TW,2015-11-16,5.97919225692749,6.085827942242298,5.552651000079988,5.636436022354651,1wk
2344.TW,2015-11-23,5.872557640075684,6.040127704523781,5.872557640075684,6.017277038770144,1wk
2344.TW,2015-11-30,6.009659290313721,6.024893065303138,5.743071567925219,5.82685658816117,1wk
2344.TW,2015-12-07,5.7506890296936035,6.1315297560076,5.712604957062204,6.078211905882447,1wk
2344.TW,2015-12-14,6.131529808044434,6.23054750707925,5.674520932589112,5.704988116732203,1wk
2344.TW,2015-12-21,6.230546951293945,6.634237940161053,6.085828303402379,6.116295484827696,1wk
2344.TW,2015-12-28,6.009659290313721,6.268630496310435,5.979192111437808,6.230546429939815,1wk
2344.TW,2016-01-04,5.537417888641357,6.0401277114599585,5.354615160123176,6.0401277114599585,1wk
2344.TW,2016-01-11,5.377464771270752,5.552650960030708,5.308913524850619,5.522183780633197,1wk
2344.TW,2016-01-18,6.245779991149902,6.382882476950252,5.247978525480368,5.247978525480368,1wk
2344.TW,2016-01-25,6.702788829803467,6.740872895199239,6.314331659648921,6.367649499644168,1wk
2344.TW,2016-02-01,6.672322750091553,6.740874379783824,6.527603715038744,6.588538084650768,1wk
2344.TW,2016-02-08,6.672322750091553,6.672322750091553,6.672322750091553,6.672322750091553,1wk
2344.TW,2016-02-15,6.999844551086426,7.121713271418663,6.641854164577403,6.657087940170401,1wk
2344.TW,2016-02-22,7.213115215301514,7.274049575742442,7.0226948750449365,7.076012718757954,1wk
2344.TW,2016-02-29,7.40353536605835,7.769141519345924,7.213115030675742,7.213115030675742,1wk
2344.TW,2016-03-07,7.296899795532227,7.517787684914503,7.083629165007952,7.388301706387164,1wk
2344.TW,2016-03-14,7.197882175445557,7.510170494100435,7.121713297204774,7.34260044638247,1wk
2344.TW,2016-03-21,6.969376564025879,7.220731990075545,6.969376564025879,7.205498215435288,1wk
2344.TW,2016-03-28,7.106479644775391,7.37306735547141,6.855124966194825,6.976993676353337,1wk
2344.TW,2016-04-04,7.251198768615723,7.266432544755305,7.053162647624756,7.106480493010344,1wk
2344.TW,2016-04-11,7.083630084991455,7.327368298191397,7.076013567350131,7.243582893106996,1wk
2344.TW,2016-04-18,6.611387252807617,7.076012576832179,6.588536960876319,7.060778801476026,1wk
2344.TW,2016-04-25,6.382883071899414,6.740873465339517,6.3295659696004565,6.596153707712915,1wk
2344.TW,2016-05-02,6.192462921142578,6.573302831287943,6.177229517710278,6.382882505112349,1wk
2344.TW,2016-05-09,6.245779991149902,6.596153092884776,6.200079038848815,6.28386405621699,1wk
2344.TW,2016-05-16,6.337182521820068,6.466668504281611,6.25339712507159,6.25339712507159,1wk
2344.TW,2016-05-23,6.672322750091553,6.70279030600056,6.398117715734448,6.398117715734448,1wk
2344.TW,2016-05-30,6.5656867027282715,6.75610780387699,6.55045292557166,6.702789954931825,1wk
2344.TW,2016-06-06,6.481902599334717,6.634238139945814,6.4057344579262026,6.565686515795779,1wk
2344.TW,2016-06-13,6.276247978210449,6.466668316838512,6.261014202679029,6.451434541307092,1wk
2344.TW,2016-06-20,6.481902599334717,6.626621622687335,6.329566316517688,6.360033127757536,1wk
2344.TW,2016-06-27,6.778957843780518,7.015078783114607,6.459052246542312,6.4742852809205695,1wk
2344.TW,2016-07-04,6.763723850250244,6.999844782010768,6.763723850250244,6.794191402441363,1wk
2344.TW,2016-07-11,6.946527004241943,7.068396471984081,6.847509314173924,6.862742348211523,1wk
2344.TW,2016-07-18,7.327367782592773,7.593955529957935,6.9160595303721735,6.992227670249624,1wk
2344.TW,2016-07-25,7.304516792297363,7.731058081381717,7.235965911304835,7.357834638984388,1wk
2344.TW,2016-08-01,7.479704856872559,7.6929747805367255,7.289283744745705,7.365452634920043,1wk
2344.TW,2016-08-08,7.593955993652344,7.69297443309801,7.426386669454738,7.555872663594129,1wk
2344.TW,2016-08-15,7.5473175048828125,7.770428608332189,7.5473175048828125,7.693493589967862,1wk
2344.TW,2016-08-22,7.8858323097229,8.116636627551838,7.585785422091565,7.647334039836516,1wk
2344.TW,2016-08-29,7.808897972106934,8.039703082015516,7.731962935470739,7.924301276740019,1wk
2344.TW,2016-09-05,7.924299240112305,8.039701015728339,7.7704284567075215,7.847363473570613,1wk
2344.TW,2016-09-12,7.731960296630859,7.9242985722570305,7.670412438263325,7.808895307009912,1wk
2344.TW,2016-09-19,7.924299240112305,8.001233507296794,7.731960948275977,7.808895965139067,1wk
2344.TW,2016-09-26,7.770427227020264,8.001232241084132,7.770427227020264,7.885830483730682,1wk
2344.TW,2016-10-03,7.731960296630859,7.9242985722570305,7.731960296630859,7.808895307009912,1wk
2344.TW,2016-10-10,7.470382213592529,7.847363339997779,7.424221504131834,7.731960816667451,1wk
2344.TW,2016-10-17,7.808897972106934,7.808897972106934,7.62425508366614,7.655027898834546,1wk
2344.TW,2016-10-24,7.670413970947266,8.001234431745244,7.639640410453668,7.808896867365177,1wk
2344.TW,2016-10-31,7.562705039978027,7.73196148917448,7.4934632200859115,7.685800775698839,1wk
2344.TW,2016-11-07,7.439609050750732,7.693493715894229,7.331899723406252,7.6165594459492665,1wk
2344.TW,2016-11-14,7.562705039978027,7.578092194362792,7.316512818857749,7.4934632200859115,1wk
2344.TW,2016-11-21,7.731960296630859,7.885831067067504,7.508849216338731,7.562703873539775,1wk
2344.TW,2016-11-28,7.508850574493408,7.808896719435091,7.493463419698757,7.770429207287798,1wk
2344.TW,2016-12-05,7.585785388946533,7.601172543315539,7.408834987899603,7.508850366780159,1wk
2344.TW,2016-12-12,7.685801029205322,7.7704292565949045,7.516544574426159,7.6165599567080315,1wk
2344.TW,2016-12-19,7.693493366241455,7.96276667236476,7.639639454695389,7.693493366241455,1wk
2344.TW,2016-12-26,7.670413970947266,7.73196184161315,7.593479694873928,7.73196184161315,1wk
2344.TW,2017-01-02,7.770427227020264,7.885830483730682,7.6550247199883295,7.670411870861617,1wk
2344.TW,2017-01-09,7.693493366241455,7.808895890432045,7.639639454695389,7.7704283823685145,1wk
2344.TW,2017-01-16,9.001387596130371,9.155257623348717,7.6934931144530045,7.770428128062177,1wk
2344.TW,2017-01-23,9.847673416137695,10.463152864081549,9.309128992896659,9.309128992896659,1wk
2344.TW,2017-01-30,9.501465797424316,10.347750318804087,9.34759649781964,9.847673408311865,1wk
2344.TW,2017-02-06,8.962921142578125,10.040010709999109,8.770583585953188,9.809205642049186,1wk
2344.TW,2017-02-13,9.03985595703125,9.23219350922646,8.847518404836038,9.19372599878742,1wk
2344.TW,2017-02-20,8.578246116638184,9.078322225892355,8.46284284189542,9.039855467216235,1wk
2344.TW,2017-02-27,8.847517967224121,9.03985550990602,8.462842881860322,8.578246157148067,1wk
2344.TW,2017-03-06,9.270661354064941,9.693803234478798,8.809051212145823,8.924453747625602,1wk
2344.TW,2017-03-13,9.501465797424316,9.616868334386833,9.232193960857124,9.386064010140478,1wk
2344.TW,2017-03-20,11.11709976196289,11.771046674488009,9.539932620444253,9.57840012998565,1wk
2344.TW,2017-03-27,13.078941345214844,13.463616487551072,11.117101118014947,11.38637296797159,1wk
2344.TW,2017-04-03,13.809821128845215,14.232963693897169,12.809667474443161,13.078938516482753,1wk
2344.TW,2017-04-10,13.194341659545898,14.386832900032964,13.040471628598254,13.771354275599565,1wk
2344.TW,2017-04-17,13.232810020446777,13.57901761240015,12.3480587848121,13.30974504088086,1wk
2344.TW,2017-04-24,13.117405891418457,13.655950968834444,12.6942648299487,13.309743419067024,1wk
2344.TW,2017-05-01,12.886603355407715,13.309745998231195,12.386527185973712,13.117408433311432,1wk
2344.TW,2017-05-08,12.65579891204834,13.15587504731047,12.155721277428931,13.002005005889114,1wk
2344.TW,2017-05-15,13.117405891418457,13.386678430126452,12.57886081400247,12.809667346537841,1wk
2344.TW,2017-05-22,13.155875205993652,13.386680270909604,12.925070141077699,13.232810227632303,1wk
2344.TW,2017-05-29,15.040781021118164,15.156183548085098,13.155874580015464,13.155874580015464,1wk
2344.TW,2017-06-05,13.848288536071777,15.00231220590515,13.73288601915273,14.963844700265469,1wk
2344.TW,2017-06-12,13.925226211547852,14.348367355183308,13.425148542556316,13.617486107553061,1wk
2344.TW,2017-06-19,13.925226211547852,14.30989984218396,13.809823672549806,14.00216123754655,1wk
2344.TW,2017-06-26,14.040626525878906,14.694572643895967,13.886756498261446,13.963691512070177,1wk
2344.TW,2017-07-03,13.809821128845215,14.194496187983354,13.579016093362332,14.079093670241912,1wk
2344.TW,2017-07-10,14.156028747558594,14.656104827394536,13.848288698824408,14.079093735375048,1wk
2344.TW,2017-07-17,14.271432876586914,14.271432876586914,13.88675923119607,14.232966861469526,1wk
2344.TW,2017-07-24,14.61763858795166,14.771508625651913,14.040627445932952,14.156029974208142,1wk
2344.TW,2017-07-31,13.925226211547852,14.386834868182657,13.579018594553713,14.386834868182657,1wk
2344.TW,2017-08-07,14.002161026000977,14.38683465082541,13.617485901819185,14.002161026000977,1wk
2344.TW,2017-08-14,15.985551834106445,16.065082019844958,13.798473276230807,14.235889297792626,1wk
2344.TW,2017-08-21,17.973806381225586,18.37145737636785,15.906024306353267,16.263908652047583,1wk
2344.TW,2017-08-28,18.530515670776367,19.643938330775097,18.212396460710274,18.888401525775958,1wk
2344.TW,2017-09-04,19.24629020690918,19.96206047207884,18.450988190127593,18.450988190127593,1wk
2344.TW,2017-09-11,20.041587829589844,20.041587829589844,17.934040884075042,19.44511140165157,1wk
2344.TW,2017-09-18,22.029842376708984,22.427493352806096,20.359709827034756,20.43924002225418,1wk
2344.TW,2017-09-25,20.995948791503906,22.94443678341004,19.683702282647435,22.904671690719436,1wk
2344.TW,2017-10-02,21.353836059570312,21.990077631522393,21.194777216515963,21.870782336781378,1wk
2344.TW,2017-10-09,22.825143814086914,23.222793231281482,21.353835235712655,21.353835235712655,1wk
2344.TW,2017-10-16,22.149137496948242,23.302323768710394,21.63219123205013,23.143263379510977,1wk
2344.TW,2017-10-23,20.399473190307617,22.50702163450762,20.35970809607868,22.387726351820817,1wk
2344.TW,2017-10-30,20.74361228942871,21.831141718184544,20.479002995116804,20.757358649504695,1wk
2344.TW,2017-11-06,22.677000045776367,23.361740578958692,20.82417217365938,20.945009650064286,1wk
2344.TW,2017-11-13,22.797834396362305,23.079787455194836,21.911700197003437,22.676998478243746,1wk
2344.TW,2017-11-20,23.120067596435547,23.804808142067348,22.515884853227114,23.079789470190697,1wk
2344.TW,2017-11-27,21.670026779174805,24.449268391176812,20.90472849905253,23.361738929964414,1wk
2344.TW,2017-12-04,19.938034057617188,22.07281476120526,19.374131066045603,21.670025802987375,1wk
2344.TW,2017-12-11,20.219987869262695,20.501939375728714,19.65608330639714,19.978314485177457,1wk
2344.TW,2017-12-18,18.931066513061523,20.501941334822604,18.76995090827572,20.2602679276439,1wk
2344.TW,2017-12-25,18.890785217285156,19.374131990202535,18.528275912563892,19.011621135547735,1wk
2344.TW,2018-01-01,19.656084060668945,20.34082456688622,18.729670161092592,18.890785756665313,1wk
2344.TW,2018-01-08,18.608835220336914,20.13943190902895,18.568555544353618,19.817200700897224,1wk
2344.TW,2018-01-15,19.213016510009766,19.41441022491978,18.64911193835476,18.850505653264776,1wk
2344.TW,2018-01-22,19.213016510009766,19.817199204673354,18.769949407247605,19.09217904111692,1wk
2344.TW,2018-01-29,18.850505828857422,19.61580567248476,18.810227705473647,19.333852609064092,1wk
2344.TW,2018-02-05,14.943455696105957,18.004650243088975,14.09759965481945,17.803254988061948,1wk
2344.TW,2018-02-12,14.661504745483398,15.265687433217947,14.661504745483398,15.225407760737763,1wk
2344.TW,2018-02-19,15.024015426635742,15.467080969327373,14.661504578184712,14.661504578184712,1wk
2344.TW,2018-02-26,15.426803588867188,16.312937816717408,15.064294272922423,15.305967666863461,1wk
2344.TW,2018-03-05,16.151824951171875,16.474056166644036,15.22540943172257,15.628198451062769,1wk
2344.TW,2018-03-12,17.078237533569336,17.521304643890183,15.950428371019003,16.312937684014823,1wk
2344.TW,2018-03-19,16.030986785888672,17.36018971798825,15.305968131967907,17.239352242379034,1wk
2344.TW,2018-03-26,15.749035835266113,16.474056065632993,15.628198355238123,15.990709245388407,1wk
2344.TW,2018-04-02,15.587918281555176,16.19210095643042,15.50736048824291,15.869869783181358,1wk
2344.TW,2018-04-09,15.386527061462402,15.668478608684177,15.104573964306885,15.587920802344565,1wk
2344.TW,2018-04-16,14.701784133911133,15.467082477594541,14.621227881881609,15.42680435157978,1wk
2344.TW,2018-04-23,14.37955379486084,14.86290058374475,13.372582092986153,14.54066784122189,1wk
2344.TW,2018-04-30,14.218438148498535,15.225408296893772,14.097600676736272,14.500389666054515,1wk
2344.TW,2018-05-07,14.82262134552002,15.185130672874683,14.097601140877062,14.379554217649472,1wk
2344.TW,2018-05-14,16.232379913330078,17.078235930898476,14.822619367404938,14.943455277086098,1wk
2344.TW,2018-05-21,16.514333724975586,16.95740085602689,15.990708792830075,16.393497798301098,1wk
2344.TW,2018-05-28,15.910148620605469,17.158793576510053,15.910148620605469,16.6351687224017,1wk
2344.TW,2018-06-04,16.514333724975586,16.876843054932685,16.030986918410356,16.07126659392428,1wk
2344.TW,2018-06-11,16.192100524902344,17.682418886494734,16.071264613121034,16.756005063059845,1wk
2344.TW,2018-06-18,15.547642707824707,16.192103610004054,15.225409931834411,16.192103610004054,1wk
2344.TW,2018-06-25,15.708757400512695,15.829593328237525,14.943457508498698,15.587919922854208,1wk
2344.TW,2018-07-02,14.500391006469727,15.789314341502513,14.379555073470977,15.70875808612583,1wk
2344.TW,2018-07-09,15.910148620605469,16.15182198787088,14.621225545123357,14.742061453789356,1wk
2344.TW,2018-07-16,15.346245765686035,16.192101868123853,15.225408293947158,16.03098627242774,1wk
2344.TW,2018-07-23,16.030986785888672,16.27266018717347,15.26568845678696,15.42680405764349,1wk
2344.TW,2018-07-30,15.507362365722656,16.27266071987727,15.426804562657239,16.111545113746438,1wk
2344.TW,2018-08-06,15.386527061462402,15.628198930547498,15.144853642443564,15.185131770646498,1wk
2344.TW,2018-08-13,13.575282096862793,16.213738268218865,13.575282096862793,16.213738268218865,1wk
2344.TW,2018-08-20,13.745505332946777,14.171061516282787,13.53272560373064,13.830615259575474,1wk
2344.TW,2018-08-27,14.681733131408691,14.724289738735258,13.788062390582972,13.83061736036116,1wk
2344.TW,2018-09-03,12.298609733581543,14.681731107707211,12.298609733581543,14.639174506246563,1wk
2344.TW,2018-09-10,12.468832969665527,12.681611898868217,11.915608572512673,12.341166430918053,1wk
2344.TW,2018-09-17,12.085831642150879,12.76672421144602,11.915608499827094,12.426277108024316,1wk
2344.TW,2018-09-24,12.341166496276855,12.639056179964106,12.000720207749549,12.085831779881374,1wk
2344.TW,2018-10-01,11.234716415405273,12.894390366187658,11.064494096914705,12.426276738709795,1wk
2344.TW,2018-10-08,10.766602516174316,11.66027314548318,10.128266586317725,11.10704878211068,1wk
2344.TW,2018-10-15,10.724047660827637,11.192161316993545,10.29849061036006,10.596381118829274,1wk
2344.TW,2018-10-22,9.745264053344727,11.362382917487995,9.660153309859968,10.72404620054695,1wk
2344.TW,2018-10-29,12.085831642150879,12.468832893605262,9.745265072747099,9.745265072747099,1wk
2344.TW,2018-11-05,11.617717742919922,12.170942085430752,11.234715708184229,11.915607395606958,1wk
2344.TW,2018-11-12,11.490052223205566,11.830498554643937,11.107050919111645,11.490052223205566,1wk
2344.TW,2018-11-19,11.915608406066895,12.256053869261473,11.617718728118405,11.745385265082541,1wk
2344.TW,2018-11-26,12.7667236328125,13.319948001516563,12.000719527073509,12.043275310725676,1wk
2344.TW,2018-12-03,12.000720977783203,13.702951710870277,11.873053611393608,13.1922814265377,1wk
2344.TW,2018-12-10,11.787941932678223,12.256053935361589,11.617718790775813,11.745385328428489,1wk
2344.TW,2018-12-17,11.575162887573242,12.128387274355292,11.319828177316548,11.660273638884684,1wk
2344.TW,2018-12-24,11.53260612487793,11.830496616073532,11.362383805825981,11.490050340421414,1wk
2344.TW,2018-12-31,10.979382514953613,11.6602742951883,10.511268853135023,11.53260693287414,1wk
2344.TW,2019-01-07,11.404939651489258,11.70282932550943,11.021937589325173,11.192160728064765,1wk
2344.TW,2019-01-14,11.873052597045898,11.873052597045898,11.404939779050418,11.490050530598038,1wk
2344.TW,2019-01-21,12.51138973236084,12.72416784547783,11.660274004796287,12.000720295822108,1wk
2344.TW,2019-01-28,12.51138973236084,12.72416784547783,12.298610800469701,12.639056272721374,1wk
2344.TW,2019-02-04,12.51138973236084,12.51138973236084,12.51138973236084,12.51138973236084,1wk
2344.TW,2019-02-11,12.170943260192871,12.68161187035709,12.170943260192871,12.639056084612227,1wk
2344.TW,2019-02-18,13.022058486938477,13.192280815465637,12.213498537257214,12.256054324082545,1wk
2344.TW,2019-02-25,13.064613342285156,13.532726145214193,12.851834423329185,13.10716912607635,1wk
2344.TW,2019-03-04,12.085831642150879,13.149725462900403,11.830496928665202,13.149725462900403,1wk
2344.TW,2019-03-11,12.085831642150879,12.25605396570053,11.95816428540804,12.085831642150879,1wk
2344.TW,2019-03-18,12.681612014770508,13.022058304606286,12.085831826332045,12.170943398790989,1wk
2344.TW,2019-03-25,12.553945541381836,12.596500509062668,12.29861082265194,12.34116660910692,1wk
2344.TW,2019-04-01,13.192279815673828,13.234836418048115,12.553944699219148,12.596499664045243,1wk
2344.TW,2019-04-08,13.532727241516113,14.468954560767248,13.447615667038738,13.61783881599349,1wk
2344.TW,2019-04-15,14.256173133850098,14.46895286386311,13.532725654411756,13.70294960217698,1wk
2344.TW,2019-04-22,13.873173713684082,14.596621287054708,13.745507169138587,14.426398135961813,1wk
2344.TW,2019-04-29,13.83061695098877,13.95828513164124,13.447615684128024,13.95828513164124,1wk
2344.TW,2019-05-06,12.7667236328125,13.830615767794365,12.596499679429739,13.617837668307631,1wk
2344.TW,2019-05-13,11.787941932678223,12.766724179842953,11.787941932678223,12.766724179842953,1wk
2344.TW,2019-05-20,11.745384216308594,12.128386249324203,11.575161909297933,11.830495779200952,1wk
2344.TW,2019-05-27,12.128387451171875,12.256053989387317,11.532606451887185,11.873052737192722,1wk
2344.TW,2019-06-03,11.873052597045898,12.170943093172012,11.787941845498276,11.915608382206772,1wk
2344.TW,2019-06-10,12.000720977783203,12.298611499358925,11.958165188986673,12.043276766579735,1wk
2344.TW,2019-06-17,12.596500396728516,12.72416775495494,12.000720210446007,12.000720210446007,1wk
2344.TW,2019-06-24,12.936946868896484,13.14972580229301,12.553945607556892,12.681612148820653,1wk
2344.TW,2019-07-01,13.958284378051758,14.043395948042232,13.022057926930668,13.107169496921141,1wk
2344.TW,2019-07-08,15.100674629211426,15.778848394690833,14.46771163621597,14.874617287300204,1wk
2344.TW,2019-07-15,15.1910982131958,15.7336361924201,15.010251640205778,15.236308986570421,1wk
2344.TW,2019-07-22,17.54210090637207,17.632525936343843,15.281520390469652,15.32673290545554,1wk
2344.TW,2019-07-29,16.818716049194336,18.35591021814429,16.4118121197066,17.903793774410243,1wk
2344.TW,2019-08-05,15.688424110412598,17.135194833906205,15.507577552507694,16.863926736794475,1wk
2344.TW,2019-08-12,15.28152084350586,15.914483893852205,15.100675997438513,15.6884265314586,1wk
2344.TW,2019-08-19,15.824058532714844,15.869271043131752,15.010250742667182,15.462367148107921,1wk
2344.TW,2019-08-26,15.417155265808105,15.778848404896594,15.191097923750668,15.417155265808104,1wk
2344.TW,2019-09-02,16.547447204589844,16.63787049891937,15.462369412381463,15.507580189673263,1wk
2344.TW,2019-09-09,16.863927841186523,17.18040846837311,16.185752334757677,16.72829204400246,1wk
2344.TW,2019-09-16,16.999563217163086,17.496890452672158,16.592657533795776,16.909139925275447,1wk
2344.TW,2019-09-23,16.14054298400879,17.180409981789975,16.0953304677161,16.999563396110993,1wk
2344.TW,2019-09-30,16.050119400024414,16.502234116274728,15.959696108825177,16.140542691223647,1wk
2344.TW,2019-10-07,15.28152084350586,16.276177065478688,15.28152084350586,16.140542995991705,1wk
2344.TW,2019-10-14,15.959694862365723,16.050118146502857,15.55278921387575,15.643214237758611,1wk
2344.TW,2019-10-21,16.050119400024414,16.502234116274728,15.824060302153395,15.91448359335263,1wk
2344.TW,2019-10-28,15.417155265808105,16.140541543985083,15.371944493294913,16.095329031726155,1wk
2344.TW,2019-11-04,15.055463790893555,15.55279104224003,14.919829718615764,15.462369487218789,1wk
2344.TW,2019-11-11,14.693768501281738,15.05546162839854,14.467711166706579,15.01025085738178,1wk
2344.TW,2019-11-18,15.50757884979248,16.050118568893293,14.784192557658065,14.829405070789353,1wk
2344.TW,2019-11-25,15.778849601745605,16.366600127473276,15.417156435222156,15.552790502795515,1wk
2344.TW,2019-12-02,16.818716049194336,17.180409204181576,15.326732654744879,15.77884909847893,1wk
2344.TW,2019-12-09,17.180410385131836,17.677737637551758,16.45702402543309,16.683083132711914,1wk
2344.TW,2019-12-16,17.903793334960938,18.22027570767961,17.31604284240594,17.451678642069876,1wk
2344.TW,2019-12-23,17.677738189697266,18.220277976416984,17.496891594124026,18.220277976416984,1wk
2344.TW,2019-12-30,17.994216918945312,18.175063494989566,17.496889704696514,17.72294705487893,1wk
2344.TW,2020-01-06,17.316043853759766,18.62718071511143,16.999563202302628,18.08464096425987,1wk
2344.TW,2020-01-13,17.225618362426758,17.858581324264414,17.180407592168322,17.45167743295589,1wk
2344.TW,2020-01-20,17.361255645751953,17.40646816417497,17.225621569974848,17.361255645751953,1wk
2344.TW,2020-01-27,15.326733589172363,17.361255100395876,14.874618857619975,17.361255100395876,1wk
2344.TW,2020-02-03,15.326733589172363,17.722948277434522,13.834750973633863,14.196443280799551,1wk
2344.TW,2020-02-10,14.919827461242676,15.417154637343444,14.377287774726021,14.467711055812131,1wk
2344.TW,2020-02-17,15.37194538116455,15.598002736278856,14.603348286080907,14.829405641195212,1wk
2344.TW,2020-02-24,14.46771240234375,15.598002651245084,14.46771240234375,15.28152026811538,1wk
2344.TW,2020-03-02,14.693768501281738,15.32673147373614,13.699114141456219,14.015594757810579,1wk
2344.TW,2020-03-09,12.297555923461914,14.693769588403798,11.574169615708403,14.512923881338324,1wk
2344.TW,2020-03-16,9.720495223999023,12.614037098249675,9.177954600299378,12.387978867488549,1wk
2344.TW,2020-03-23,10.534302711486816,11.212475582047238,8.86147287593795,9.132742720060389,1wk
2344.TW,2020-03-30,10.489091873168945,10.941207444751685,10.036975431713305,10.127398720004432,1wk
2344.TW,2020-04-06,11.4385347366333,11.98107360011918,10.398667784235199,10.669937650914592,1wk
2344.TW,2020-04-13,12.026286125183105,12.568824989153697,11.167264879930896,11.438534746852646,1wk
2344.TW,2020-04-20,11.755017280578613,12.297556151585093,11.30290082984578,11.981073766199188,1wk
2344.TW,2020-04-27,12.659247398376465,12.659247398376465,11.845438724039548,11.890650365384534,1wk
2344.TW,2020-05-04,12.207131385803223,12.38797795712209,11.9358623986978,12.207131385803223,1wk
2344.TW,2020-05-11,11.664592742919922,12.52361397150164,11.528958681964122,12.433189814409618,1wk
2344.TW,2020-05-18,11.528959274291992,12.0714981556081,11.438535112554213,11.664593342216316,1wk
2344.TW,2020-05-25,12.43319034576416,13.699115551060629,11.212476786009454,11.574169950343569,1wk
2344.TW,2020-06-01,12.523614883422852,12.704460601156702,12.026286767504137,12.614037307353298,1wk
2344.TW,2020-06-08,11.981073379516602,12.885306251798648,11.619381100476676,12.704459677342237,1wk
2344.TW,2020-06-15,12.11670970916748,12.749671877522976,11.800228190053268,12.071498063579737,1wk
2344.TW,2020-06-22,12.11670970916748,12.387978712821019,12.11670970916748,12.11670970916748,1wk
2344.TW,2020-06-29,12.251415252685547,12.479136953810478,11.978150087609611,12.023694427834597,1wk
2344.TW,2020-07-06,11.932605743408203,12.889036011540211,11.932605743408203,12.296959588812694,1wk
2344.TW,2020-07-13,11.841519355773926,12.52468278809477,11.841519355773926,12.069239331515424,1wk
2344.TW,2020-07-20,12.02369499206543,12.61577144277437,11.659340253167619,11.932606307340977,1wk
2344.TW,2020-07-27,11.932605743408203,12.433593485716104,11.568251021729731,12.069237887763649,1wk
2344.TW,2020-08-03,12.114782333374023,12.479136155594386,11.795971972191522,11.932604984126879,1wk
2344.TW,2020-08-10,11.978150367736816,12.205872074187365,11.84151822014049,12.114783391607146,1wk
2344.TW,2020-08-17,10.657365798950195,12.023695219373423,10.475188426057226,11.97815087615018,1wk
2344.TW,2020-08-24,11.340530395507812,11.477162542255451,10.520732257377997,10.657365280399633,1wk
2344.TW,2020-08-31,11.795973777770996,11.795973777770996,10.9761764569485,11.386075555496777,1wk
2344.TW,2020-09-07,12.296960830688477,12.47913820992589,11.887062603678366,11.887062603678366,1wk
2344.TW,2020-09-14,12.479138374328613,12.797948792194163,12.296960992691158,12.433594905193331,1wk
2344.TW,2020-09-21,11.158353805541992,12.479138033826896,11.06726511720868,12.479138033826896,1wk
2344.TW,2020-09-28,12.706859588623047,12.752403932194587,11.47716318846551,11.613797095454176,1wk
2344.TW,2020-10-05,13.1167573928833,13.298934761452657,12.615771381865612,12.797947874160949,1wk
2344.TW,2020-10-12,13.207847595214844,14.118732729773736,12.752404151661338,13.663291038768351,1wk
2344.TW,2020-10-19,15.849414825439453,15.849414825439453,13.162302223340287,13.344478710265964,1wk
2344.TW,2020-10-26,15.439515113830566,17.215741601259563,15.21179430853387,15.94050193701199,1wk
2344.TW,2020-11-02,15.803871154785156,16.487035381599483,15.30288428879438,15.576150330029703,1wk
2344.TW,2020-11-09,15.849414825439453,16.35040345051254,15.667237462239783,16.077137405713035,1wk
2344.TW,2020-11-16,15.986050605773926,16.304860152625285,15.485063674279449,15.71278452880925,1wk
2344.TW,2020-11-23,16.578123092651367,17.306832493336294,15.940502367052055,16.07713625595441,1wk
2344.TW,2020-11-30,21.587997436523438,21.587997436523438,16.66921367634733,16.714757142830894,1wk
2344.TW,2020-12-07,21.861263275146484,24.366199473021847,21.31473116750341,22.954327490432636,1wk
2344.TW,2020-12-14,21.906808853149414,22.99987133382141,21.360276736539376,22.316707064332903,1wk
2344.TW,2020-12-21,24.32065773010254,24.63946727254119,21.54245528157095,21.906810045814076,1wk
2344.TW,2020-12-28,26.461238861083984,28.37409958610442,25.231544182897817,25.32263111975771,1wk
2344.TW,2021-01-04,26.415695190429688,27.007770790775186,24.320657102631678,26.780049945272495,1wk
2344.TW,2021-01-11,25.049365997314453,26.415694541881255,24.730554718380276,26.370149322370054,1wk
2344.TW,2021-01-18,25.504806518554688,25.504806518554688,22.681059312702597,24.68500843385792,1wk
2344.TW,2021-01-25,24.092933654785156,26.279060195164345,24.092933654785156,25.732528121932564,1wk
2344.TW,2021-02-01,25.778072357177734,26.552325274505232,23.865211796122047,24.18402305799665,1wk
2344.TW,2021-02-08,25.778072357177734,25.778072357177734,25.778072357177734,25.778072357177734,1wk
2344.TW,2021-02-15,27.736478805541992,28.69290910918137,25.77807298008858,25.77807298008858,1wk
2344.TW,2021-02-22,27.82756996154785,29.60379857719907,27.69093604743335,28.601822966369408,1wk
2344.TW,2021-03-01,24.958276748657227,28.78399623676067,24.54837679248168,27.82756767914584,1wk
2344.TW,2021-03-08,25.68698501586914,26.279062353437592,23.865213041357485,25.595896329516155,1wk
2344.TW,2021-03-15,25.68698501586914,26.187971914536526,25.00382074449578,25.68698501586914,1wk
2344.TW,2021-03-22,26.50678253173828,26.597871215818728,25.14045227053154,25.595895690933787,1wk
2344.TW,2021-03-29,27.873111724853516,28.46518730964152,26.59787186896027,26.734504022162085,1wk
2344.TW,2021-04-05,31.243392944335938,31.243392944335938,27.0533181846857,27.87311469639081,1wk
2344.TW,2021-04-12,32.60971450805664,33.70277862159581,29.421616101211047,31.425563470937092,1wk
2344.TW,2021-04-19,32.473087310791016,34.385948047970935,30.10478487622399,33.42951592683283,1wk
2344.TW,2021-04-26,32.51863098144531,35.43346541694414,32.51863098144531,33.61169520916842,1wk
2344.TW,2021-05-03,30.879030227661133,32.42753590979343,27.91865274861281,32.42753590979343,1wk
2344.TW,2021-05-10,25.91470718383789,31.47111170277522,24.50283344475105,31.24338911434622,1wk
2344.TW,2021-05-17,26.32460594177246,27.05331543595781,23.36422625046662,23.546403624012957,1wk
2344.TW,2021-05-24,30.833492279052734,31.243392278720968,25.869164585198277,26.233519361548606,1wk
2344.TW,2021-05-31,30.924577713012695,33.15624772759672,30.423590853011863,31.197841998432825,1wk
2344.TW,2021-06-07,31.15230369567871,32.51863228244851,29.785971603812644,31.24339063241844,1wk
2344.TW,2021-06-14,31.471111297607422,32.06318511276577,30.013692358578773,31.15230178096892,1wk
2344.TW,2021-06-21,31.516658782958984,33.0651647645247,29.421620659941308,31.061213579200867,1wk
2344.TW,2021-06-28,31.698833465576172,32.38199770797338,30.879033570622713,32.0176429780154,1wk
2344.TW,2021-07-05,32.15427780151367,32.928532543385685,31.334481343428706,31.97210042137298,1wk
2344.TW,2021-07-12,32.062355041503906,35.268591955667866,31.604322707352168,33.07003181669202,1wk
2344.TW,2021-07-19,30.734060287475586,31.74173358623745,29.26835286995058,31.695932818136715,1wk
2344.TW,2021-07-26,31.329505920410156,32.2455706445188,28.352284991954633,31.100487976865924,1wk
2344.TW,2021-08-02,31.237895965576172,32.841014450142865,30.779863623571686,31.421109607384764,1wk
2344.TW,2021-08-09,26.107919692993164,31.7417330983809,26.107919692993164,31.14629139691607,1wk
2344.TW,2021-08-16,26.016313552856445,27.573627811035227,25.970511021741572,26.10792037760326,1wk
2344.TW,2021-08-23,26.7033634185791,27.61943165100024,26.428544711369803,26.47434724173234,1wk
2344.TW,2021-08-30,28.260679244995117,28.35228430517336,26.74916755178161,26.93238119717216,1wk
2344.TW,2021-09-06,27.573627471923828,28.94772806370975,25.97051070234594,28.26067953033384,1wk
2344.TW,2021-09-13,25.37506866455078,27.756842688285857,25.28346007323481,27.48202396440654,1wk
2344.TW,2021-09-20,25.054443359375,25.46667319910402,24.000965731443085,25.375068134735002,1wk
2344.TW,2021-09-27,23.451322555541992,25.558277612439234,23.313913209447364,25.191852102014582,1wk
2344.TW,2021-10-04,23.405521392822266,24.18417851198028,22.397848095976734,23.63453757050978,1wk
2344.TW,2021-10-11,23.588735580444336,23.817753525896162,21.756600829415177,23.405521929089712,1wk
2344.TW,2021-10-18,22.9932918548584,23.771948983731487,21.98561678292336,23.588735334288753,1wk
2344.TW,2021-10-25,24.092571258544922,24.45899854632083,22.81007751384625,22.94748686550371,1wk
2344.TW,2021-11-01,24.596410751342773,25.100247413121227,24.000965501040493,24.367392805067404,1wk
2344.TW,2021-11-08,26.886577606201172,27.43621855671631,24.6880155666577,24.779622391743555,1wk
2344.TW,2021-11-15,27.207202911376953,28.81031973819317,27.023989257595026,27.665235283314665,1wk
2344.TW,2021-11-22,27.619430541992188,29.497369461791774,27.527823722428376,28.07746463981123,1wk
2344.TW,2021-11-29,29.863798141479492,30.367634821201428,26.886578834006745,26.97818566327593,1wk
2344.TW,2021-12-06,28.306482315063477,29.588977857262417,28.214875490620695,29.588977857262417,1wk
2344.TW,2021-12-13,27.985858917236328,28.718713502473207,27.344611155154055,28.260679386700158,1wk
2344.TW,2021-12-20,28.993532180786133,29.58897741196156,27.711038420405217,27.802645243469353,1wk
2344.TW,2021-12-27,31.14629364013672,31.192094410832183,28.76451785015184,29.268354528076387,1wk
2344.TW,2022-01-03,27.756839752197266,30.871468076860893,27.61943040479262,30.871468076860893,1wk
2344.TW,2022-01-10,27.207202911376953,28.214876244660456,26.840775603813096,27.527825924236776,1wk
2344.TW,2022-01-17,27.48202133178711,28.44389029825751,27.207200871716864,27.25300340047008,1wk
2344.TW,2022-01-24,27.43621826171875,28.123268561216882,26.56595431401884,27.11559349610711,1wk
2344.TW,2022-01-31,27.43621826171875,27.43621826171875,27.43621826171875,27.43621826171875,1wk
2344.TW,2022-02-07,30.321834564208984,30.68825836246122,27.34461344376389,27.848450132024382,1wk
2344.TW,2022-02-14,32.93262481689453,33.39065718370187,28.39808958035831,29.863797031679393,1wk
2344.TW,2022-02-21,30.230222702026367,32.65780081252635,29.909599710078673,32.61199652080982,1wk
2344.TW,2022-02-28,31.008880615234375,32.06235826213465,30.2302252164579,30.2302252164579,1wk
2344.TW,2022-03-07,30.825666427612305,30.96307577107877,28.67290712151363,30.413434872179078,1wk
2344.TW,2022-03-14,32.52039337158203,32.97842574053497,29.588978455207986,31.375307161648387,1wk
2344.TW,2022-03-21,29.35995864868164,33.16163729280833,28.85612201723398,32.97842365182427,1wk
2344.TW,2022-03-28,27.52782440185547,29.726386363133635,27.34461075820587,29.08513861036004,1wk
2344.TW,2022-04-04,26.199525833129883,27.527823841281638,26.107919013170555,27.527823841281638,1wk
2344.TW,2022-04-11,24.73381996154785,26.520150414247276,24.596410604616004,26.428545351304102,1wk
2344.TW,2022-04-18,25.741493225097656,26.199527351438167,24.275785783325098,24.550606259129403,1wk
2344.TW,2022-04-25,24.96283531188965,25.55827877627573,23.405521093490048,25.05444213429651,1wk
2344.TW,2022-05-02,25.51247787475586,25.97051201602583,24.688016420469918,24.9628369052319,1wk
2344.TW,2022-05-09,25.466672897338867,25.512477191497734,24.413197044407134,25.14604988829517,1wk
2344.TW,2022-05-16,26.520151138305664,26.978185278112296,25.466673498008973,25.87890510509351,1wk
2344.TW,2022-05-23,26.107919692993164,26.749167449405867,25.649887343786826,26.611756334630346,1wk
2344.TW,2022-05-30,26.474346160888672,26.840773438897337,26.24532999339174,26.565952980390836,1wk
2344.TW,2022-06-06,25.51247787475586,26.749169174926205,25.420871046501865,26.520151223032652,1wk
2344.TW,2022-06-13,23.540477752685547,26.013417402758922,23.064912083444796,25.87074861697596,1wk
2344.TW,2022-06-20,21.923555374145508,23.683147360456093,21.590660334834766,23.683147360456093,1wk
2344.TW,2022-06-27,19.070165634155273,22.636903519112586,18.927495020769886,22.399121603441596,1wk
2344.TW,2022-07-04,19.260391235351562,19.640845617431438,17.786140340927037,19.02260930527757,1wk
2344.TW,2022-07-11,20.163965225219727,20.25907835505465,18.59459949793268,19.355504536612084,1wk
2344.TW,2022-07-18,22.11378288269043,22.25645167045886,20.068853221464533,20.211522009232958,1wk
2344.TW,2022-07-25,22.0186710357666,22.16134166186082,21.162652769137267,22.066228521124227,1wk
2344.TW,2022-08-01,21.971115112304688,22.25645270105423,20.877314922169326,21.971115112304688,1wk
2344.TW,2022-08-08,20.734643936157227,21.780888453245026,19.735956903017264,21.73333096929719,1wk
2344.TW,2022-08-15,21.638216018676758,21.828442278575032,20.8773128090621,20.97242593901124,1wk
2344.TW,2022-08-22,21.495548248291016,21.780887651539533,20.591974386326648,21.30532197945867,1wk
2344.TW,2022-08-29,20.163965225219727,21.115094693590535,20.163965225219727,20.829755304085758,1wk
2344.TW,2022-09-05,20.163965225219727,20.25907835505465,19.21283392687047,20.163965225219727,1wk
2344.TW,2022-09-12,19.68840217590332,20.78220239845232,19.68840217590332,20.401749828873765,1wk
2344.TW,2022-09-19,19.117721557617188,19.878626626568526,18.975052772178074,19.83106914476981,1wk
2344.TW,2022-09-26,18.784826278686523,19.165278808579835,17.6910261702325,18.927495062407267,1wk
2344.TW,2022-10-03,19.21283531188965,19.878627268729886,18.404374565001508,18.54704518502799,1wk
2344.TW,2022-10-10,18.594600677490234,19.212835145646032,17.595913665860543,19.212835145646032,1wk
2344.TW,2022-10-17,19.070165634155273,19.783513211146737,18.07147866037153,18.16659179263562,1wk
2344.TW,2022-10-24,18.261703491210938,19.87862677478873,18.21414783903615,19.640844853957734,1wk
2344.TW,2022-10-31,19.21283531188965,19.26039096524609,18.451930218357948,18.642156491740874,1wk
2344.TW,2022-11-07,20.782201766967773,21.447991913520966,19.212835880132072,19.30794901963662,1wk
2344.TW,2022-11-14,20.829755783081055,21.4955477072359,20.25907882092682,20.782200132059238,1wk
2344.TW,2022-11-21,20.59197425842285,20.97242679372442,20.11640858929589,20.97242679372442,1wk
2344.TW,2022-11-28,20.924869537353516,21.25776642431966,19.878626883976185,20.449305693079392,1wk
2344.TW,2022-12-05,19.68840217590332,21.352881252820154,19.640846519695344,20.9724286832416,1wk
2344.TW,2022-12-12,19.831069946289062,20.211522496141615,19.450619226415103,19.593288017620516,1wk
2344.TW,2022-12-19,19.117721557617188,20.16396602742528,18.784826504940238,19.688400359330693,1wk
2344.TW,2022-12-26,18.642154693603516,19.260389107476655,18.1665908859955,19.165277809937777,1wk
2344.TW,2023-01-02,19.21283531188965,19.498174721964038,18.404374565001508,18.642156491740874,1wk
2344.TW,2023-01-09,19.68840217590332,20.116410401689848,19.212836463930127,19.403062748719403,1wk
2344.TW,2023-01-16,19.97374153137207,19.97374153137207,19.688402105212656,19.688402105212656,1wk
2344.TW,2023-01-23,19.97374153137207,19.97374153137207,19.97374153137207,19.97374153137207,1wk
2344.TW,2023-01-30,22.11378288269043,22.589348558549435,20.30663514440476,20.30663514440476,1wk
2344.TW,2023-02-06,21.257766723632812,22.161340602446096,20.97242731506358,21.876001193876863,1wk
2344.TW,2023-02-13,22.0186710357666,22.44667925409194,20.924870832285116,21.115097113758303,1wk
2344.TW,2023-02-20,21.923555374145508,22.922242322056178,21.875999724234735,22.161339113634703,1wk
2344.TW,2023-02-27,24.34893798828125,24.824503648007845,21.25776577500461,21.923555868643355,1wk
2344.TW,2023-03-06,22.922243118286133,24.491608899510428,22.82712998518228,24.063600715532353,1wk
2344.TW,2023-03-13,22.732017517089844,23.350251985361698,22.494235592363303,22.589348728249632,1wk
2344.TW,2023-03-20,24.30138397216797,24.491610248856038,22.827131242824752,22.922244381168785,1wk
2344.TW,2023-03-27,25.204957962036133,26.013418725876804,23.160028225257644,24.491610336881344,1wk
2344.TW,2023-04-03,25.204957962036133,25.490297378093775,24.253828405155954,25.204957962036133,1wk
2344.TW,2023-04-10,24.967174530029297,26.156089694291996,24.776950080124198,25.585410854640777,1wk
2344.TW,2023-04-17,23.825817108154297,25.300069764960366,23.77826145631145,24.967172882146354,1wk
2344.TW,2023-04-24,24.681835174560547,25.204956491829886,23.112469392774013,23.7782613247395,1wk
2344.TW,2023-05-01,23.44536590576172,24.77694791881447,23.11246903001467,24.681834787169382,1wk
2344.TW,2023-05-08,22.732017517089844,23.730704528907015,22.446678109430856,23.683148875953133,1wk
2344.TW,2023-05-15,24.729394912719727,24.919619366375386,22.113784427736924,22.636905792742013,1wk
2344.TW,2023-05-22,24.776948928833008,25.490296530261148,24.01604384465443,25.25251460644462,1wk
2344.TW,2023-05-29,27.10721778869629,27.440114675367614,24.9196175190499,25.062288136188624,1wk
2344.TW,2023-06-05,26.72676658630371,27.582784842012043,25.537855087232312,27.487671702488893,1wk
2344.TW,2023-06-12,27.77301025390625,28.24857593667348,26.679210098530906,26.916992024925232,1wk
2344.TW,2023-06-19,27.535226821899414,27.677897443399537,26.82187920433459,27.582784305725653,1wk
2344.TW,2023-06-26,26.108530044555664,28.15345963878357,25.347626818089264,27.012103884094724,1wk
2344.TW,2023-07-03,25.109844207763672,26.393870633554876,25.062288554575904,26.251200014034424,1wk
2344.TW,2023-07-10,26.964550018310547,27.77301077932013,25.204957873772855,25.204957873772855,1wk
2344.TW,2023-07-17,26.108530044555664,27.820564591578176,25.490295601183437,26.869435101000555,1wk
2344.TW,2023-07-24,27.20233154296875,27.487670953765978,25.490296908163977,25.96586259282602,1wk
2344.TW,2023-07-31,25.918304443359375,28.771696648030705,25.062288062942955,27.582783381915863,1wk
2344.TW,2023-08-07,25.490297317504883,26.441426872124286,25.30007104058528,25.965863009803893,1wk
2344.TW,2023-08-14,24.396495819091797,25.300069670540434,23.825817019236283,25.25251401887507,1wk
2344.TW,2023-08-21,24.491609573364258,25.10984404055993,23.873375106168584,24.539165226235358,1wk
2344.TW,2023-08-28,25.775636672973633,25.91830546534242,24.11115766878518,24.586723359978823,1wk
2344.TW,2023-09-04,25.395183563232422,26.25119995863432,25.347627910145015,25.49029669938581,1wk
2344.TW,2023-09-11,26.774322509765625,26.774322509765625,25.109843580160483,25.632964902043746,1wk
2344.TW,2023-09-18,25.985851287841797,27.908901810250185,25.7393050354768,27.613049343275474,1wk
2344.TW,2023-09-25,24.950361251831055,26.331013015646874,24.950361251831055,26.331013015646874,1wk
2344.TW,2023-10-02,27.070648193359375,27.267884432400944,24.950361469784283,25.147597708825852,1wk
2344.TW,2023-10-09,27.95821189880371,28.697846863162574,26.972030681382183,27.070648803124335,1wk
2344.TW,2023-10-16,25.914321899414062,27.60546847485763,25.566146337482596,27.55572965098585,1wk
2344.TW,2023-10-23,24.47187614440918,26.212761615491335,24.47187614440918,25.864584141791987,1wk
2344.TW,2023-10-30,25.21796989440918,25.86458411787309,24.6210944968215,24.720574045988542,1wk
2344.TW,2023-11-06,24.869792938232422,25.964064206997573,24.820054111321806,25.317449970086454,1wk
2344.TW,2023-11-13,27.50598907470703,28.649999106519548,24.96927109558299,25.267707835215987,1wk
2344.TW,2023-11-20,27.257291793823242,28.053126280397706,27.00859387253395,27.804428359108414,1wk
2344.TW,2023-11-27,27.95364761352539,29.147396534893378,26.660417243608464,27.406511030993936,1wk
2344.TW,2023-12-04,27.257291793823242,28.451042574977656,26.809636673951257,28.053126280397706,1wk
2344.TW,2023-12-11,28.401302337646484,28.79922053644138,27.20755343350558,27.406510635488434,1wk
2344.TW,2023-12-18,28.3515625,29.744270453850426,27.456250379482903,28.401301324367523,1wk
2344.TW,2023-12-25,30.29140853881836,31.634375838712636,28.00338645148089,28.451043483055397,1wk
2344.TW,2024-01-01,28.69974136352539,30.788804344966348,28.5505229857256,30.29140848735729,1wk
2344.TW,2024-01-08,27.804428100585938,29.047917695470556,27.55573018160901,28.89869742615277,1wk
2344.TW,2024-01-15,27.50598907470703,29.14739493751756,26.66041578252751,28.00338490570504,1wk
2344.TW,2024-01-22,27.854167938232422,28.749480099621255,27.4065109088307,27.704949560903387,1wk
2344.TW,2024-01-29,26.909114837646484,27.854167715532164,26.909114837646484,27.854167715532164,1wk
2344.TW,2024-02-05,26.95885467529297,27.058334221919086,26.759895582040734,26.85937512866685,1wk
2344.TW,2024-02-12,27.008594512939453,27.157812889768255,26.06354352808062,27.108074063296858,1wk
2344.TW,2024-02-19,27.50598907470703,28.05312562725355,27.058333965257532,27.50598907470703,1wk
2344.TW,2024-02-26,27.55573081970215,27.953647119796653,27.058334970230373,27.50599009630622,1wk
2344.TW,2024-03-04,27.45625114440918,28.55052238771162,26.958855297218488,28.00338581735311,1wk
2344.TW,2024-03-11,26.361980438232422,27.953647561155794,26.361980438232422,27.555731254778603,1wk
2344.TW,2024-03-18,27.35677146911621,28.003385687994225,25.91432275996062,26.361979779330166,1wk
2344.TW,2024-03-25,26.909114837646484,27.953647265427698,26.660416911614945,27.257292313573554,1wk
2344.TW,2024-04-01,26.560937881469727,27.655207181319188,26.411717615658894,27.257290899790792,1wk
2344.TW,2024-04-08,26.75989532470703,28.053125623581277,26.56093813078258,26.75989532470703,1wk
2344.TW,2024-04-15,25.26770782470703,26.710156492967144,24.820052715443712,26.461458577571573,1wk
2344.TW,2024-04-22,25.019010543823242,25.516406387228933,24.422135152253503,25.217969640151345,1wk
2344.TW,2024-04-29,25.068750381469727,26.01380131212336,25.068750381469727,25.367187118009927,1wk
2344.TW,2024-05-06,25.168228149414062,26.0635421581576,24.670832321185213,25.11848932555698,1wk
2344.TW,2024-05-13,25.21796989440918,25.81484529199686,25.068751519365904,25.367188269452452,1wk
2344.TW,2024-05-20,25.71536636352539,26.16302149946033,25.168229778607625,25.36718888174402,1wk
2344.TW,2024-05-27,24.869792938232422,26.41171934143698,24.869792938232422,25.964064206997573,1wk
2344.TW,2024-06-03,24.322656631469727,25.217968738091265,23.775520084846093,25.168228017081212,1wk
2344.TW,2024-06-10,24.52161407470703,24.720573165958356,23.874999874262006,24.47187525060146,1wk
2344.TW,2024-06-17,26.80963706970215,27.157812646715104,24.422135472150178,24.521615021617272,1wk
2344.TW,2024-06-24,25.421497344970703,26.657951322491684,24.729083345248696,26.657951322491684,1wk
2344.TW,2024-07-01,25.814844131469727,26.560937870559435,25.01900967132534,25.421496824215012,1wk
2344.TW,2024-07-08,25.665624618530273,26.113281634080327,25.01901040516929,25.964063261368494,1wk
2344.TW,2024-07-15,24.272916793823242,25.715365499563408,24.223177968417538,25.715365499563408,1wk
2344.TW,2024-07-22,23.327865600585938,24.3723961031852,23.07916768116568,24.272916555934184,1wk
2344.TW,2024-07-29,23.07916831970215,23.974480474902965,21.984897064494664,23.47708462230089,1wk
2344.TW,2024-08-05,22.780729293823242,23.57656378330451,21.288541760637248,22.18385390106593,1wk
2344.TW,2024-08-12,23.82526206970215,24.272917198052195,22.97968874182149,22.97968874182149,1wk
2344.TW,2024-08-19,23.278125762939453,24.024219549555553,23.079168558290597,23.825262344906697,1wk
2344.TW,2024-08-26,23.924739837646484,24.1734377648462,23.029427679210443,23.37760515677296,1wk
2344.TW,2024-09-02,21.288541793823242,24.073959665227928,21.139323419754945,24.024218942262117,1wk
2344.TW,2024-09-09,20.940364837646484,21.238803490536288,20.343491326696117,20.791146459908894,1wk
2344.TW,2024-09-16,20.343490600585938,20.990104812645967,19.99531313334914,20.542447797996573,1wk
2344.TW,2024-09-23,21.338281631469727,21.636718367224265,19.995312525745323,20.641926718156483,1wk
2344.TW,2024-09-30,20.74140739440918,21.63671954794466,20.592189018389032,21.08958487006592,1wk
2344.TW,2024-10-07,20.592187881469727,20.890624617032973,20.442967616273613,20.84088579357726,1d
2344.TW,2024-10-08,20.24401092529297,20.691666039699996,20.194270203193607,20.59218839033035,1d
2344.TW,2024-10-09,20.14453125,20.54244753718376,20.14453125,20.49270871281624,1d
2344.TW,2024-10-11,19.945571899414062,20.24401053399812,19.945571899414062,20.24401053399812,1d
2344.TW,2024-10-14,19.99531364440918,20.09479319436437,19.89583409445399,20.045052470679476,1d
2344.TW,2024-10-15,20.24401092529297,20.393229296761977,20.045051831724596,20.045051831724596,1d
2344.TW,2024-10-16,19.89583396911621,20.094793067773207,19.846095143159253,20.094793067773207,1d
2344.TW,2024-10-17,20.14453125,20.393229166666664,19.995312879482903,20.045051703850426,1d
2344.TW,2024-10-18,19.99531364440918,20.29375039686015,19.89583409445399,20.244011570589855,1d
2344.TW,2024-10-21,20.14453125,20.293749620517094,19.84609450896581,20.094792425632477,1d
2344.TW,2024-10-22,20.09479331970215,20.144532146282682,19.895834218550796,20.144532146282682,1d
2344.TW,2024-10-23,20.09479331970215,20.343491247434034,19.995313769126472,20.045052595707006,1d
2344.TW,2024-10-24,19.846094131469727,20.045051322569947,19.796353410633806,20.045051322569947,1d
2344.TW,2024-10-25,19.696874618530273,19.945572539963305,19.497917419832586,19.895833714642524,1d
2344.TW,2024-10-28,19.647136688232422,19.796355068406953,19.398438755469986,19.796355068406953,1d
2344.TW,2024-10-29,19.100000381469727,19.64713502835691,19.100000381469727,19.64713502835691,1d
2344.TW,2024-10-30,19.14974021911621,19.398438144039797,18.950781120211506,19.199479045135092,1d
2344.TW,2024-11-01,19.24921989440918,19.298958720753227,18.70208331755166,18.90104241775705,1d
2344.TW,2024-11-04,19.100000381469727,19.24921874903764,18.950780116487326,19.24921874903764,1d
2344.TW,2024-11-05,18.901042938232422,19.149740871630218,18.801563385390374,19.00052249107447,1d
2344.TW,2024-11-06,18.801563262939453,19.199479574301446,18.751824435549697,19.050261194717528,1d
2344.TW,2024-11-07,19.696874618530273,19.746615341265617,18.801562480854273,18.851303203589616,1d
2344.TW,2024-11-08,19.3984375,19.945572157700855,19.249219129482903,19.79635378718376,1d
2344.TW,2024-11-11,19.100000381469727,19.29895757242212,18.90104129310285,19.29895757242212,1d
2344.TW,2024-11-12,18.60260581970215,19.000522126010374,18.60260581970215,18.851303748321616,1d
2344.TW,2024-11-13,18.254426956176758,18.652343232316618,18.20468623577523,18.60260440932956,1d
2344.TW,2024-11-14,17.607812881469727,18.254427071457314,17.607812881469727,18.254427071457314,1d
2344.TW,2024-11-15,17.90625,18.055468370517094,17.657552083333332,17.657552083333332,1d
2344.TW,2024-11-18,17.707290649414062,17.955988562453108,17.607813002130044,17.9062497388111,1d
2344.TW,2024-11-19,17.90625,18.055468370517094,17.707290907700855,17.856511175632477,1d
2344.TW,2024-11-20,17.707290649414062,17.707290649414062,17.707290649414062,17.707290649414062,1d
2344.TW,2024-11-21,17.707290649414062,17.9062497388111,17.40885391273301,17.707290649414062,1d
2344.TW,2024-11-22,17.955989837646484,18.005730562235463,17.80677145870881,17.80677145870881,1d
2344.TW,2024-11-25,17.508333206176758,18.055467848045154,17.508333206176758,18.005729025116924,1d
2344.TW,2024-11-26,17.359115600585938,17.757031893690307,17.359115600585938,17.707291171168166,1d
2344.TW,2024-11-27,16.51354217529297,17.40885430281181,16.51354217529297,17.40885430281181,1d
2344.TW,2024-11-28,15.966405868530273,16.513542436581687,15.966405868530273,16.414062888080103,1d
2344.TW,2024-11-29,15.966405868530273,16.165364965533435,15.817187494485188,15.966405868530273,1d
2344.TW,2024-12-02,15.767448425292969,16.21510354051078,15.767448425292969,16.06588516877151,1d
2344.TW,2024-12-03,15.817187309265137,16.11562595127515,15.767448484304076,15.916666856601807,1d
2344.TW,2024-12-04,15.916666984558105,16.115626080830907,15.866927210489905,15.966405809919024,1d
2344.TW,2024-12-05,15.767448425292969,16.16536471573587,15.767448425292969,16.0161463439966,1d
2344.TW,2024-12-06,16.065885543823242,16.364324191683252,15.667969244091147,15.717709018734482,1d
2344.TW,2024-12-09,15.817187309265137,16.16536477623621,15.817187309265137,16.11562595127515,1d
2344.TW,2024-12-10,15.717708587646484,16.115625825172238,15.717708587646484,15.8669269587766,1d
2344.TW,2024-12-11,15.170573234558105,15.717708852431166,15.120833460441048,15.717708852431166,1d
2344.TW,2024-12-12,15.021354675292969,15.71770865820496,15.021354675292969,15.319791418892915,1d
2344.TW,2024-12-13,14.921875,15.12083314359188,14.72291685640812,15.12083314359188,1d
2344.TW,2024-12-16,14.374739646911621,15.021354810864327,14.324999872960293,15.021354810864327,1d
2344.TW,2024-12-17,14.822395324707031,15.170572784489696,14.673176955490034,14.673176955490034,1d
2344.TW,2024-12-18,15.51875114440918,15.817187900153453,14.971615511032498,15.021355286558979,1d
2344.TW,2024-12-19,15.618228912353516,15.817187055122828,15.071093308207463,15.120833081076606,1d
2344.TW,2024-12-20,14.921875,15.319791287183762,14.921875,15.319791287183762,1d
2344.TW,2024-12-23,15.120833396911621,15.469010865560886,15.120833396911621,15.170573170819699,1d
2344.TW,2024-12-24,15.51875114440918,15.916667451206417,15.27005321548408,15.27005321548408,1d
2344.TW,2024-12-25,15.51875114440918,15.717709297807799,15.369531817829735,15.667969522281316,1d
2344.TW,2024-12-26,15.369531631469727,15.667969332302667,15.319791856546354,15.518750956239845,1d
2344.TW,2024-12-27,15.170573234558105,15.419271156436107,15.07109368632399,15.419271156436107,1d
2344.TW,2024-12-30,14.921875,15.170572916666666,14.921875,15.170572916666666,1d
2344.TW,2024-12-31,14.722917556762695,14.87213593437796,14.573698230440122,14.822396158937103,1d
2344.TW,2025-01-02,14.424479484558105,14.722917180876626,14.424479484558105,14.52395903290004,1d
2344.TW,2025-01-03,14.324999809265137,14.772656824129333,14.324999809265137,14.523958904185791,1d
2344.TW,2025-01-06,14.722917556762695,14.822396158937103,14.325000301943142,14.523959403706574,1d
2344.TW,2025-01-07,14.573698043823242,15.46901114417223,14.573698043823242,15.021355068351385,1d
2344.TW,2025-01-08,14.424479484558105,14.673177406705658,14.374739710387137,14.673177406705658,1d
2344.TW,2025-01-09,13.628645896911621,14.474219208778118,13.628645896911621,14.424479434778803,1d
2344.TW,2025-01-10,13.72812557220459,14.076302096013702,13.678385797744063,13.72812557220459,1d
2344.TW,2025-01-13,13.280468940734863,13.628645449895396,13.131249623631279,13.578905677527535,1d
2344.TW,2025-01-14,13.479427337646484,13.628645708878393,13.330208017707308,13.379947791020367,1d
2344.TW,2025-01-15,13.578906059265137,13.77786515432983,13.230729540316474,13.479427460440066,1d
2344.TW,2025-01-16,13.927083969116211,14.32500027446518,13.67838604109628,13.827604418425317,1d
2344.TW,2025-01-17,13.976823806762695,14.076302409189706,13.777865653201363,13.877344255628374,1d
2344.TW,2025-01-20,14.026562690734863,14.225520831649469,13.877343373518471,14.225520831649469,1d
2344.TW,2025-01-21,14.076301574707031,14.225520892562372,13.927083205558944,13.976822978177392,1d
2344.TW,2025-01-22,14.275260925292969,14.275260925292969,13.976823232851652,14.175781378243439,1d
2344.TW,2025-02-03,14.225521087646484,14.523958778742589,13.92708339655038,14.523958778742589,1d
2344.TW,2025-02-04,13.976823806762695,14.325000338318198,13.827604480061215,14.225521735891187,1d
2344.TW,2025-02-05,14.126041412353516,14.523958646425616,14.076301639506095,14.126041412353516,1d
2344.TW,2025-02-06,14.424479484558105,14.474219258729073,14.126041788239585,14.175781562410553,1d
2344.TW,2025-02-07,14.275260925292969,14.42447929715999,14.175781378243439,14.374739523635228,1d
2344.TW,2025-02-10,14.17578125,14.225521023074785,13.97682310640812,14.126041476925213,1d
2344.TW,2025-02-11,14.17578125,14.474218939741451,14.17578125,14.27526079614957,1d
2344.TW,2025-02-12,14.47421932220459,14.623437696664594,14.175781624577294,14.225521398966391,1d
2344.TW,2025-02-13,15.916666984558105,15.916666984558105,14.374739680687583,14.523959002892184,1d
2344.TW,2025-02-14,17.06067657470703,17.40885403488769,15.469010489313082,16.41406237575125,1d
2344.TW,2025-02-17,18.453384399414062,18.60260466525709,16.76223972819992,17.060676465056975,1d
2344.TW,2025-02-18,18.65234375,19.249219129482903,18.00572954614957,18.35390700896581,1d
2344.TW,2025-02-19,19.100000381469727,19.54765548417347,18.552863837168058,18.90104129310285,1d
2344.TW,2025-02-20,18.851303100585938,19.14973984570909,17.607813500215215,19.10000102066008,1d
2344.TW,2025-02-21,18.75182342529297,19.398437633596615,18.204686866409467,18.60260505374821,1d
2344.TW,2025-02-24,18.75182342529297,18.85130297212765,18.304166413244154,18.5528643316236,1d
2344.TW,2025-02-25,19.000520706176758,19.39843698275028,17.955988345579982,18.20468625561524,1d
2344.TW,2025-02-26,18.50312614440918,19.54765667862466,18.45338542057083,18.801562897780858,1d
2344.TW,2025-02-27,18.60260581970215,18.950781401837713,18.353907891082677,18.60260581970215,1d
2344.TW,2025-03-03,18.60260581970215,18.851303748321616,18.055469238290545,18.304167166910016,1d
2344.TW,2025-03-04,18.453384399414062,18.453384399414062,18.055468117799823,18.20468648622835,1d
2344.TW,2025-03-05,18.702083587646484,19.00052224226461,18.254428451841243,18.40364683044299,1d
2344.TW,2025-03-06,18.055469512939453,18.85130403507628,18.055469512939453,18.80156331014699,1d
2344.TW,2025-03-07,18.154949188232422,18.60260622855196,17.95599008199826,18.05546963511534,1d
2344.TW,2025-03-10,18.901042938232422,19.44817763274171,18.801563385390374,18.851304110518726,1d
2344.TW,2025-03-11,19.000520706176758,19.05025952921802,18.254426976070977,18.5528637091475,1d
2344.TW,2025-03-12,20.890625,20.890625,18.702082574367523,18.950780491034187,1d
2344.TW,2025-03-13,20.592187881469727,21.984895809789027,20.29374924849199,21.288540896922132,1d
2344.TW,2025-03-14,20.84088706970215,21.03984427312199,20.244011664613414,20.890625896203456,1d
2344.TW,2025-03-17,20.343490600585938,21.43775992988081,20.194270330759775,21.03984363764499,1d
2344.TW,2025-03-18,20.24401092529297,20.840886308583542,19.995313007039773,20.542447668230988,1d
2344.TW,2025-03-19,20.393230438232422,20.990105854931908,20.194271333527713,20.343491610763564,1d
2344.TW,2025-03-20,20.99010467529297,21.089584222054597,20.442968116811283,20.592188385660993,1d
2344.TW,2025-03-21,20.940364837646484,21.487501419237145,20.39323015347044,20.990105561835428,1d
2344.TW,2025-03-24,19.846094131469727,20.890624602635718,19.846094131469727,20.791145058378365,1d
2344.TW,2025-03-25,19.24921989440918,20.293750426950965,19.10000151796244,20.094793224160178,1d
2344.TW,2025-03-26,19.34869956970215,19.84609542601928,19.2492200189558,19.448177223033884,1d
2344.TW,2025-03-27,19.14974021911621,19.74661561841574,19.00052184364498,19.00052184364498,1d
2344.TW,2025-03-28,18.60260581970215,19.298958881387893,18.403646717840726,19.19947933045718,1d
2344.TW,2025-03-31,17.458593368530273,18.254427857520145,17.25963616934373,17.70729129057438,1d
2344.TW,2025-04-01,18.00572967529297,18.10520922215604,17.707291034703747,17.856511303705627,1d
2344.TW,2025-04-02,18.60260581970215,18.751824197390906,17.707291758740364,18.055469238290545,1d
2344.TW,2025-04-07,16.762239456176758,16.762239456176758,16.762239456176758,16.762239456176758,1d
2344.TW,2025-04-08,15.120833396911621,15.966405758519828,15.120833396911621,15.270052718635855,1d
2344.TW,2025-04-09,13.628645896911621,14.722917130067408,13.628645896911621,14.474219208778118,1d
2344.TW,2025-04-10,14.971614837646484,14.971614837646484,14.971614837646484,14.971614837646484,1d
2344.TW,2025-04-11,15.22031307220459,15.369531446471315,13.52916738611681,14.126041831890992,1d
2344.TW,2025-04-14,15.817187309265137,16.21510360119727,15.618229163299068,15.618229163299068,1d
2344.TW,2025-04-15,16.215103149414062,16.41406223854403,15.916666413133605,16.165364325838816,1d
2344.TW,2025-04-16,15.469011306762695,16.115626488595684,15.419271531435957,16.115626488595684,1d
2344.TW,2025-04-17,15.319791793823242,15.667969268154028,15.120833643651634,15.419271343262693,1d
2344.TW,2025-04-18,15.817187309265137,16.31458314853394,15.31979146999633,15.369531243664666,1d
2344.TW,2025-04-21,15.270052909851074,15.966405958454946,15.220313135320144,15.817187583569444,1d
2344.TW,2025-04-22,15.319791793823242,16.165365117936695,15.17057341837136,15.319791793823242,1d
2344.TW,2025-04-23,15.51875114440918,16.065885829078553,15.51875114440918,16.01614700225938,1d
2344.TW,2025-04-24,15.319791793823242,15.767448817593479,15.319791793823242,15.618229493434303,1d
2344.TW,2025-04-25,15.717708587646484,15.8669269587766,15.518750443237241,15.667968814367356,1d
2344.TW,2025-04-28,15.618228912353516,15.916666600861113,15.518750315322489,15.817187055122828,1d
2344.TW,2025-04-29,15.866927146911621,15.916666920780516,15.618229226274426,15.667969000143321,1d
2344.TW,2025-04-30,15.66796875,16.06588503718376,15.618228976925213,15.96640549103419,1d
2344.TW,2025-05-02,15.866927146911621,16.165364841417713,15.817187373042726,15.916666920780516,1d
2344.TW,2025-05-05,15.369531631469727,16.016146808058977,15.170573480483535,16.016146808058977,1d
2344.TW,2025-05-06,15.618228912353516,15.717708458091801,15.170572853945748,15.220312626814891,1d
2344.TW,2025-05-07,15.469011306762695,15.717709234689082,15.369531756109218,15.667969459362343,1d
2344.TW,2025-05-08,15.51875114440918,16.115626553312346,15.51875114440918,15.76744907333428,1d
2344.TW,2025-05-09,15.469011306762695,15.76744901001582,15.31979198078248,15.717709234689082,1d
2344.TW,2025-05-12,16.463802337646484,16.56328188991861,15.667969714298753,15.717709490434817,1d
2344.TW,2025-05-13,17.80677032470703,18.105208960991323,16.712499119826983,17.010937756111275,1d
2344.TW,2025-05-14,18.055469512939453,18.25442861782732,17.607814373063718,17.757032753022298,1d
2344.TW,2025-05-15,18.00572967529297,18.80156225536848,17.80677058156682,18.353907140606456,1d
2344.TW,2025-05-16,17.85651206970215,18.10520999882104,17.707291794299117,18.005730447690556,1d
2344.TW,2025-05-19,17.65755271911621,18.05546902062746,17.60781389295778,17.856511818579133,1d
2344.TW,2025-05-20,18.453384399414062,18.702082312599774,17.856510925699954,18.055468117799823,1d
2344.TW,2025-05-21,18.055469512939453,18.602606102673768,18.00573068542481,18.503126550229833,1d
2344.TW,2025-05-22,17.75703239440918,18.05546914829924,17.60781401746415,18.0057303217891,1d
2344.TW,2025-05-23,17.65755271911621,18.005730194469027,17.65755271911621,17.856511818579133,1d
2344.TW,2025-05-26,17.359115600585938,17.707291171168166,17.209895330434065,17.657552346060577,1d
2344.TW,2025-05-27,17.25963592529297,17.55807266856018,17.110417553659364,17.359115472186886,1d
2344.TW,2025-05-28,17.309375762939453,17.955990009466554,17.209896210224212,17.707292076385773,1d
2344.TW,2025-05-29,17.607812881469727,17.806770072088877,17.309374249419275,17.50833333745291,1d
2344.TW,2025-06-02,16.811979293823242,17.458593517159795,16.762240467956808,17.40885469129336,1d
2344.TW,2025-06-03,16.613021850585938,17.110417691652408,16.613021850585938,17.010938143956203,1d
2344.TW,2025-06-04,17.558073043823242,17.906250516686168,16.861719995511972,16.911458821314714,1d
2344.TW,2025-06-05,18.00572967529297,18.503125512193797,17.607813385255213,17.757031756842554,1d
2344.TW,2025-06-06,18.254426956176758,18.304165779163814,17.906249503023954,18.005729046412537,1d
2344.TW,2025-06-09,18.304166793823242,18.702083092020896,18.204687244920184,18.353907516982062,1d
2344.TW,2025-06-10,18.702083587646484,19.199479447928727,18.353908003380617,18.503126381982366,1d
2344.TW,2025-06-11,18.702083587646484,19.149740620866353,18.552865209044736,19.00052224226461,1d
2344.TW,2025-06-12,18.702083587646484,18.80156313918586,18.503126381982366,18.702083587646484,1d
2344.TW,2025-06-13,18.353906631469727,18.602604543021272,18.105208719918185,18.602604543021272,1d
2344.TW,2025-06-16,18.304166793823242,18.5528647173736,18.055468870272886,18.4036463427263,1d
2344.TW,2025-06-17,18.65234375,18.901041666666664,18.453384657700855,18.453384657700855,1d
2344.TW,2025-06-18,19.547657012939453,19.74661611686635,18.75182439206114,18.801563219335545,1d
2344.TW,2025-06-19,19.49791717529297,20.194270208123175,19.050260163362125,19.895833465112307,1d
2344.TW,2025-06-20,18.851303100585938,19.64713568585738,18.70208283060981,19.4979173132958,1d
2344.TW,2025-06-23,19.49791717529297,19.547655999989935,18.403645955228885,18.453384779925848,1d
2344.TW,2025-06-24,19.945571899414062,21.1393226429213,19.746614707105856,19.99531262055199,1d
2344.TW,2025-06-25,20.14453125,20.890625,19.945572157700855,20.094792425632477,1d
2344.TW,2025-06-26,20.74140739440918,21.388021622106216,20.39322991875244,20.641927844590885,1d
2344.TW,2025-06-27,21.039844512939453,21.586981097763278,20.59218937708137,21.089585237422323,1d
2344.TW,2025-06-30,20.04505157470703,21.18906160452033,20.04505157470703,21.139322780473254,1d
2344.TW,2025-07-01,19.746614456176758,20.343489820345614,19.69687373567091,20.04505118955395,1d
2344.TW,2025-07-02,19.448177337646484,19.995313921268497,19.398438510687495,19.796354818603287,1d
2344.TW,2025-07-03,19.647136688232422,19.746616240820323,19.398438755469986,19.448177583056612,1d
2344.TW,2025-07-04,19.050260543823242,19.79635431366552,18.85130334364738,19.79635431366552,1d
2344.TW,2025-07-07,19.000520706176758,19.19947789575628,18.751822796141496,18.95077998572102,1d
2344.TW,2025-07-08,18.801563262939453,19.199479574301446,18.702083710745296,19.00052236732777,1d
2344.TW,2025-07-09,18.851303100585938,19.05026029819652,18.70208283060981,18.75182355307337,1d
2344.TW,2025-07-10,18.40364646911621,18.901042319632865,18.304166919529962,18.901042319632865,1d
2344.TW,2025-07-11,18.353906631469727,18.503124998917755,17.906249631711155,18.304165910710726,1d
2344.TW,2025-07-14,18.154949188232422,18.453385950169007,18.10521036038121,18.304167569200715,1d
2344.TW,2025-07-15,17.80677032470703,18.304166154433005,17.60781313126535,18.20468660900491,1d
2344.TW,2025-07-16,17.558073043823242,18.05546889150897,17.5083342180205,18.05546889150897,1d
2344.TW,2025-07-17,17.80677032470703,18.005729415563227,17.458592864415944,17.558072409844044,1d
2344.TW,2025-07-18,17.558073043823242,17.95598934248891,17.558073043823242,17.906250516686168,1d
2344.TW,2025-07-21,17.309375762939453,17.65755324873548,17.309375762939453,17.60781442108518,1d
2344.TW,2025-07-22,17.06067657470703,17.55807240427525,17.06067657470703,17.35911521089667,1d
2344.TW,2025-07-23,17.508333206176758,17.657551572375915,17.16015575343575,17.16015575343575,1d
2344.TW,2025-07-24,17.25963592529297,17.657552215454096,17.060676831505134,17.60781339071441,1d
2344.TW,2025-07-25,17.359115600585938,17.508333973323257,17.209895330434065,17.259636052956207,1d
2344.TW,2025-07-28,17.408855438232422,17.657553373064314,17.259637056816217,17.408855438232422,1d
2344.TW,2025-07-29,17.309375762939453,17.90625118181626,17.309375762939453,17.60781442108518,1d
2344.TW,2025-07-30,17.75703239440918,17.80677122091932,17.16015698921445,17.309375366159482,1d
2344.TW,2025-07-31,17.25963592529297,17.707291040193784,17.25963592529297,17.60781339071441,1d
2344.TW,2025-08-04,17.25963592529297,17.359115472186886,17.010938006765446,17.309374750032656,1d
2344.TW,2025-08-05,17.508333206176758,17.85651065891777,17.359114839977604,17.45859248583406,1d
2344.TW,2025-08-06,16.961196899414062,17.458592725173002,16.961196899414062,17.408853901562907,1d
2344.TW,2025-08-07,16.4140625,17.16015625,16.4140625,17.060676703850426,1d
2344.TW,2025-08-08,17.359115600585938,17.955989091535216,16.662760664592376,16.662760664592376,1d
2344.TW,2025-08-11,17.309375762939453,17.558073696020234,17.259636935289155,17.50833486836994,1d
2344.TW,2025-08-12,18.353906631469727,18.503124998917755,17.607812896815094,17.607812896815094,1d
2344.TW,2025-08-13,18.00572967529297,18.75182343064421,18.00572967529297,18.65234388378114,1d
2344.TW,2025-08-14,17.90625,18.30416628718376,17.90625,18.055468370517094,1d
2344.TW,2025-08-15,18.304166793823242,18.353907516982062,17.657552572075236,18.005730044528647,1d
2344.TW,2025-08-18,19.000520706176758,19.24921861621202,18.05546788907698,18.4533841656505,1d
2344.TW,2025-08-19,18.50312614440918,19.149740374990884,18.45338542057083,19.05026082472879,1d
2344.TW,2025-08-20,17.90625,18.503125379482903,17.856511175632477,18.35390700896581,1d
2344.TW,2025-08-21,18.304166793823242,18.4036463427263,17.95598932136983,18.005730044528647,1d
2344.TW,2025-08-22,18.105209350585938,18.3539072708005,17.95598908052556,18.204687000740122,1d
2344.TW,2025-08-25,18.304166793823242,18.652344266276657,18.304166793823242,18.353907516982062,1d
2344.TW,2025-08-26,18.65234375,18.801562120517094,18.204686741034187,18.35390700896581,1d
2344.TW,2025-08-27,19.696874618530273,19.895833714642524,18.901042028910396,18.95078085423118,1d
2344.TW,2025-08-28,19.49791717529297,19.945572289809274,19.49791717529297,19.796353918303836,1d
2344.TW,2025-08-29,19.597396850585938,20.442968260465317,19.597396850585938,19.696874500632063,1d
2344.TW,2025-09-01,20.194271087646484,20.24401181192435,19.497918024487934,19.597397575629046,1d
2344.TW,2025-09-02,19.846094131469727,20.542447146442225,19.696873866376453,20.39322877876344,1d
2344.TW,2025-09-03,19.99531364440918,20.442968773085635,19.7963545444988,19.846095268183696,1d
2344.TW,2025-09-04,20.393230438232422,20.691667197874843,20.194271333527713,20.293750885880065,1d
2344.TW,2025-09-05,22.432552337646484,22.432552337646484,20.492709638472455,20.542448465086682,1d
2344.TW,2025-09-08,24.47187614440918,24.670833345512676,22.631511124067988,24.52161497033141,1d
2344.TW,2025-09-09,24.422134399414062,24.770311858548,23.57656300962172,24.27291603047509,1d
2344.TW,2025-09-10,24.820053100585938,25.566146858350066,24.37239608696164,24.72057355340114,1d
2344.TW,2025-09-11,24.869792938232422,26.46146006576222,24.571356181939482,25.566147899468778,1d
2344.TW,2025-09-12,25.31744956970215,26.41171892374729,24.770312995264987,26.013802622511367,1d
2344.TW,2025-09-15,26.660415649414062,26.958854284971498,25.56614634461366,26.80963591590003,1d
2344.TW,2025-09-16,27.804428100585938,28.749479054249523,25.615885654623188,26.36197941155396,1d
2344.TW,2025-09-17,29.246875762939453,29.644792065666362,27.157812801854934,27.95364730472335,1d
2344.TW,2025-09-18,32.131771087646484,32.131771087646484,30.092448865635376,30.092448865635376,1d
2344.TW,2025-09-19,33.325523376464844,34.121356011563805,32.3307316338838,33.822919247755365,1d
2344.TW,2025-09-22,34.071617126464844,35.116147695463596,33.2260456646157,33.623960084085574,1d
2344.TW,2025-09-23,36.26015853881836,36.658072945376006,34.71823214939541,34.81770980232752,1d
2344.TW,2025-09-24,35.016666412353516,35.86223778662023,34.12135242032964,35.81249896369199,1d
2344.TW,2025-09-25,33.226043701171875,35.51406381111182,33.027084605779464,34.021876287912406,1d
2344.TW,2025-09-26,31.23645782470703,33.027083955752616,31.037500630644978,32.778386040114164,1d
2344.TW,2025-09-30,33.872657775878906,33.972139226153416,32.778388386664396,33.8229189481563,1d
2344.TW,2025-10-01,33.623958587646484,35.01666848088162,33.02708508759095,33.22604418588585,1d
2344.TW,2025-10-02,35.8125,36.30989583333333,34.86744715770085,35.8125,1d
2344.TW,2025-10-03,38.59791564941406,39.04557265538427,35.165883663414476,35.61354066938469,1d
2344.TW,2025-10-07,42.4278678894043,42.4278678894043,40.53776212514675,40.53776212514675,1d
2344.TW,2025-10-08,41.03515625,41.93047026793162,39.14505056540171,41.73151117563248,1d
2344.TW,2025-10-09,43.223697662353516,44.11900786446762,41.482812286497854,42.676563017478955,1d
2344.TW,2025-10-13,42.77604293823242,43.57187553625696,40.13984342527015,40.13984342527015,1d
2344.TW,2025-10-14,40.48802185058594,45.312759946766285,39.94088718939472,44.66614763620542,1d
2344.TW,2025-10-15,39.79166793823242,41.43307575861618,39.095312990347516,41.23411665995918,1d
2344.TW,2025-10-16,43.770835876464844,43.770835876464844,40.885938357584315,40.885938357584315,1d
2344.TW,2025-10-17,43.72109603881836,44.71588774029396,43.323177840296445,43.7708348649263,1d
2344.TW,2025-10-20,46.10859298706055,47.750000781868934,43.820572875228486,45.362499224843845,1d
2344.TW,2025-10-21,44.367706298828125,45.51171822010667,44.367706298828125,45.461979396318256,1d
2344.TW,2025-10-22,45.21328353881836,45.21328353881836,43.47239806324648,43.47239806324648,1d
2344.TW,2025-10-23,46.05885314941406,46.257812240597495,44.46718800960468,44.715885924876716,1d
2344.TW,2025-10-27,50.6348991394043,50.6348991394043,49.93854418918049,50.6348991394043,1d
2344.TW,2025-10-28,53.71875,54.21614583333333,50.634897351264954,50.634897351264954,1d
2344.TW,2025-10-29,53.71875,54.21614583333333,51.62968901793162,54.11666818459828,1d
2344.TW,2025-10-30,54.91250228881836,56.70312657973902,53.1218779978977,55.409898136009055,1d
2344.TW,2025-10-31,53.91770935058594,54.91250102201804,53.22135442161765,54.91250102201804,1d
2344.TW,2025-11-03,56.305206298828125,57.20052030854566,54.81301881251824,55.210936993465815,1d
2344.TW,2025-11-04,53.022396087646484,56.50416698751784,52.723959340909055,56.50416698751784,1d
2344.TW,2025-11-05,55.708335876464844,55.708335876464844,48.34687568914316,48.34687568914316,1d
2344.TW,2025-11-06,58.692710876464844,58.692710876464844,57.697919166694255,58.29479267462492,1d
2344.TW,2025-11-07,57.797393798828125,58.89166689927865,57.29999796994035,58.195311979869956,1d
2344.TW,2025-11-10,63.56719207763672,63.56719207763672,60.48333548563612,61.080212791263286,1d
2344.TW,2025-11-11,64.1640625,65.75572764873505,64.1640625,64.56198068459828,1d
2344.TW,2025-11-12,64.4625015258789,65.5567708156482,62.67187353195974,62.771351178364604,1d
2344.TW,2025-11-13,63.865623474121094,68.74010427396745,61.37864804348355,65.65625155232041,1d
2344.TW,2025-11-14,59.985939025878906,61.8760447824707,58.79218822144352,59.68750227347736,1d
2344.TW,2025-11-17,65.85520935058594,65.95469459510198,64.76093996783646,65.95469459510198,1d
2344.TW,2025-11-18,61.0802116394043,66.35260307329342,59.28958355111995,66.15364776999887,1d
2344.TW,2025-11-19,59.09062957763672,61.080213013990424,57.79739730814342,59.1901072315227,1d
2344.TW,2025-11-20,57.69791793823242,63.56719041884634,53.221355339576455,63.06979457455123,1d
2344.TW,2025-11-21,51.92812728881836,52.922918984792545,51.92812728881836,51.92812728881836,1d
2344.TW,2025-11-24,54.31562423706055,55.210938267437115,52.02760413088933,52.7239590662012,1d
2344.TW,2025-11-25,57.200523376464844,59.09062914509711,55.608858156964466,58.79218859596522,1d
2344.TW,2025-11-26,53.320831298828125,57.498957017316144,52.42552108439934,56.70312445065867,1d
2344.TW,2025-11-27,56.6036491394043,56.703126791281896,54.415106644634605,54.91250249368093,1d
2344.TW,2025-11-28,57.69791793823242,59.19010547111774,55.50937546436813,57.001562997253444,1d
2344.TW,2025-12-01,57.29999923706055,58.69270910667603,56.00677081231995,57.59843977685608,1d
2344.TW,2025-12-02,56.305206298828125,58.59323014703317,55.807810470058165,58.59323014703317,1d
2344.TW,2025-12-03,55.509376525878906,58.19531489540175,55.210939772560636,57.001564087299464,1d
2344.TW,2025-12-04,57.498958587646484,58.593231717161146,53.42031420036861,54.713542630859465,1d
2344.TW,2025-12-05,61.478126525878906,62.47291822951718,56.106253603129794,57.79739646345149,1d
2344.TW,2025-12-08,67.54635620117188,67.54635620117188,63.16927131643234,63.16927131643234,1d
2344.TW,2025-12-09,70.92864990234375,71.22708285289586,66.55156498732215,70.63020936213341,1d
2344.TW,2025-12-10,67.1484375,73.01770985126495,66.94948220252991,70.63020833333333,1d
2344.TW,2025-12-11,68.04375457763672,70.13281565364333,67.14844051944576,69.23750159545237,1d
2344.TW,2025-12-12,74.21145629882812,74.80832977674177,68.143228692333,68.83957981828924,1d
2344.TW,2025-12-15,70.72969055175781,72.42084104814752,68.6406294347198,71.62500462753371,1d
2344.TW,2025-12-16,70.23229217529297,71.52552441513919,68.44167167741935,69.63541867600176,1d
2344.TW,2025-12-17,73.51510620117188,74.01250203800029,69.83437245484669,70.92864936759572,1d
2344.TW,2025-12-18,74.11198425292969,77.39480001409069,73.51511072989821,74.60938012039901,1d
2344.TW,2025-12-19,70.92864990234375,77.09635528965268,70.8291646625015,76.49948179889023,1d
2344.TW,2025-12-22,72.71926879882812,74.60937446999972,72.42083585474296,73.51510516237134,1d
2344.TW,2025-12-23,72.61979675292969,74.01250670173951,72.02292322905652,73.61458848927118,1d
2344.TW,2025-12-24,76.49948120117188,76.79791414939223,72.12239632035003,73.21666564314096,1d
2344.TW,2025-12-26,76.1015625,78.6880193154017,75.60416666666666,77.59375,1d
2344.TW,2025-12-29,76.49948120117188,77.49427287455602,75.20624898990924,76.49948120117188,1d
2344.TW,2025-12-30,83.2640609741211,83.960419707211,76.79791502352494,76.79791502352494,1d
2344.TW,2025-12-31,82.16979217529297,86.04948128890956,81.7718739808808,83.66197971209486,1d
2344.TW,2026-01-02,90.32708740234375,90.32708740234375,81.67239524955787,82.66718692760281,1d
2344.TW,2026-01-05,95.00260925292969,96.29584152469684,91.12292002728671,94.5052133929667,1d
2344.TW,2026-01-06,103.45833587646484,103.95573172202477,94.50521065638615,95.30104704514535,1d
2344.TW,2026-01-07,105.9453125,109.92447916666666,103.95572916666666,108.43229166666666,1d
2344.TW,2026-01-08,107.93489837646484,108.92969006657052,103.45833577098935,104.95052330614784,1d
2344.TW,2026-01-09,97.2906265258789,102.96093590201049,97.1911412890298,102.96093590201049,1d
2344.TW,2026-01-12,101.46875,101.96614583333333,95.99739583333333,97.58906098206837,1d
2344.TW,2026-01-13,99.28021240234375,103.95573024846904,97.98698018635598,103.95573024846904,1d
2344.TW,2026-01-14,99.28021240234375,99.97656354039366,98.4843760248654,98.4843760248654,1d
2344.TW,2026-01-15,98.68333435058594,99.47917075246906,98.58385669776516,99.28021544682748,1d
2344.TW,2026-01-16,105.9453125,107.4375,99.9765625,101.46875,1d
2344.TW,2026-01-19,115.89323425292969,116.39063010809247,114.40104668744132,114.40104668744132,1d
2344.TW,2026-01-20,112.41146087646484,113.90364841022323,104.95052320767293,104.95052320767293,1d
2344.TW,2026-01-21,104.95052337646484,111.41666936648402,102.4635441495344,111.41666936648402,1d
2344.TW,2026-01-22,103.95573425292969,112.90885969098105,103.95573425292969,112.90885969098105,1d
2344.TW,2026-01-23,102.46354675292969,106.44271361712114,98.88229809308909,106.44271361712114,1d
2344.TW,2026-01-26,112.41146087646484,112.41146087646484,106.44271074143131,106.44271074143131,1d
2344.TW,2026-01-27,114.8984375,119.87239583333333,109.42708333333333,112.90885416666666,1d
2344.TW,2026-01-28,126.33854675292969,126.33854675292969,119.37500480591783,119.87240065927581,1d
2344.TW,2026-01-29,129.3229217529297,135.29167198768027,123.35417151817909,132.30729687030498,1d
2344.TW,2026-01-30,127.83073425292969,135.29167204979328,127.83073425292969,131.8099010779236,1d
2344.TW,2026-02-02,115.39583587646484,121.86198185230124,115.39583587646484,120.86719016371102,1d
2344.TW,2026-02-03,104.95052337646484,122.85677381036406,103.95573168569267,122.85677381036406,1d
2344.TW,2026-02-04,107.93489837646484,110.91927344678184,103.95573161604219,104.45312746109502,1d
2344.TW,2026-02-05,101.96614837646484,106.94010683385336,100.47396083924828,101.96614837646484,1d
2344.TW,2026-02-06,97.2906265258789,101.46874842516976,94.50520686657968,99.47916512271546,1d
2344.TW,2026-02-09,106.94010925292969,106.94010925292969,100.47396311205488,105.44792168195858,1d
2344.TW,2026-02-10,102.9609375,108.43229166666666,101.96614583333333,107.4375,1d
2344.TW,2026-02-11,104.95052337646484,108.43229429416748,100.97135661337613,100.97135661337613,1d
2344.TW,2026-02-23,114.40104675292969,115.39583846382473,111.9140674756921,113.90365089748218,1d
2344.TW,2026-02-24,121.36458587646484,122.85677340773285,112.41146068885678,114.40104406388079,1d
2344.TW,2026-02-25,117.38542175292969,123.35417201155323,114.40104662361792,121.36458859201205,1d
2344.TW,2026-02-26,121.86198425292969,123.35417181521046,115.395838149713,118.87760912836814,1d
2344.TW,2026-03-02,123.8515625,126.33854166666666,114.40104166666666,114.40104166666666,1d
2344.TW,2026-03-03,111.9140625,124.34895833333333,111.9140625,124.34895833333333,1d
2344.TW,2026-03-04,103.45833587646484,108.92969017762404,101.46875249422513,105.44791925870454,1d
2344.TW,2026-03-05,111.41667175292969,113.40625517708915,108.43229661669051,112.90885932104929,1d
2344.TW,2026-03-06,105.9453125,112.41145833333333,104.95052083333333,109.42708333333333,1d
2344.TW,2026-03-09,100.47396087646484,100.47396087646484,95.40052476598095,95.40052476598095,1d
2344.TW,2026-03-10,104.95052337646484,108.43229429416748,100.97135661337613,107.4375026033953,1d
2344.TW,2026-03-11,113.40625,114.40104166666666,106.94010416666666,108.43229166666666,1d
2344.TW,2026-03-12,108.43229675292969,116.88802631623155,108.43229675292969,113.90365117624265,1d
2344.TW,2026-03-13,108.43229675292969,113.90365117624265,107.43750503960005,108.43229675292969,1d
2344.TW,2026-03-16,116.390625,117.38541666666666,112.41145833333333,112.90885416666666,1d
2344.TW,2026-03-17,122.85677337646484,125.3437525946119,118.87760662742954,120.8671900019472,1d
2344.TW,2026-03-18,127.33333587646484,128.82552340626717,119.87239822745323,128.32812756299973,1d
2344.TW,2026-03-19,121.36458587646484,124.84635678275686,119.37500250144082,122.85677340773285,1d
2344.TW,2026-03-20,109.42708587646484,123.85156537836248,109.42708587646484,123.35416953346946,1d
2344.TW,2026-03-23,106.94010925292969,108.92969268089116,102.96094239700672,102.96094239700672,1d
2344.TW,2026-03-24,98.98177337646484,108.92969029872262,96.4947941459004,108.92969029872262,1d
2344.TW,2026-03-25,97.68853759765625,102.4635405830194,97.58905994997328,98.48437395843611,1d
2344.TW,2026-03-26,95.5,103.95572916666666,95.5,99.47916666666666,1d
2344.TW,2026-03-27,92.4000015258789,92.4000015258789,87.19999694824219,90.19999694824219,1d
2344.TW,2026-03-30,93.0,96.80000305175781,90.5999984741211,91.19999694824219,1d
2344.TW,2026-03-31,90.19999694824219,95.5,85.19999694824219,88.0,1d
2344.TW,2026-04-01,93.0999984741211,97.19999694824219,91.30000305175781,97.0999984741211,1d
2344.TW,2026-04-02,91.80000305175781,97.5999984741211,91.80000305175781,96.0,1d
2344.TW,2026-04-07,89.4000015258789,95.80000305175781,89.0999984741211,95.0,1d
2344.TW,2026-04-08,95.5999984741211,95.80000305175781,92.19999694824219,93.0999984741211,1d
2344.TW,2026-04-09,91.0,96.19999694824219,90.30000305175781,96.0,1d
2344.TW,2026-04-10,93.5,97.5,92.30000305175781,93.0,1d
2344.TW,2026-04-13,94.4000015258789,95.19999694824219,91.5,93.80000305175781,1d
2344.TW,2026-04-14,93.5,98.0,93.5,96.80000305175781,1d
2344.TW,2026-04-15,90.19999694824219,96.5999984741211,90.0999984741211,95.5999984741211,1d
2344.TW,2026-04-16,89.5999984741211,90.9000015258789,88.30000305175781,90.5999984741211,1d
2344.TW,2026-04-17,87.80000305175781,90.69999694824219,86.80000305175781,90.0,1d
2344.TW,2026-04-20,85.69999694824219,88.4000015258789,83.80000305175781,87.5,1d
2344.TW,2026-04-21,91.0999984741211,92.80000305175781,88.0,88.0999984741211,1d
2344.TW,2026-04-22,90.5999984741211,91.5,88.9000015258789,91.5,1d
2344.TW,2026-04-23,87.80000305175781,93.4000015258789,84.30000305175781,93.0,1d
2344.TW,2026-04-24,88.19999694824219,88.9000015258789,84.0,88.5999984741211,1d
2344.TW,2026-04-27,93.9000015258789,95.5999984741211,89.0999984741211,89.80000305175781,1d
2344.TW,2026-04-28,95.5,96.9000015258789,93.5,95.30000305175781,1d
2344.TW,2026-04-29,92.69999694824219,96.0,92.0999984741211,94.5,1d
2344.TW,2026-04-30,89.80000305175781,94.5999984741211,88.80000305175781,94.19999694824219,1d
2344.TW,2026-05-04,95.4000015258789,98.4000015258789,91.0999984741211,91.9000015258789,1d
2344.TW,2026-05-05,98.80000305175781,100.5,96.5999984741211,96.80000305175781,1d
2344.TW,2026-05-06,108.5,108.5,104.0,108.5,1d
2344.TW,2026-05-07,114.0,117.0,106.5,113.0,1d
2344.TW,2026-05-08,107.0,115.0,103.5,111.0,1d
2344.TW,2026-05-11,117.5,117.5,113.0,115.0,1d
2344.TW,2026-05-12,121.5,123.5,116.0,118.5,1d
2344.TW,2026-05-13,122.0,122.0,115.0,117.0,1d
2344.TW,2026-05-14,134.0,134.0,124.5,127.0,1d
2344.TW,2026-05-15,129.5,136.5,127.5,132.5,1d
2344.TW,2026-05-18,130.5,134.0,119.0,126.0,1d
2344.TW,2026-05-19,117.5,127.0,117.5,125.0,1d
2344.TW,2026-05-20,115.5,119.0,112.0,117.5,1d
2344.TW,2026-05-21,114.0,122.5,113.5,120.0,1d
2344.TW,2026-05-22,125.0,125.0,115.5,116.5,1d
2344.TW,2026-05-25,128.5,133.0,119.0,120.5,1d
2344.TW,2026-05-26,141.0,141.0,133.0,133.5,1d
2344.TW,2026-05-27,155.0,155.0,146.0,155.0,1d
2344.TW,2026-05-28,144.0,156.5,142.0,151.0,1d
2344.TW,2026-05-29,158.0,158.0,151.0,155.0,1d
2344.TW,2026-06-01,168.0,173.5,166.0,168.0,1d
2344.TW,2026-06-02,184.5,184.5,171.5,174.0,1d
2344.TW,2026-06-03,177.5,193.0,177.0,188.0,1d
2344.TW,2026-06-04,179.5,188.0,175.0,175.0,1d
2344.TW,2026-06-05,162.0,172.5,162.0,169.0,1d
2344.TW,2026-06-08,154.0,157.0,146.0,146.0,1d
2344.TW,2026-06-09,156.5,161.0,153.5,160.5,1d
2344.TW,2026-06-10,149.0,163.5,148.0,152.0,1d
2344.TW,2026-06-11,156.5,162.5,149.0,154.0,1d
2344.TW,2026-06-12,172.0,172.0,166.0,169.5,1d
2344.TW,2026-06-15,189.0,189.0,175.0,179.5,1d
2344.TW,2026-06-16,197.0,201.0,191.5,198.5,1d
2344.TW,2026-06-17,199.0,199.0,186.5,195.0,1d
2344.TW,2026-06-18,218.5,218.5,201.5,203.5,1d
2344.TW,2026-06-22,222.0,233.5,219.0,229.5,1d
2344.TW,2026-06-23,211.5,222.0,205.5,219.0,1d
2344.TW,2026-06-24,205.0,217.0,201.0,208.5,1d
2344.TW,2026-06-25,219.5,222.5,211.0,219.5,1d
2344.TW,2026-06-26,206.5,225.0,203.0,220.0,1d
2344.TW,2026-06-29,203.0,212.5,201.0,209.0,1d
2344.TW,2026-06-30,207.5,210.5,197.5,209.0,1d
2344.TW,2026-07-01,190.0,207.5,188.0,207.0,1d
2344.TW,2026-07-02,183.5,186.0,176.0,176.0,1d
2344.TW,2026-07-03,184.5,188.0,177.0,180.5,1d
2344.TW,2026-07-06,183.0,200.0,183.0,191.0,1d
2344.TW,2026-07-07,174.0,186.0,172.0,184.0,1d
2344.TW,2026-07-08,168.5,181.5,165.0,177.5,1d
2344.TW,2026-07-09,176.5,184.0,170.0,173.5,1d
2344.TW,2026-07-13,167.0,183.0,166.0,181.5,1d
2344.TW,2026-07-14,164.5,172.5,156.0,170.0,1d
2344.TW,2026-07-15,180.5,180.5,173.5,175.5,1d
2344.TW,2026-07-16,172.0,180.5,171.0,176.0,1d
2344.TW,2026-07-17,155.0,162.5,155.0,159.5,1d
2344.TW,2026-07-20,151.0,157.0,146.0,155.0,1d
2344.TW,2026-07-21,155.5,158.0,152.0,156.0,1d
2344.TW,2026-07-22,171.0,171.0,164.5,165.0,1d
2344.TW,2026-07-23,161.0,172.0,157.0,172.0,1d
2344.TW,2026-07-24,154.5,164.0,153.5,158.5,1d
2344.TW,2026-07-27,160.0,161.0,150.0,155.0,1d
2344.TW,2026-07-28,144.0,147.0,144.0,144.0,1d
2344.TW,2026-07-29,130.0,137.5,130.0,137.0,1d
2344.TW,2026-07-30,118.5,133.0,117.0,123.5,1d
2344.TW,2026-07-31,130.0,130.0,130.0,130.0,1d
2344.TW,2026-08-03,143.0,143.0,133.5,134.0,1d
2344.TW,2026-08-04,157.0,157.0,144.0,145.0,1d
2344.TW,2026-08-05,169.0,172.5,164.5,167.0,1d
2344.TW,2026-08-06,171.0,173.0,162.0,165.5,1d
2344.TW,2026-08-07,163.5,170.5,160.5,170.0,1d
2344.TW,2026-08-10,179.5,179.5,168.5,169.0,1d
2344.TW,2026-08-11,178.0,181.0,172.5,178.0,1d
2344.TW,2026-08-12,177.0,193.0,174.5,186.5,1d
2344.TW,2026-08-13,177.0,185.0,177.0,183.0,1d
2344.TW,2026-08-14,183.5,191.0,180.5,183.0,1d
2344.TW,2026-08-17,181.5,190.0,181.5,185.5,1d
2344.TW,2026-08-18,176.5,192.0,176.0,186.0,1d
2344.TW,2026-08-19,168.0,169.5,165.0,167.0,1d
2344.TW,2026-08-20,176.5,180.5,172.0,174.0,1d
2344.TW,2026-08-21,181.0,182.0,174.5,176.0,1d
2344.TW,2026-08-24,177.0,184.5,175.5,179.5,1d
2344.TW,2026-08-25,179.0,179.0,168.5,172.0,1d
2344.TW,2026-08-26,181.5,182.5,178.0,179.5,1d
2344.TW,2026-08-27,186.0,190.0,183.0,184.0,1d
2344.TW,2026-08-28,181.5,192.0,180.5,188.5,1d
2344.TW,2026-08-31,182.5,186.0,176.0,179.5,1d
2344.TW,2026-09-01,176.0,184.0,175.5,183.5,1d
2344.TW,2026-09-02,179.0,180.0,171.5,173.5,1d
2344.TW,2026-09-03,169.0,185.5,168.0,181.5,1d
2344.TW,2026-09-04,174.0,176.0,165.5,174.0,1d
2344.TW,2026-09-07,180.0,183.5,178.0,181.0,1d
2344.TW,2026-09-08,188.0,192.0,183.5,185.0,1d
2344.TW,2026-09-09,183.0,190.5,180.5,190.5,1d
2344.TW,2026-09-10,179.5,182.5,178.0,181.0,1d
2344.TW,2026-09-11,171.5,173.5,170.5,173.0,1d
2344.TW,2026-09-14,160.0,167.5,160.0,166.5,1d
2344.TW,2026-09-15,159.5,164.0,158.5,162.5,1d
2344.TW,2026-09-16,169.0,169.5,163.5,163.5,1d
2344.TW,2026-09-17,170.0,180.0,170.0,177.0,1d
2344.TW,2026-09-18,179.5,179.5,173.5,177.0,1d
2344.TW,2026-09-21,174.0,180.0,174.0,180.0,1d
2344.TW,2026-09-22,171.0,180.5,170.5,179.0,1d
2344.TW,2026-09-23,172.5,177.0,172.0,175.0,1d
2344.TW,2026-09-24,171.5,171.5,166.5,169.0,1d
2344.TW,2026-09-29,174.0,174.0,166.0,167.5,1d
2344.TW,2026-09-30,179.5,179.5,175.0,176.0,1d
2344.TW,2026-10-01,180.0,180.5,175.5,178.0,1d
2344.TW,2026-10-02,179.0,184.0,177.5,182.5,1d
2344.TW,2026-10-05,181.0,181.0,174.0,177.5,1d
2344.TW,2026-10-06,177.5,183.0,177.5,181.5,1d
2344.TW,2026-10-07,179.5,181.5,175.0,178.5,1d
2344.TW,2026-10-08,177.0,182.0,177.0,181.0,1d
603986.SS,2016-08-15,6.491095066070557,6.491095066070557,4.9176565387050655,4.9176565387050655,1wk
603986.SS,2016-08-22,10.452003479003906,10.452003479003906,7.139500147790644,7.139500147790644,1wk
603986.SS,2016-08-29,16.83561897277832,16.83561897277832,11.496851644481213,11.496851644481213,1wk
603986.SS,2016-09-05,27.114948272705078,27.114948272705078,18.52006171644823,18.52006171644823,1wk
603986.SS,2016-09-12,31.357770919799805,33.20783879524209,29.659232725863948,29.826620100399655,1wk
603986.SS,2016-09-19,31.357770919799805,31.357770919799805,31.357770919799805,31.357770919799805,1wk
603986.SS,2016-09-26,31.357770919799805,31.357770919799805,31.357770919799805,31.357770919799805,1wk
603986.SS,2016-10-03,31.357770919799805,31.357770919799805,31.357770919799805,31.357770919799805,1wk
603986.SS,2016-10-10,31.357770919799805,31.357770919799805,31.357770919799805,31.357770919799805,1wk
603986.SS,2016-10-17,31.357770919799805,31.357770919799805,31.357770919799805,31.357770919799805,1wk
603986.SS,2016-10-24,31.357770919799805,31.357770919799805,31.357770919799805,31.357770919799805,1wk
603986.SS,2016-10-31,31.357770919799805,31.357770919799805,31.357770919799805,31.357770919799805,1wk
603986.SS,2016-11-07,31.357770919799805,31.357770919799805,31.357770919799805,31.357770919799805,1wk
603986.SS,2016-11-14,31.357770919799805,31.357770919799805,31.357770919799805,31.357770919799805,1wk
603986.SS,2016-11-21,31.357770919799805,31.357770919799805,31.357770919799805,31.357770919799805,1wk
603986.SS,2016-11-28,31.357770919799805,31.357770919799805,31.357770919799805,31.357770919799805,1wk
603986.SS,2016-12-05,31.357770919799805,31.357770919799805,31.357770919799805,31.357770919799805,1wk
603986.SS,2016-12-12,31.357770919799805,31.357770919799805,31.357770919799805,31.357770919799805,1wk
603986.SS,2016-12-19,31.357770919799805,31.357770919799805,31.357770919799805,31.357770919799805,1wk
603986.SS,2016-12-26,31.357770919799805,31.357770919799805,31.357770919799805,31.357770919799805,1wk
603986.SS,2017-01-02,31.357770919799805,31.357770919799805,31.357770919799805,31.357770919799805,1wk
603986.SS,2017-01-09,31.357770919799805,31.357770919799805,31.357770919799805,31.357770919799805,1wk
603986.SS,2017-01-16,31.357770919799805,31.357770919799805,31.357770919799805,31.357770919799805,1wk
603986.SS,2017-01-23,31.357770919799805,31.357770919799805,31.357770919799805,31.357770919799805,1wk
603986.SS,2017-01-30,31.357770919799805,31.357770919799805,31.357770919799805,31.357770919799805,1wk
603986.SS,2017-02-06,31.357770919799805,31.357770919799805,31.357770919799805,31.357770919799805,1wk
603986.SS,2017-02-13,31.357770919799805,31.357770919799805,31.357770919799805,31.357770919799805,1wk
603986.SS,2017-02-20,31.357770919799805,31.357770919799805,31.357770919799805,31.357770919799805,1wk
603986.SS,2017-02-27,31.357770919799805,31.357770919799805,31.357770919799805,31.357770919799805,1wk
603986.SS,2017-03-06,31.357770919799805,31.357770919799805,31.357770919799805,31.357770919799805,1wk
603986.SS,2017-03-13,39.60203552246094,44.907325863145395,34.49408294731208,34.49408294731208,1wk
603986.SS,2017-03-20,36.37057876586914,40.63102409431515,35.7679863267755,38.78447860245951,1wk
603986.SS,2017-03-27,37.018985748291016,40.701501341936705,36.472774983700056,37.11941782408616,1wk
603986.SS,2017-04-03,37.88763427734375,39.251399763289974,34.71256513385048,37.01898373764296,1wk
603986.SS,2017-04-10,31.34543800354004,37.52995344904402,31.06528540814803,37.269181250183756,1wk
603986.SS,2017-04-17,30.816848754882812,32.59643691484445,29.072498686165154,29.072498686165154,1wk
603986.SS,2017-04-24,34.89756774902344,36.59610784591159,29.6433742112883,30.501454704279315,1wk
603986.SS,2017-05-01,33.47566223144531,35.67988932510931,32.5999625708858,34.89757264358832,1wk
603986.SS,2017-05-08,34.298500061035156,37.20046552921298,33.12679017605562,33.265986723879124,1wk
603986.SS,2017-05-15,34.35840606689453,37.174033799270134,32.3021881171413,34.18220824255198,1wk
603986.SS,2017-05-22,31.385663986206055,35.35759150032879,30.616788728044924,34.645406086848,1wk
603986.SS,2017-05-29,31.626602172851562,33.050965575629974,30.188061672899078,31.385663843559364,1wk
603986.SS,2017-06-05,31.449443817138672,33.00490794065616,30.825840643343973,31.995094276174648,1wk
603986.SS,2017-06-12,28.944398880004883,31.357316681845578,26.92831740195923,31.17661386430918,1wk
603986.SS,2017-06-19,27.403104782104492,30.01089863248844,26.57753788847235,29.266826397746964,1wk
603986.SS,2017-06-26,27.56963348388672,28.34559442901661,27.109017880395683,27.176339150242878,1wk
603986.SS,2017-07-03,32.39193344116211,32.802945033878366,27.512945928339793,27.63695891009972,1wk
603986.SS,2017-07-10,28.76369857788086,32.38484657542259,28.6325998257473,31.71164117769944,1wk
603986.SS,2017-07-17,27.186973571777344,28.46961061122516,24.196512644856703,28.136551721827004,1wk
603986.SS,2017-07-24,25.1850643157959,26.712183455145958,25.085854302382295,26.573998940304037,1wk
603986.SS,2017-07-31,28.079853057861328,28.735344804546223,24.3772094362367,25.19214482058651,1wk
603986.SS,2017-08-07,24.235483169555664,28.07985540915988,22.775685492127472,28.07985540915988,1wk
603986.SS,2017-08-14,24.852001190185547,26.5314780714364,23.243389392156086,23.916596556195774,1wk
603986.SS,2017-08-21,25.606706619262695,27.03461580861738,24.660672275054768,24.85200468871822,1wk
603986.SS,2017-08-28,34.89697265625,36.25401659108384,26.751157818970924,26.751157818970924,1wk
603986.SS,2017-09-04,38.65984344482422,39.61296327109529,34.262733786470555,34.72689314650324,1wk
603986.SS,2017-09-11,41.09757614135742,44.956120404361116,37.55791922094,38.12482881591953,1wk
603986.SS,2017-09-18,46.85881423950195,47.93240152651952,41.377483285841016,41.41291768207466,1wk
603986.SS,2017-09-25,46.15372085571289,47.00409081301256,42.75933606591264,46.114748208562425,1wk
603986.SS,2017-10-02,46.15372085571289,46.15372085571289,46.15372085571289,46.15372085571289,1wk
603986.SS,2017-10-09,46.47969055175781,49.746520033972494,44.467154852670774,47.124552786680255,1wk
603986.SS,2017-10-16,42.08967208862305,47.30171837439917,40.7467958909555,46.0899427775363,1wk
603986.SS,2017-10-23,47.879249572753906,48.187510991291994,42.51839008762894,43.88252150535117,1wk
603986.SS,2017-10-30,57.79667282104492,57.93131537073167,52.666121487947954,52.666121487947954,1wk
603986.SS,2017-11-06,57.79667282104492,57.79667282104492,57.79667282104492,57.79667282104492,1wk
603986.SS,2017-11-13,57.79667282104492,57.79667282104492,57.79667282104492,57.79667282104492,1wk
603986.SS,2017-11-20,57.79667282104492,57.79667282104492,57.79667282104492,57.79667282104492,1wk
603986.SS,2017-11-27,57.79667282104492,57.79667282104492,57.79667282104492,57.79667282104492,1wk
603986.SS,2017-12-04,57.79667282104492,57.79667282104492,57.79667282104492,57.79667282104492,1wk
603986.SS,2017-12-11,57.79667282104492,57.79667282104492,57.79667282104492,57.79667282104492,1wk
603986.SS,2017-12-18,57.79667282104492,57.79667282104492,57.79667282104492,57.79667282104492,1wk
603986.SS,2017-12-25,57.79667282104492,57.79667282104492,57.79667282104492,57.79667282104492,1wk
603986.SS,2018-01-01,57.79667282104492,57.79667282104492,57.79667282104492,57.79667282104492,1wk
603986.SS,2018-01-08,57.79667282104492,57.79667282104492,57.79667282104492,57.79667282104492,1wk
603986.SS,2018-01-15,57.79667282104492,57.79667282104492,57.79667282104492,57.79667282104492,1wk
603986.SS,2018-01-22,57.79667282104492,57.79667282104492,57.79667282104492,57.79667282104492,1wk
603986.SS,2018-01-29,57.79667282104492,57.79667282104492,57.79667282104492,57.79667282104492,1wk
603986.SS,2018-02-05,57.79667282104492,57.79667282104492,57.79667282104492,57.79667282104492,1wk
603986.SS,2018-02-12,57.79667282104492,57.79667282104492,57.79667282104492,57.79667282104492,1wk
603986.SS,2018-02-19,57.79667282104492,57.79667282104492,57.79667282104492,57.79667282104492,1wk
603986.SS,2018-02-26,53.74325180053711,61.80757406282473,53.14799545606519,57.79667394126798,1wk
603986.SS,2018-03-05,62.10520553588867,64.98937041503196,54.21095656674339,54.21449852296184,1wk
603986.SS,2018-03-12,67.3243408203125,73.65957658459565,62.183156012900454,62.71463490103583,1wk
603986.SS,2018-03-19,62.75715255737305,73.52139130666899,60.595802628934294,66.61215841528016,1wk
603986.SS,2018-03-26,69.73016357421875,72.55409270849862,64.06104615241583,64.59252498349626,1wk
603986.SS,2018-04-02,70.81085205078125,76.41619279718326,70.36440977020514,70.86399994132603,1wk
603986.SS,2018-04-09,66.23302459716797,71.53010676916801,63.813019405596755,70.81437947993771,1wk
603986.SS,2018-04-16,72.76668548583984,74.37175900087145,62.84927549279219,65.19486630151982,1wk
603986.SS,2018-04-23,61.8607292175293,72.63914004770221,59.880078299806875,72.63914004770221,1wk
603986.SS,2018-04-30,61.36112976074219,63.901606135422576,55.660123285014635,61.86072359921036,1wk
603986.SS,2018-05-07,58.48759460449219,63.1291853192019,57.25455993599711,61.01389573992956,1wk
603986.SS,2018-05-14,59.36985778808594,62.101663057181646,55.808941721813234,57.399836473724825,1wk
603986.SS,2018-05-21,59.988887786865234,65.42343840300494,59.06904098407051,59.06904098407051,1wk
603986.SS,2018-05-28,51.799774169921875,60.64521448546902,51.29261523935002,59.82481273856268,1wk
603986.SS,2018-06-04,52.05832290649414,55.98631561745183,51.471611614685735,52.645037915876834,1wk
603986.SS,2018-06-11,52.142845153808594,53.032858389171146,48.15518941729444,51.65060489984308,1wk
603986.SS,2018-06-18,45.703922271728516,54.549357388161404,43.75981336349251,52.14284178705737,1wk
603986.SS,2018-06-25,53.957679748535156,53.98253916600281,44.102892895629914,46.28566276353962,1wk
603986.SS,2018-07-02,51.40199661254883,57.92544683680502,50.750647899966204,53.64940767059732,1wk
603986.SS,2018-07-09,57.77131652832031,58.67127435008434,48.83140537819977,51.46166726471883,1wk
603986.SS,2018-07-16,59.18837356567383,62.14680058102128,56.69733114013974,57.97517294360091,1wk
603986.SS,2018-07-23,58.825401306152344,64.37431149068581,56.68240958760977,60.10821335603417,1wk
603986.SS,2018-07-30,54.04220962524414,61.90316536864117,53.99745746638634,58.79060401985846,1wk
603986.SS,2018-08-06,55.275299072265625,55.93659604839068,48.81151556527007,52.70470057731867,1wk
603986.SS,2018-08-13,51.108642578125,57.31884626368475,49.974994403246924,54.524502009734,1wk
603986.SS,2018-08-20,55.73771286010742,56.52331069526164,49.532478837195804,50.656182634453025,1wk
603986.SS,2018-08-27,54.35544967651367,58.169082137338926,54.350479279989344,54.69355560253826,1wk
603986.SS,2018-09-03,51.00422286987305,56.41888385608568,49.71643674712365,54.14661729727373,1wk
603986.SS,2018-09-10,43.660377502441406,50.54679339285063,42.50186613184058,50.54679339285063,1wk
603986.SS,2018-09-17,44.1028938293457,46.166333332492776,41.96487607221677,43.29243665294253,1wk
603986.SS,2018-09-24,44.1178092956543,45.992306678638066,43.00902059483521,44.10289067186672,1wk
603986.SS,2018-10-01,44.1178092956543,44.1178092956543,44.1178092956543,44.1178092956543,1wk
603986.SS,2018-10-08,35.625389099121094,44.11780685604713,33.37300789581948,44.11780685604713,1wk
603986.SS,2018-10-15,35.10331726074219,36.943006997586416,32.562552581271355,35.40164512522645,1wk
603986.SS,2018-10-22,34.2779426574707,38.37498796906961,34.00944831403709,35.451368851957476,1wk
603986.SS,2018-10-29,36.38613510131836,36.793848923002734,31.548239890512214,34.27794697675123,1wk
603986.SS,2018-11-05,32.87082290649414,36.5502058683745,32.60729898460876,35.86902370576377,1wk
603986.SS,2018-11-12,39.210304260253906,39.971042565245675,32.8409922897223,32.870825820470316,1wk
603986.SS,2018-11-19,36.20713424682617,41.65162928734489,36.127578161649915,37.9026342776174,1wk
603986.SS,2018-11-26,37.46011734008789,38.94679026072581,35.59059372513589,36.296635477875434,1wk
603986.SS,2018-12-03,38.04185104370117,40.12020529484816,37.13194882990738,39.03130933709713,1wk
603986.SS,2018-12-10,35.063541412353516,38.77773247950634,34.89448844956968,37.82805216297664,1wk
603986.SS,2018-12-17,33.29842758178711,35.42153398488566,32.552607923951996,35.212702993662305,1wk
603986.SS,2018-12-24,30.98638343811035,33.76083855932463,30.09139797509887,33.06473772210074,1wk
603986.SS,2018-12-31,30.195816040039062,31.115662856535156,28.614674115464044,30.986386072933023,1wk
603986.SS,2019-01-07,30.444421768188477,31.77695643098828,30.28034106295677,28.903057961815136,1wk
603986.SS,2019-01-14,30.489171981811523,31.070912866850104,28.863281600533973,30.444423540864147,1wk
603986.SS,2019-01-21,34.665767669677734,35.50108795483216,30.48916996147959,30.876998431664354,1wk
603986.SS,2019-01-28,35.332035064697266,36.23696692437031,33.21390267528377,35.30220153345958,1wk
603986.SS,2019-02-04,35.332035064697266,35.332035064697266,35.332035064697266,35.332035064697266,1wk
603986.SS,2019-02-11,37.14189529418945,39.12578238155774,35.17790094534223,35.32209077084742,1wk
603986.SS,2019-02-18,40.37875747680664,40.38372787282756,37.03250620144069,37.83799289243035,1wk
603986.SS,2019-02-25,45.84811782836914,48.851293239115286,40.37876316663712,40.37876316663712,1wk
603986.SS,2019-03-04,52.65497970581055,57.15476856797475,47.53367193589438,47.831999821991616,1wk
603986.SS,2019-03-11,48.726985931396484,58.422660565427215,47.33975832304044,53.465435492252,1wk
603986.SS,2019-03-18,51.71027374267578,54.19634195049207,48.14524656449019,49.59711167670041,1wk
603986.SS,2019-03-25,50.511985778808594,52.68481497031687,47.14087460694244,49.82085899094783,1wk
603986.SS,2019-04-01,59.18340301513672,59.18340301513672,50.979370917979054,51.014174848194415,1wk
603986.SS,2019-04-08,50.71583938598633,58.86517731536344,50.004823674336194,58.67126495334259,1wk
603986.SS,2019-04-15,49.273929595947266,52.590348074471315,47.88172768307345,52.20748994612886,1wk
603986.SS,2019-04-22,48.08060836791992,52.689783081965444,47.98116326188095,49.47778050838793,1wk
603986.SS,2019-04-29,41.25883102416992,48.54301974937812,39.279917986876356,48.15021714934115,1wk
603986.SS,2019-05-06,42.392478942871094,42.63611387932438,36.241938467176325,39.52852676979443,1wk
603986.SS,2019-05-13,38.94181442260742,42.3626482749749,38.772761446390234,41.51738339388894,1wk
603986.SS,2019-05-20,40.532894134521484,44.1725030768571,38.782701234672615,40.27434430477039,1wk
603986.SS,2019-05-27,38.29046630859375,42.98913835661561,37.78827776828304,40.711897253300876,1wk
603986.SS,2019-06-03,37.1301383972168,39.176290603489136,36.78079515559066,38.8618805666108,1wk
603986.SS,2019-06-10,39.430816650390625,40.668486585339416,37.08023557562531,37.22995732393344,1wk
603986.SS,2019-06-17,43.143829345703125,43.66784239472706,37.978546668318,38.532504066419925,1wk
603986.SS,2019-06-24,43.268592834472656,44.81568398888025,40.02968883034494,42.5050324385672,1wk
603986.SS,2019-07-01,46.48753356933594,47.75015888685476,44.46633678209375,44.96539803968046,1wk
603986.SS,2019-07-08,45.82379150390625,47.69027800245986,43.692798428308514,46.03838709622056,1wk
603986.SS,2019-07-15,48.873050689697266,52.15188040822781,44.09703337388269,45.664087387373264,1wk
603986.SS,2019-07-22,50.954132080078125,52.00715075465121,46.1681370919358,49.55676272414825,1wk
603986.SS,2019-07-29,46.46258544921875,51.90235246328735,43.95729751615344,50.9142113198036,1wk
603986.SS,2019-08-05,43.01906204223633,46.82689731972037,42.31538664727002,46.29789169304584,1wk
603986.SS,2019-08-12,48.07455825805664,48.41391638667521,41.48195748038356,43.123870667402066,1wk
603986.SS,2019-08-19,57.292205810546875,58.39014285052582,48.93792673820975,50.00591569876185,1wk
603986.SS,2019-08-26,65.65149688720703,67.5728834347606,55.80002791045743,56.14438239814601,1wk
603986.SS,2019-09-02,70.36760711669922,75.10868742577289,62.63715170874871,64.99771414515448,1wk
603986.SS,2019-09-09,75.45803833007812,79.65015032684363,72.64332912366294,73.80115493887926,1wk
603986.SS,2019-09-16,81.79611206054688,82.50976893327274,70.86667448244452,75.35822243417115,1wk
603986.SS,2019-09-23,73.87101745605469,90.76423454193622,72.86290971315509,83.34319288291377,1wk
603986.SS,2019-09-30,72.55350494384766,74.36010648208223,70.61714827741154,73.78618239314571,1wk
603986.SS,2019-10-07,70.46741485595703,74.07562455324602,67.86231275328866,72.5534890964205,1wk
603986.SS,2019-10-14,65.87606811523438,74.11057476394693,64.61843515950461,71.41065760888202,1wk
603986.SS,2019-10-21,70.96647644042969,72.36384946774514,64.6633349722704,66.07567830759133,1wk
603986.SS,2019-10-28,79.76991271972656,80.95767904131056,71.26591213014838,72.44370073402895,1wk
603986.SS,2019-11-04,83.33820343017578,89.48164162226723,78.85164099301738,79.74994901337962,1wk
603986.SS,2019-11-11,85.78858947753906,92.06678296626934,77.63892836793741,82.34506786088096,1wk
603986.SS,2019-11-18,80.79798889160156,89.96573595513976,79.60023730693558,85.89340146302077,1wk
603986.SS,2019-11-25,82.54469299316406,85.3394314752388,78.29269284623432,80.34882650990781,1wk
603986.SS,2019-12-02,96.84280395507812,98.09544421210518,81.77615034764736,82.09554928457096,1wk
603986.SS,2019-12-09,101.47408294677734,106.29501499350901,95.25578524087913,97.29195622493552,1wk
603986.SS,2019-12-16,97.46662902832031,105.09227751960893,95.92951562016745,100.81033633056046,1wk
603986.SS,2019-12-23,99.81221771240234,109.11471281510013,89.33193388244047,91.82225158529116,1wk
603986.SS,2019-12-30,109.99305725097656,112.21886449269039,96.8178425757621,99.81221022583502,1wk
603986.SS,2020-01-06,122.26997375488281,123.95679789476097,104.30377276816871,107.54767338168342,1wk
603986.SS,2020-01-13,126.26742553710938,130.8637876022045,123.90687071028142,130.65417344406285,1wk
603986.SS,2020-01-20,141.23426818847656,152.21360806028224,126.9461470924032,126.9461470924032,1wk
603986.SS,2020-01-27,141.23426818847656,141.23426818847656,141.23426818847656,141.23426818847656,1wk
603986.SS,2020-02-03,146.9635009765625,149.09947888344823,127.11084239017457,127.11084239017457,1wk
603986.SS,2020-02-10,155.41261291503906,162.1948494361067,137.24179223235205,147.62226116341176,1wk
603986.SS,2020-02-17,196.8695831298828,198.56639206472903,154.20984977080016,154.20984977080016,1wk
603986.SS,2020-02-24,181.1791229248047,213.6879615623409,163.4425012588389,198.87583371810445,1wk
603986.SS,2020-03-02,160.63775634765625,189.64318210417522,153.6109806387434,186.14975714713287,1wk
603986.SS,2020-03-09,155.01834106445312,158.80123218519012,142.2323986310509,156.95470501467946,1wk
603986.SS,2020-03-16,136.64291381835938,153.161835516036,126.7615103715457,153.161835516036,1wk
603986.SS,2020-03-23,124.8001937866211,130.75398848977366,115.44280316114498,130.25493840279796,1wk
603986.SS,2020-03-30,128.64794921875,133.0097418397511,117.7784083360658,121.77588365266664,1wk
603986.SS,2020-04-06,123.23314666748047,136.56804970656242,122.26995731743578,128.64795053409154,1wk
603986.SS,2020-04-13,134.2474365234375,139.23804216454414,115.78217177049034,121.24688696244905,1wk
603986.SS,2020-04-20,122.81394958496094,135.97419579982324,122.19012197074885,134.24744585925927,1wk
603986.SS,2020-04-27,138.64913940429688,138.64913940429688,118.5768970655046,122.78897150596099,1wk
603986.SS,2020-05-04,154.68577575683594,162.21674274465113,138.89094613723194,138.89094613723194,1wk
603986.SS,2020-05-11,160.97792053222656,165.31731235821667,146.52490345975198,156.07859271104874,1wk
603986.SS,2020-05-18,143.48028564453125,167.26301238960954,141.38057845042573,162.32869898830572,1wk
603986.SS,2020-05-25,135.3544158935547,144.71913158098275,133.78664009101286,141.12861893471398,1wk
603986.SS,2020-06-01,158.33924865722656,158.33924865722656,137.1811614737432,137.8880712326629,1wk
603986.SS,2020-06-08,160.9989013671875,166.49315145774725,153.48892668833756,158.3392579048392,1wk
603986.SS,2020-06-15,158.3882598876953,162.4477134844192,148.6945944352658,153.9788649950515,1wk
603986.SS,2020-06-22,170.82553100585938,172.87625702242894,160.69792761918433,160.8379041204976,1wk
603986.SS,2020-06-29,164.06446838378906,171.0705002182992,161.11787476769217,168.6068419865207,1wk
603986.SS,2020-07-06,191.6336669921875,197.37288268426096,164.0224586944371,164.05746029383465,1wk
603986.SS,2020-07-13,163.0076141357422,206.47163339399668,160.98489239673563,190.38785200349088,1wk
603986.SS,2020-07-20,157.8913116455078,174.48603284882304,157.26839976364062,165.8772237820117,1wk
603986.SS,2020-07-27,162.0277557373047,167.24903494200052,153.9788524123359,159.46610492207003,1wk
603986.SS,2020-08-03,154.6017608642578,172.87626010015637,151.09524627817243,163.85450380667234,1wk
603986.SS,2020-08-10,148.44961547851562,157.478369276611,143.8932471226704,152.57904203309565,1wk
603986.SS,2020-08-17,144.0402069091797,151.4311959860881,141.73052001922852,148.869545428369,1wk
603986.SS,2020-08-24,137.8250732421875,146.06994703335442,130.21712099380213,143.9422352563499,1wk
603986.SS,2020-08-31,142.8223876953125,145.4190251758717,135.23542773340174,139.28087140884887,1wk
603986.SS,2020-09-07,125.21280670166016,138.57397707167854,121.61530428504018,138.57397707167854,1wk
603986.SS,2020-09-14,127.94241333007812,129.20224658602245,122.0632213721212,126.33263885155897,1wk
603986.SS,2020-09-21,124.93284606933594,129.39823423001513,123.33706603274115,128.7823196527877,1wk
603986.SS,2020-09-28,121.16036224365234,124.23293771579958,121.11836331176234,123.88298897946932,1wk
603986.SS,2020-10-05,125.85671997070312,125.97570448992556,121.16036750549792,121.16036750549792,1wk
603986.SS,2020-10-12,128.45335388183594,134.29755991674455,126.33265448975412,127.26352367468074,1wk
603986.SS,2020-10-19,123.91099548339844,129.3072456400819,122.92412516758542,128.78232623235115,1wk
603986.SS,2020-10-26,136.2712860107422,136.2712860107422,121.44732239184192,122.4831814364093,1wk
603986.SS,2020-11-02,148.4916229248047,148.51961224708774,134.38155068354862,137.60811250940495,1wk
603986.SS,2020-11-09,144.98509216308594,163.33657826702762,140.22575613612446,151.17925473662632,1wk
603986.SS,2020-11-16,145.30006408691406,152.77503729811144,135.78136197651844,143.65528769497536,1wk
603986.SS,2020-11-23,142.49343872070312,150.4793362320744,139.20388612171408,144.8661018327486,1wk
603986.SS,2020-11-30,151.52920532226562,152.40409596496733,141.04464683581023,143.55030433144665,1wk
603986.SS,2020-12-07,140.33071899414062,157.68834344795587,140.05076599095244,156.79945827424618,1wk
603986.SS,2020-12-14,141.3105926513672,146.62986448938346,139.63782700990686,140.8206599156494,1wk
603986.SS,2020-12-21,128.17340087890625,141.33159616959722,127.73246441775579,137.8670655002947,1wk
603986.SS,2020-12-28,138.23101806640625,139.84079276397688,126.33965337263056,127.4594953403701,1wk
603986.SS,2021-01-04,141.77252197265625,148.51959241357173,136.20128699026577,138.5809621774202,1wk
603986.SS,2021-01-11,150.33937072753906,156.14857565356158,137.46813963889687,145.5800195914982,1wk
603986.SS,2021-01-18,146.75582885742188,160.62792992710635,145.28603082534582,148.46359589867888,1wk
603986.SS,2021-01-25,127.38249969482422,144.5791401439373,126.40263431255633,139.25986878997466,1wk
603986.SS,2021-02-01,122.9731216430664,134.1365851583683,118.28376633648443,126.68261891432883,1wk
603986.SS,2021-02-08,128.6563262939453,129.34222906382044,122.94510735354086,122.97310414779898,1wk
603986.SS,2021-02-15,137.11817932128906,137.58712008052842,128.65634337270083,128.65634337270083,1wk
603986.SS,2021-02-22,134.7314910888672,140.32371814980596,126.45862886564807,135.0884446153959,1wk
603986.SS,2021-03-01,136.32730102539062,144.43918159559894,133.06575221190118,137.53114103834974,1wk
603986.SS,2021-03-08,118.28376007080078,136.83120806572143,117.84982093471957,136.48126679569486,1wk
603986.SS,2021-03-15,118.98367309570312,122.97312345665205,102.90687965079204,117.58386306612148,1wk
603986.SS,2021-03-22,119.63456726074219,122.2032152868425,115.10618842242627,118.98365859188537,1wk
603986.SS,2021-03-29,127.73946380615234,129.32124918889915,117.24790153114355,120.4674584146183,1wk
603986.SS,2021-04-05,127.38249969482422,129.63619306435217,122.56716316716539,127.73945321863194,1wk
603986.SS,2021-04-12,121.78327941894531,130.93102545602426,121.769284758228,125.05882993529052,1wk
603986.SS,2021-04-19,122.53218078613281,122.90312900488173,111.63467602885663,117.23390838926008,1wk
603986.SS,2021-04-26,135.24240112304688,141.50655057999737,123.18306529130825,123.79897975805022,1wk
603986.SS,2021-05-03,124.54788970947266,136.39026504060706,124.44290733351313,135.2424188560611,1wk
603986.SS,2021-05-10,120.30648040771484,124.54789414047642,114.37129413328735,124.54789414047642,1wk
603986.SS,2021-05-17,119.73304748535156,125.8278300010586,119.04492204007941,121.47440963274038,1wk
603986.SS,2021-05-24,131.2344970703125,134.7439211581865,113.09759766618244,117.01005262981975,1wk
603986.SS,2021-05-31,140.19973754882812,141.44818988216758,128.9833763487996,133.79039257733976,1wk
603986.SS,2021-06-07,138.60720825195312,144.3874285449637,136.59199406817913,143.2667751207928,1wk
603986.SS,2021-06-14,155.3187255859375,157.2651206053487,132.6893728860548,138.60721713681764,1wk
603986.SS,2021-06-21,168.09811401367188,176.45386821902983,152.271326518879,155.31872522900676,1wk
603986.SS,2021-06-28,175.264404296875,188.4861692080882,167.97032382160666,168.09812251586794,1wk
603986.SS,2021-07-05,185.79266357421875,192.31998194847256,168.0882992864828,178.77383021696437,1wk
603986.SS,2021-07-12,164.7066650390625,192.37895110955364,164.0480367968704,189.92137632532365,1wk
603986.SS,2021-07-19,192.68368530273438,197.09749495376317,161.2169036030781,162.19993350309687,1wk
603986.SS,2021-07-26,226.14605712890625,231.13985138694056,186.75603737107247,192.89997494249542,1wk
603986.SS,2021-08-02,192.67385864257812,224.81893307940643,187.76853408637618,224.1308151556521,1wk
603986.SS,2021-08-09,169.4841766357422,191.1993019863065,168.56995109367756,188.75155230900552,1wk
603986.SS,2021-08-16,165.23751831054688,176.5816935427975,160.23389893160333,169.08116942475937,1wk
603986.SS,2021-08-23,172.52174377441406,176.4047087967181,161.93450777701892,167.0167704517595,1wk
603986.SS,2021-08-30,145.36062622070312,180.0910743178355,143.33558703075119,179.89447133820008,1wk
603986.SS,2021-09-06,157.18649291992188,159.82102115202042,143.87627315728497,145.3704829754924,1wk
603986.SS,2021-09-13,148.6832733154297,158.26781490105242,144.8003081858389,157.18647600427454,1wk
603986.SS,2021-09-20,147.65109252929688,151.37678436500255,143.9745701899212,148.6832769560686,1wk
603986.SS,2021-09-27,142.52952575683594,154.58146821243594,140.42584214713438,149.95139029116396,1wk
603986.SS,2021-10-04,147.1595916748047,153.25437482703018,142.5295286591003,142.5295286591003,1wk
603986.SS,2021-10-11,152.9004669189453,153.215043692782,138.3516361254611,146.47145785208156,1wk
603986.SS,2021-10-18,151.77981567382812,153.04793268746724,142.38205191317397,148.43751990115783,1wk
603986.SS,2021-10-25,166.63340759277344,173.94715309147958,147.62161125598274,153.70656927170324,1wk
603986.SS,2021-11-01,164.47071838378906,171.91226139348743,162.69143679225976,166.13204119572146,1wk
603986.SS,2021-11-08,160.00778198242188,166.30899227932335,156.8325845864932,162.19993447260998,1wk
603986.SS,2021-11-15,156.5966796875,166.11240274705418,154.36519742049512,160.24371253372956,1wk
603986.SS,2021-11-22,149.41073608398438,163.7728050785688,148.23108807633713,156.3017710294246,1wk
603986.SS,2021-11-29,173.49496459960938,178.33147024629525,146.6877331495256,147.16942323419957,1wk
603986.SS,2021-12-06,171.91229248046875,182.51917965954308,166.8103643424906,177.65318412326738,1wk
603986.SS,2021-12-13,164.30360412597656,173.59323295956284,164.16598055065842,171.91226036102304,1wk
603986.SS,2021-12-20,170.9390869140625,173.3081928253082,160.2437156631772,164.36261378276805,1wk
603986.SS,2021-12-27,172.86582946777344,178.00707210737707,160.03728511861297,171.50924328376993,1wk
603986.SS,2022-01-03,154.335693359375,175.8640420382285,151.9764276136923,172.8658128613784,1wk
603986.SS,2022-01-10,154.72891235351562,157.28479629321927,148.43752650172567,152.93980559560072,1wk
603986.SS,2022-01-17,150.40359497070312,161.06947682313987,150.1971520639475,154.86654471826674,1wk
603986.SS,2022-01-24,136.73947143554688,158.26782124466519,136.52320364752296,149.91206670690337,1wk
603986.SS,2022-01-31,136.73947143554688,136.73947143554688,136.73947143554688,136.73947143554688,1wk
603986.SS,2022-02-07,138.90213012695312,147.2677093119387,134.82254697575752,140.52412348837012,1wk
603986.SS,2022-02-14,143.51254272460938,149.71545908974554,134.87170136980956,136.52319942731867,1wk
603986.SS,2022-02-21,152.07473754882812,154.41435374183772,138.60722958875542,143.52237957417228,1wk
603986.SS,2022-02-28,152.14353942871094,155.88888088879608,144.82979468783023,151.6323596887984,1wk
603986.SS,2022-03-07,155.1417999267578,161.21691805348058,142.7162864769289,152.16320526286148,1wk
603986.SS,2022-03-14,158.79864501953125,164.16599492664608,144.01388177696796,152.38930080791303,1wk
603986.SS,2022-03-21,150.4330596923828,160.80402781301132,150.24628161724877,158.7593238849757,1wk
603986.SS,2022-03-28,138.0567169189453,150.24628126958555,136.14963657702472,149.07647332790154,1wk
603986.SS,2022-04-04,132.0897216796875,138.05672031915654,129.07182771364398,138.05672031915654,1wk
603986.SS,2022-04-11,130.15316772460938,132.70905175841418,119.91982918897648,129.4748896154939,1wk
603986.SS,2022-04-18,127.79389190673828,138.01739725933876,126.32917189955478,129.66164278851355,1wk
603986.SS,2022-04-25,122.69197082519531,125.82783889769948,110.59087403118119,124.20583791192409,1wk
603986.SS,2022-05-02,117.27548217773438,125.76886079061465,117.08870407747567,122.69197208599957,1wk
603986.SS,2022-05-09,124.26482391357422,130.91992610730142,111.57390321647684,116.9805681300506,1wk
603986.SS,2022-05-16,139.83599853515625,142.4803512764993,122.3577287055827,125.2183417176602,1wk
603986.SS,2022-05-23,136.6018524169922,146.6975594966446,135.0584881507675,141.55631690886992,1wk
603986.SS,2022-05-30,143.61729431152344,145.32065877333795,135.85311544161615,139.0419711123714,1wk
603986.SS,2022-06-06,135.38768005371094,145.87524472017418,132.89205050635815,143.60738626816593,1wk
603986.SS,2022-06-13,129.9210662841797,135.27874165045992,126.36578665376395,132.70388412299707,1wk
603986.SS,2022-06-20,130.72323608398438,133.88238337380585,123.49384197528178,130.29740249254093,1wk
603986.SS,2022-06-27,137.50698852539062,142.0624862603432,129.1387085072723,131.44617354841978,1wk
603986.SS,2022-07-04,133.9715118408203,137.51688633835988,126.76192837347489,133.05051445835753,1wk
603986.SS,2022-07-11,125.07836151123047,133.6942074110354,121.81027786338781,133.6942074110354,1wk
603986.SS,2022-07-18,121.99844360351562,128.82179927611648,118.69074592056309,125.07836264361255,1wk
603986.SS,2022-07-25,117.12602996826172,121.98854161445794,116.85864486802734,121.1863787581556,1wk
603986.SS,2022-08-01,128.82180786132812,130.73313275488226,113.09540173390873,116.17532097926407,1wk
603986.SS,2022-08-08,125.4744873046875,130.40631386935394,123.29576989504675,130.10922771760136,1wk
603986.SS,2022-08-15,118.14606475830078,126.14790460554603,117.92819151602751,124.78125547983007,1wk
603986.SS,2022-08-22,113.78863525390625,119.04727204563744,109.50051521509445,117.24487623461624,1wk
603986.SS,2022-08-29,112.15458679199219,115.86831483146213,110.47103310300542,112.89733239988618,1wk
603986.SS,2022-09-05,113.80843353271484,116.81903001415195,108.45076573153436,111.51087405419693,1wk
603986.SS,2022-09-12,105.18267822265625,115.66034452322614,105.18267822265625,113.80842946000517,1wk
603986.SS,2022-09-19,97.2897720336914,106.1135937351948,96.56683718574557,104.97471559264531,1wk
603986.SS,2022-09-26,92.84320068359375,99.15158941272398,92.80358667796354,96.41828346903125,1wk
603986.SS,2022-10-03,92.84320068359375,92.84320068359375,92.84320068359375,92.84320068359375,1wk
603986.SS,2022-10-10,85.59400177001953,90.96157473343679,78.76074085675016,90.11979791240769,1wk
603986.SS,2022-10-17,84.35609436035156,88.56498611601067,82.05853492772161,84.0986071020847,1wk
603986.SS,2022-10-24,82.18727111816406,89.41666436339716,81.90007525742809,84.35609060285373,1wk
603986.SS,2022-10-31,90.090087890625,91.35770579740046,76.75037614415757,78.73103101239388,1wk
603986.SS,2022-11-07,88.21837615966797,91.57558580481633,85.46526689839342,89.92174068104339,1wk
603986.SS,2022-11-14,102.7464828491211,110.9166850997741,88.29760758647224,88.43625283839899,1wk
603986.SS,2022-11-21,99.40907287597656,102.8950299472984,96.4182871159623,101.01340616448711,1wk
603986.SS,2022-11-28,97.74531555175781,103.74670499106875,96.39846962552028,98.0523221967376,1wk
603986.SS,2022-12-05,98.39894104003906,102.10276377581096,97.07189826064747,97.74532126311502,1wk
603986.SS,2022-12-12,102.61773681640625,111.9070059148054,98.09194050773941,98.44845900713716,1wk
603986.SS,2022-12-19,93.78400421142578,103.2911535446395,92.26880445867945,101.64720639094176,1wk
603986.SS,2022-12-26,101.4788589477539,103.87544965639741,93.96226938170045,93.96226938170045,1wk
603986.SS,2023-01-02,101.8848876953125,104.25176975117401,98.33952108446826,101.47885736032153,1wk
603986.SS,2023-01-09,107.38121032714844,111.25338689438604,102.25131361314628,102.86531937858717,1wk
603986.SS,2023-01-16,121.44385528564453,122.285639682116,104.786547493151,105.67784372990968,1wk
603986.SS,2023-01-23,121.44385528564453,121.44385528564453,121.44385528564453,121.44385528564453,1wk
603986.SS,2023-01-30,116.3832778930664,124.28609422055818,112.30313365941696,124.0484177495686,1wk
603986.SS,2023-02-06,115.42266845703125,118.43325728576845,110.03528465815623,114.8779853319248,1wk
603986.SS,2023-02-13,107.6882095336914,118.27481285759478,107.6287923018698,114.29369965796405,1wk
603986.SS,2023-02-20,105.9848403930664,109.81741034525204,104.96480432828388,107.67830698178945,1wk
603986.SS,2023-02-27,104.72713470458984,106.92566299664591,101.96412003124364,104.92519718533751,1wk
603986.SS,2023-03-06,100.05278778076172,105.58872252677905,99.03275164768644,104.72713486742842,1wk
603986.SS,2023-03-13,104.15274047851562,105.96504160149242,98.16126368767858,99.82501417579513,1wk
603986.SS,2023-03-20,116.75961303710938,118.83929926309368,102.7959968848157,103.98438685520696,1wk
603986.SS,2023-03-27,120.8199462890625,123.79092857485911,105.94523163597084,116.75960534292685,1wk
603986.SS,2023-04-03,137.25938415527344,141.83469192338356,125.29621975329815,128.10875350785622,1wk
603986.SS,2023-04-10,134.10025024414062,138.10116669051285,125.50420725201568,137.5564835439131,1wk
603986.SS,2023-04-17,125.18730163574219,138.57651842028207,125.10807362319957,136.1700298729927,1wk
603986.SS,2023-04-24,107.42082214355469,125.17739402647776,105.97494494047639,125.11796924032454,1wk
603986.SS,2023-05-01,103.78633117675781,107.74764141166308,103.09309735228959,107.42083150393947,1wk
603986.SS,2023-05-08,99.5477066040039,105.92541745732395,97.80473582562945,103.78631420910132,1wk
603986.SS,2023-05-15,110.92658233642578,112.42197138022179,97.64628730038457,99.24071513593312,1wk
603986.SS,2023-05-22,112.89733123779297,117.16564020276348,105.27181276414655,115.07604864294939,1wk
603986.SS,2023-05-29,107.83675384521484,114.73933727942196,106.61865533070696,113.917363694628,1wk
603986.SS,2023-06-05,102.2513198852539,109.12419552342023,99.21101459863789,107.30198889631117,1wk
603986.SS,2023-06-12,110.79783630371094,112.40216954945451,100.36968909537546,101.4194413673011,1wk
603986.SS,2023-06-19,107.34068298339844,114.9381699329128,107.34068298339844,110.40755377961143,1wk
603986.SS,2023-06-26,105.79728698730469,109.50143792132683,102.56113467945772,105.01065213007853,1wk
603986.SS,2023-07-03,104.76171112060547,112.49860827943793,102.58104003309965,105.54834593115271,1wk
603986.SS,2023-07-10,116.84002685546875,122.77463880570068,104.27380379064043,104.98077766729084,1wk
603986.SS,2023-07-17,111.7916259765625,119.36920117342054,110.60670160748639,115.8144128724192,1wk
603986.SS,2023-07-24,113.7432861328125,114.85850911572312,109.72049906630264,111.72192928251337,1wk
603986.SS,2023-07-31,106.40467834472656,115.47586194128384,102.61091489347416,112.52847518585564,1wk
603986.SS,2023-08-07,101.61518859863281,105.9466526077754,101.1969723601759,104.55261620565588,1wk
603986.SS,2023-08-14,93.37045288085938,101.7944124257838,93.10160666413846,99.57391087073631,1wk
603986.SS,2023-08-21,88.7203598022461,94.04756291890331,88.00342637404417,93.40033852661438,1wk
603986.SS,2023-08-28,94.09735107421875,97.0447380904197,88.65065662722503,95.10304975780171,1wk
603986.SS,2023-09-04,96.9352035522461,100.66922531925778,93.54968896411148,93.59947895975967,1wk
603986.SS,2023-09-11,99.57391357421875,102.26240620196798,95.40176416445524,96.94516286361032,1wk
603986.SS,2023-09-18,101.54547882080078,102.44163795147304,97.88115855458301,98.77731768525527,1wk
603986.SS,2023-09-25,98.17987823486328,101.44590141686555,97.68200866207302,101.00778135869314,1wk
603986.SS,2023-10-02,98.17987823486328,98.17987823486328,98.17987823486328,98.17987823486328,1wk
603986.SS,2023-10-09,102.74036407470703,106.09600768870722,97.88115983922708,98.17987702107617,1wk
603986.SS,2023-10-16,96.97503662109375,102.71049633563501,96.55682799526441,102.07322387811787,1wk
603986.SS,2023-10-23,101.3961181640625,102.72045303978784,91.61796014065965,96.58669630814632,1wk
603986.SS,2023-10-30,107.53982543945312,109.2923284255947,100.4800386936835,100.49995013354217,1wk
603986.SS,2023-11-06,104.73184204101562,109.75036816993796,104.04477961002495,107.39046369597317,1wk
603986.SS,2023-11-13,104.53269958496094,107.44025608736638,102.48147176467513,105.31932683027244,1wk
603986.SS,2023-11-20,94.35623931884766,104.5426460657657,94.19691741621432,104.53269414451594,1wk
603986.SS,2023-11-27,94.74458312988281,96.57673954815196,91.89676850840569,93.72892492667484,1wk
603986.SS,2023-12-04,91.51838684082031,94.99351426812746,88.81992712045405,94.46577374613626,1wk
603986.SS,2023-12-11,93.73888397216797,96.05895803964444,89.41737966162198,90.66205361238572,1wk
603986.SS,2023-12-18,90.73175048828125,94.59521550233977,90.01481711318272,92.81284158282719,1wk
603986.SS,2023-12-25,91.996337890625,93.10160893601201,88.43158997121259,90.11439153699558,1wk
603986.SS,2024-01-01,79.36040496826172,92.00629637318299,78.05598914971473,91.9963368548368,1wk
603986.SS,2024-01-08,76.27362060546875,79.5396439404824,75.52681621129598,78.66339618619907,1wk
603986.SS,2024-01-15,74.95923614501953,77.96637239753265,72.49975942100967,75.8255318727739,1wk
603986.SS,2024-01-22,68.43714904785156,75.17829915239685,67.71025619023821,74.78000200837116,1wk
603986.SS,2024-01-29,59.923583984375,69.00472801480362,57.752872274326556,67.61069164742521,1wk
603986.SS,2024-02-05,68.23799896240234,68.23799896240234,54.96479880171855,59.734389978223966,1wk
603986.SS,2024-02-19,71.67330932617188,72.99763665837422,64.15547549864603,68.2579236440865,1wk
603986.SS,2024-02-26,75.43720245361328,76.33336923558093,68.81553538287467,71.69322100721902,1wk
603986.SS,2024-03-04,71.294921875,76.33336715786001,70.16973936636465,75.85540902152447,1wk
603986.SS,2024-03-11,77.09011840820312,81.74021812823248,69.75152618798577,70.4186695540262,1wk
603986.SS,2024-03-18,78.04602813720703,82.07877454202374,75.4471484713272,77.31914284646953,1wk
603986.SS,2024-03-25,71.56378173828125,79.32059131049631,69.38311037702194,76.69183273420272,1wk
603986.SS,2024-04-01,71.30487823486328,73.6946536169004,69.08437667817846,71.6434258855679,1wk
603986.SS,2024-04-08,73.53533172607422,75.91514759031557,65.92788553632684,71.09577394625934,1wk
603986.SS,2024-04-15,73.77430725097656,77.07020888157349,68.50685402737345,72.68895526408683,1wk
603986.SS,2024-04-22,78.36466217041016,79.3404898066231,68.79560905109544,70.05024241283029,1wk
603986.SS,2024-04-29,78.41445922851562,80.62500138988807,77.88671868667006,78.36466923152052,1wk
603986.SS,2024-05-06,82.13851928710938,86.61934540377891,79.67904240312444,79.67904240312444,1wk
603986.SS,2024-05-13,82.51689910888672,87.19686967889098,80.42584099342174,80.65486432116114,1wk
603986.SS,2024-05-20,78.26509094238281,83.97067926982052,77.97632569470161,82.496982074221,1wk
603986.SS,2024-05-27,82.7558822631836,84.79715058161153,76.68187490158229,78.50407179224185,1wk
603986.SS,2024-06-03,83.10438537597656,86.64921418369642,82.0489043482592,83.65204492633173,1wk
603986.SS,2024-06-10,90.27371215820312,90.94085554455587,83.24378881349182,83.64208598039482,1wk
603986.SS,2024-06-17,94.09735107421875,96.7360613803335,89.60656531381288,89.91524962078603,1wk
603986.SS,2024-06-24,95.21257781982422,96.20831694432688,88.59091112250415,93.79862248939659,1wk
603986.SS,2024-07-01,91.20970153808594,95.58099565110209,89.029038039167,94.65495796902312,1wk
603986.SS,2024-07-08,96.9352035522461,99.43451091542754,90.31353676603469,92.57386886325565,1wk
603986.SS,2024-07-15,95.59095764160156,98.17987789168424,89.61652278900146,96.58669678370157,1wk
603986.SS,2024-07-22,84.05034637451172,96.29793351824515,82.90524481796804,95.66066106183399,1wk
603986.SS,2024-07-29,82.70609283447266,87.29645100511607,80.25657539366625,84.05034678831733,1wk
603986.SS,2024-08-05,77.78714752197266,82.14848239804401,74.76009950137586,80.68474458708603,1wk
603986.SS,2024-08-12,78.5638198852539,79.92797764886426,77.21957356186911,77.43862979189733,1wk
603986.SS,2024-08-19,72.05168151855469,79.45998281600914,71.71312627588972,78.26509134393362,1wk
603986.SS,2024-08-26,72.07159423828125,72.61925378898998,68.4769754338861,72.31057709507408,1wk
603986.SS,2024-09-02,67.59076690673828,72.07159282582016,67.59076690673828,72.07159282582016,1wk
603986.SS,2024-09-09,65.02176666259766,68.49689401551863,65.02176666259766,67.08294630820697,1wk
603986.SS,2024-09-16,65.01181030273438,66.06729137539998,63.85674923711879,65.07155222099489,1wk
603986.SS,2024-09-23,80.05742645263672,80.08729741061742,64.56372064046633,65.01180780083666,1wk
603986.SS,2024-09-30,87.99346923828125,88.0631706731773,81.66056779357618,84.98633282559682,1wk
603986.SS,2024-10-08,96.7957992553711,96.7957992553711,91.06033977856785,96.7957992553711,1d
603986.SS,2024-10-09,92.70331573486328,100.70905961882157,91.60800416101121,96.68627243751594,1d
603986.SS,2024-10-10,87.70470428466797,94.36619389020724,86.15134607791529,93.11156805772468,1d
603986.SS,2024-10-11,83.64208984375,87.51551458709652,82.5169073223979,86.13143775576637,1d
603986.SS,2024-10-14,85.75305938720703,85.91237370278463,81.13283028215258,83.64208962837354,1d
603986.SS,2024-10-15,84.63782501220703,88.07312192983021,84.18974544795586,85.76300748043131,1d
603986.SS,2024-10-16,82.72600555419922,84.110082283786,81.7999678951266,82.64634460361769,1d
603986.SS,2024-10-17,82.03894805908203,84.836972642932,82.02898854044179,83.32345247574807,1d
603986.SS,2024-10-18,87.36614990234375,89.61652248293234,81.66056889185363,81.8497541623235,1d
603986.SS,2024-10-21,89.53685760498047,92.69334871308337,89.29788234929309,92.09590677542172,1d
603986.SS,2024-10-22,88.42163848876953,90.09448054440203,87.42589935081891,88.45150944740617,1d
603986.SS,2024-10-23,87.62504577636719,89.16844450777386,87.3860705059236,87.62504577636719,1d
603986.SS,2024-10-24,87.92376708984375,89.16844098637672,86.63926271699533,87.14708419702245,1d
603986.SS,2024-10-25,88.77014923095703,89.91525080494259,86.82845327588055,88.17270724358235,1d
603986.SS,2024-10-28,90.37328338623047,91.2495310646172,87.90384706076024,88.76018329965736,1d
603986.SS,2024-10-29,88.22248840332031,91.44868116727031,88.22248840332031,90.61226391608906,1d
603986.SS,2024-10-30,88.38180541992188,90.05464742650005,87.36614727473878,87.70470252209532,1d
603986.SS,2024-10-31,89.78579711914062,90.41311764415926,86.82845063515799,88.37184935274946,1d
603986.SS,2024-11-01,85.93228912353516,89.51694843735841,85.81279769421596,89.09873983007112,1d
603986.SS,2024-11-04,89.61652374267578,90.50273098082462,85.93229191645385,86.23100910413066,1d
603986.SS,2024-11-05,91.68766021728516,92.34484408771277,89.1286109764966,89.81566580509548,1d
603986.SS,2024-11-06,94.11725616455078,100.82854315227767,93.35054040201227,100.82854315227767,1d
603986.SS,2024-11-07,96.22823333740234,96.76593340393755,93.60944204004085,94.27658546454514,1d
603986.SS,2024-11-08,95.07317352294922,98.8669370993504,94.59521540773271,97.2239660492072,1d
603986.SS,2024-11-11,98.71757507324219,99.26523462424763,95.25240721362074,95.27231865325433,1d
603986.SS,2024-11-12,96.44729614257812,99.06608741199983,95.64074984982383,98.79724118004405,1d
603986.SS,2024-11-13,95.8996353149414,96.38755296926554,93.49990790858155,95.52125717199428,1d
603986.SS,2024-11-14,91.82706451416016,95.49138484556829,91.60800068831665,95.49138484556829,1d
603986.SS,2024-11-15,89.20826721191406,93.82850387828033,88.7701471497839,91.86689652826468,1d
603986.SS,2024-11-18,86.09160614013672,89.94511939190615,85.52403512757101,89.1186540727828,1d
603986.SS,2024-11-19,88.38180541992188,88.57099068470185,85.52403144292559,86.69900389512796,1d
603986.SS,2024-11-20,87.93372344970703,88.5411249496246,87.13713667385021,87.93372344970703,1d
603986.SS,2024-11-21,87.94367980957031,88.79005655215435,87.00768259475046,87.94367980957031,1d
603986.SS,2024-11-22,84.02046203613281,88.60086794709363,83.94080868222818,87.95363601646774,1d
603986.SS,2024-11-25,83.55247497558594,85.07595464595575,81.84975435905724,84.63782699287124,1d
603986.SS,2024-11-26,82.86541748046875,84.01051908041231,82.76584507979696,82.84549844220207,1d
603986.SS,2024-11-27,84.63782501220703,84.63782501220703,81.55103526643326,82.66625821635141,1d
603986.SS,2024-11-28,84.87680053710938,86.08164396175384,84.13995571478272,84.92659053190826,1d
603986.SS,2024-11-29,85.41450500488281,86.94794424221912,83.5524776142428,84.44863679201819,1d
603986.SS,2024-12-02,84.41876220703125,84.93655080877207,83.07451590120901,83.6420869013067,1d
603986.SS,2024-12-03,83.36328125,84.74735803412618,82.65630737872513,84.69756803882917,1d
603986.SS,2024-12-04,85.50411987304688,87.22674427430493,84.99629080122942,85.4543298789306,1d
603986.SS,2024-12-05,84.71749114990234,85.78293176727175,84.1897506006755,85.51407793475694,1d
603986.SS,2024-12-06,85.61365509033203,85.83271132100218,83.95076494337098,84.68761738095105,1d
603986.SS,2024-12-09,82.9649887084961,85.41450619545863,82.4472076741889,84.74736276381128,1d
603986.SS,2024-12-10,83.33341217041016,85.8725424531848,82.97494546747237,85.51407575024702,1d
603986.SS,2024-12-11,83.8511962890625,84.63783116089017,82.72601373909708,82.94507757642722,1d
603986.SS,2024-12-12,84.16983032226562,84.6975708637141,83.02472876422229,83.86115361241166,1d
603986.SS,2024-12-13,92.58383178710938,92.58383178710938,83.46285730223592,83.64209065752037,1d
603986.SS,2024-12-16,96.2481460571289,99.57391103933723,90.70187191922676,91.1897895530778,1d
603986.SS,2024-12-17,93.28083801269531,96.58669147902995,92.76305702987071,94.79435808293259,1d
603986.SS,2024-12-18,102.61092376708984,102.61092376708984,92.90246692962,92.90246692962,1d
603986.SS,2024-12-19,111.67214965820312,112.87699314468618,104.55261305908785,106.04622181707481,1d
603986.SS,2024-12-20,112.71766662597656,114.11170292919333,109.08322487419024,110.22831879769186,1d
603986.SS,2024-12-23,106.79302215576172,116.50147871537642,106.79302215576172,116.16293105621342,1d
603986.SS,2024-12-24,107.53982543945312,108.52560504551987,102.38189647098167,107.53982543945312,1d
603986.SS,2024-12-25,109.2923355102539,113.51426754442701,107.5000019313239,108.535571599496,1d
603986.SS,2024-12-26,114.51000213623047,115.38624985248063,107.52986857453715,108.03769766766092,1d
603986.SS,2024-12-27,111.48294830322266,116.99934380800964,111.01494971248879,114.50003654932311,1d
603986.SS,2024-12-30,113.33502960205078,115.26676598154778,109.82007162261401,112.72762811358805,1d
603986.SS,2024-12-31,106.34494018554688,113.59391970439566,106.34494018554688,113.514258752194,1d
603986.SS,2025-01-02,102.5511703491211,106.74323115343809,101.32641547971718,105.79728202351193,1d
603986.SS,2025-01-03,102.66069793701172,106.14578472748079,99.66352117008014,103.15856747850731,1d
603986.SS,2025-01-06,99.11587524414062,104.35346526547251,98.20974897715489,103.1984042126406,1d
603986.SS,2025-01-07,104.75175476074219,105.876944853866,99.22540707755098,100.01204191181621,1d
603986.SS,2025-01-08,114.16149139404297,115.22693194638985,103.35772348350208,103.71619017372034,1d
603986.SS,2025-01-09,122.37633514404297,124.75615095096212,112.62804858404006,112.83715288039726,1d
603986.SS,2025-01-10,119.98656463623047,123.33224870603728,119.3692036434719,119.48869507342452,1d
603986.SS,2025-01-13,117.34785461425781,121.38060111793587,115.53560970673561,118.49295612984797,1d
603986.SS,2025-01-14,129.08763122558594,129.08763122558594,114.02209963742938,117.48726785139225,1d
603986.SS,2025-01-15,132.2938995361328,137.21285319930726,127.66371872506028,129.2369731575419,1d
603986.SS,2025-01-16,127.65375518798828,133.3095614251616,124.6366667979751,131.5072760060062,1d
603986.SS,2025-01-17,134.21568298339844,137.17302968681435,127.89274804301229,128.35077957639757,1d
603986.SS,2025-01-20,132.4333038330078,134.30529825295554,130.4418255798799,134.2256372995776,1d
603986.SS,2025-01-21,131.53713989257812,139.20432784834313,127.57408737407633,133.45890904364808,1d
603986.SS,2025-01-22,135.62962341308594,138.7064534475804,128.05204859419962,129.44607719416638,1d
603986.SS,2025-01-23,129.91409301757812,140.39922544717362,129.09757959076023,136.41626869689918,1d
603986.SS,2025-01-24,129.9439697265625,131.11893472686353,126.90696203136297,129.2369881868505,1d
603986.SS,2025-01-27,126.85716247558594,130.8899012602535,125.95103625082183,128.78889115785893,1d
603986.SS,2025-02-05,134.77330017089844,138.1189843261469,132.68224187620305,133.4091272022063,1d
603986.SS,2025-02-06,140.03079223632812,142.78897855932246,132.43329816386745,132.53287814977037,1d
603986.SS,2025-02-07,137.9696044921875,142.9383479710877,134.8927743815288,138.9056016583802,1d
603986.SS,2025-02-10,134.05636596679688,137.90987159632564,133.33943256682312,137.90987159632564,1d
603986.SS,2025-02-11,133.42904663085938,135.79891067929566,131.42761640115503,134.02649620074584,1d
603986.SS,2025-02-12,134.40487670898438,134.86292343901556,130.43188691423205,132.93118690615438,1d
603986.SS,2025-02-13,127.13597106933594,134.3052972871743,126.45886816426598,134.3052972871743,1d
603986.SS,2025-02-14,126.77751159667969,127.89274220878664,124.50722749068251,126.72772159912007,1d
603986.SS,2025-02-17,126.94677734375,128.2512007471954,125.273935330634,126.75759207823064,1d
603986.SS,2025-02-18,122.94391632080078,126.91691347503748,122.15728146624743,126.85717155594558,1d
603986.SS,2025-02-19,126.9666976928711,127.89273538107831,122.47591212129535,122.93395120622014,1d
603986.SS,2025-02-20,127.84294891357422,129.45604147523318,124.46739380143038,126.95674167745898,1d
603986.SS,2025-02-21,137.4617919921875,139.6026250762129,127.05631336985135,127.8628672431033,1d
603986.SS,2025-02-24,142.3907012939453,146.93126947762954,136.46605627186813,138.20859981917164,1d
603986.SS,2025-02-25,136.416259765625,141.14602059691492,134.78324821267793,138.40773801037864,1d
603986.SS,2025-02-26,136.18724060058594,136.91412588740448,130.7504984437242,136.41625633872303,1d
603986.SS,2025-02-27,133.170166015625,137.8999272134182,129.95391746160803,135.42053113681624,1d
603986.SS,2025-02-28,131.26829528808594,140.17020580962762,130.55136187737293,131.4276172001941,1d
603986.SS,2025-03-03,129.0278778076172,134.4247820488439,125.85146756375559,134.4247820488439,1d
603986.SS,2025-03-04,133.92691040039062,137.05353060050012,123.48160925539918,126.31946420175505,1d
603986.SS,2025-03-05,135.30104064941406,137.29251895067114,132.4333070335963,134.8230749175953,1d
603986.SS,2025-03-06,137.1431427001953,139.23420089855216,134.63389109469466,135.3209383144896,1d
603986.SS,2025-03-07,134.10614013671875,135.7690378717156,130.6409721823663,135.7590707562965,1d
603986.SS,2025-03-10,131.95535278320312,133.43899435188467,130.0833583706794,131.64667608619618,1d
603986.SS,2025-03-11,127.63383483886719,130.2426817004,126.75759473315415,128.55988013378325,1d
603986.SS,2025-03-12,127.93255615234375,130.63101581629226,126.60822891429646,128.83868238578893,1d
603986.SS,2025-03-13,123.75045776367188,127.64380140541863,122.4759128937751,127.00652897047024,1d
603986.SS,2025-03-14,129.33656311035156,129.88422270499953,123.27251507433184,123.4318293947558,1d
603986.SS,2025-03-17,127.48448181152344,129.55562106113112,126.95674127896375,128.72915574563092,1d
603986.SS,2025-03-18,129.35647583007812,131.63671178434038,127.47452945586501,128.23128573546774,1d
603986.SS,2025-03-19,130.3920440673828,131.41765421896238,127.56414841047948,128.45035568302222,1d
603986.SS,2025-03-20,127.85289764404297,132.32377178755345,127.58405901965926,129.75476302036293,1d
603986.SS,2025-03-21,123.08331298828125,127.58405805606412,122.65514486364995,126.45886799067512,1d
603986.SS,2025-03-24,124.58688354492188,124.66653690224068,121.33081231297318,123.28246010968823,1d
603986.SS,2025-03-25,118.8016357421875,124.26824915403655,118.45312855851721,123.83012149634426,1d
603986.SS,2025-03-26,116.4616470336914,119.6280977519488,116.08326890144319,118.80163245575984,1d
603986.SS,2025-03-27,117.12879180908203,119.77746155681129,116.0533993160537,116.0533993160537,1d
603986.SS,2025-03-28,116.51143646240234,117.71627988498398,116.15296977174654,116.5014769440823,1d
603986.SS,2025-03-31,116.38198852539062,117.38768718890559,113.61383491796686,116.55126995366392,1d
603986.SS,2025-04-01,116.98938751220703,118.47304427622542,115.30659355909702,116.99934703057193,1d
603986.SS,2025-04-02,117.0889663696289,118.17432602472645,116.20275910839136,116.98939397114245,1d
603986.SS,2025-04-03,115.25680541992188,117.7959432649038,114.41042867055683,115.15723302532953,1d
603986.SS,2025-04-07,103.75601959228516,111.51282872172159,103.73610815130105,104.5526139756161,1d
603986.SS,2025-04-08,103.03909301757812,106.2055438932195,100.45016508893919,105.40894951565566,1d
603986.SS,2025-04-09,104.51277923583984,107.04195756338245,98.44873151898736,101.55543277416824,1d
603986.SS,2025-04-10,107.44025421142578,110.04908588373864,106.22545125093504,108.52560622232825,1d
603986.SS,2025-04-11,111.84141540527344,116.30232991578974,105.64791698792949,107.23114610727008,1d
603986.SS,2025-04-14,111.25393676757812,114.00217130724292,109.90968285937262,113.8328974777414,1d
603986.SS,2025-04-15,109.53130340576172,111.26388735068825,108.3364194982717,110.52704252763229,1d
603986.SS,2025-04-16,108.7247543334961,110.12874250860756,106.54408328204681,109.64083247864974,1d
603986.SS,2025-04-17,108.73471069335938,110.5370036967435,107.81863251081049,108.46586446906947,1d
603986.SS,2025-04-18,107.83855438232422,108.41607732318019,106.9324280975669,108.41607732318019,1d
603986.SS,2025-04-21,111.98082733154297,112.5185274006593,107.549791016909,108.44595779876954,1d
603986.SS,2025-04-22,111.87129211425781,115.2866777066368,111.47299493441356,111.91112259193092,1d
603986.SS,2025-04-23,114.11170196533203,114.60957152678364,111.73188606934426,112.50856136970691,1d
603986.SS,2025-04-24,110.68637084960938,114.6095780513065,109.73045455194341,114.6095780513065,1d
603986.SS,2025-04-25,112.15009307861328,114.3905060732005,110.2084048553923,110.72618584928905,1d
603986.SS,2025-04-28,114.70914459228516,115.00786936966233,109.34211129611852,112.15009533529455,1d
603986.SS,2025-04-29,126.18006134033203,126.18006134033203,115.62522828487349,115.70488164010641,1d
603986.SS,2025-04-30,128.14166259765625,129.14735358269905,124.9652525519847,126.33936972564543,1d
603986.SS,2025-05-06,131.2882080078125,134.46460301264014,129.74480934530385,130.0036960446914,1d
603986.SS,2025-05-07,129.7946014404297,132.20428830745894,128.79886231221394,131.4973068411655,1d
603986.SS,2025-05-08,126.97665405273438,129.4460905065668,126.48874399256871,128.55988326392665,1d
603986.SS,2025-05-09,123.86994934082031,126.39912764365623,123.18288690984232,125.78176664793061,1d
603986.SS,2025-05-12,124.94534301757812,126.08048496026905,123.34220249209797,124.97521397445637,1d
603986.SS,2025-05-13,124.9752197265625,127.97239662043681,124.62671255213215,126.48873985418288,1d
603986.SS,2025-05-14,123.95956420898438,127.09614403954139,122.95387314087256,124.99513383287328,1d
603986.SS,2025-05-15,121.48017883300781,124.05913963877657,120.98230924762663,123.47165717453252,1d
603986.SS,2025-05-16,121.7689437866211,122.85429583341607,121.23124372418513,121.51004947576965,1d
603986.SS,2025-05-19,125.76185607910156,127.2455052665427,121.34077187850842,122.44604292865671,1d
603986.SS,2025-05-20,125.61249542236328,128.00227090422314,123.97948382241785,125.26398823887861,1d
603986.SS,2025-05-21,117.6366195678711,124.039222442673,116.58113852684028,124.01931100281189,1d
603986.SS,2025-05-22,117.1586685180664,120.0164349307605,116.99934661234403,117.49721617239656,1d
603986.SS,2025-05-23,114.90829467773438,117.70631914252778,114.90829467773438,116.5313466902393,1d
603986.SS,2025-05-26,115.53560638427734,116.58113547646437,114.1415701269901,114.98795443823029,1d
603986.SS,2025-05-27,112.41895294189453,115.37629946939711,112.36916294502528,114.93817180698579,1d
603986.SS,2025-05-28,113.01639556884766,114.79876959120746,112.7475493361159,113.16575796342616,1d
603986.SS,2025-05-29,113.26532745361328,113.9523898929071,112.04056496577041,113.2852388938321,1d
603986.SS,2025-05-30,111.82150268554688,113.81298086269366,111.0149488579197,112.71766178775384,1d
603986.SS,2025-06-03,112.39903259277344,114.64940520041641,110.53700524302772,110.63657763871738,1d
603986.SS,2025-06-04,115.08753204345703,116.36207693179544,112.38907987585907,112.77741753412197,1d
603986.SS,2025-06-05,117.39765167236328,117.97518222410416,114.29094267389347,115.49578617859537,1d
603986.SS,2025-06-06,122.9140396118164,127.23554375342431,116.51143675550554,117.15866870397821,1d
603986.SS,2025-06-09,122.10749053955078,123.37208352787354,120.85286466685007,122.4759167638824,1d
603986.SS,2025-06-10,118.8912582397461,122.38630484835262,117.20845661395649,122.37634532953915,1d
603986.SS,2025-06-11,118.64231872558594,121.28102893649876,118.4929563368764,119.0505678180462,1d
603986.SS,2025-06-12,119.43891143798828,121.67932458990718,118.492962257044,119.36920999935961,1d
603986.SS,2025-06-13,118.39338684082031,119.45882743092251,117.27815625430088,118.39338684082031,1d
603986.SS,2025-06-16,120.49440002441406,123.7902942717014,118.49296215004543,118.49296215004543,1d
603986.SS,2025-06-17,121.79881286621094,124.46739409958144,119.66793168697706,122.08757813214838,1d
603986.SS,2025-06-18,122.0975341796875,124.08901242866496,118.4929558141591,121.47021366925215,1d
603986.SS,2025-06-19,122.68501281738281,125.95103582906344,121.6793142056649,121.85854754639793,1d
603986.SS,2025-06-20,118.45313262939453,122.72485464803998,116.99935432977443,122.08758217688835,1d
603986.SS,2025-06-23,119.69779968261719,121.17149693490109,116.88981564512532,117.20845186225607,1d
603986.SS,2025-06-24,123.38204193115234,124.36782156418705,121.38060410914758,121.73907081150327,1d
603986.SS,2025-06-25,124.96526336669922,125.254028631922,122.07761831135828,124.44748235115664,1d
603986.SS,2025-06-26,122.724853515625,125.11462905883609,122.47591872147567,124.66654187123505,1d
603986.SS,2025-06-27,125.80167388916016,126.95673488837556,121.77889462187873,123.77037281620619,1d
603986.SS,2025-06-30,125.9908676147461,127.95247486514549,124.66653278316149,127.82302391961699,1d
603986.SS,2025-07-01,123.49156951904297,126.0107960208928,122.9837480079965,125.46313643421087,1d
603986.SS,2025-07-02,120.46452331542969,122.77463779364129,119.58826801883745,122.75471875678056,1d
603986.SS,2025-07-03,119.54586029052734,121.37320025875349,118.82690636084513,120.40460997117033,1d
603986.SS,2025-07-04,118.6771240234375,120.12501948245355,117.3390767905852,119.01663343456086,1d
603986.SS,2025-07-07,120.63426971435547,120.63426971435547,117.68856377360191,118.80693738623663,1d
603986.SS,2025-07-08,121.532958984375,123.32035615375459,120.83398025592345,122.82108345677582,1d
603986.SS,2025-07-09,119.29621887207031,120.81400451167269,119.11648039727427,120.73412667043858,1d
603986.SS,2025-07-10,117.88826751708984,119.6956398720061,117.86829996113521,118.84687018714585,1d
603986.SS,2025-07-11,118.18783569335938,118.92675716586385,117.19927786760235,117.72850571757029,1d
603986.SS,2025-07-14,117.41895294189453,119.02661168660678,117.28914477915083,118.43747354227344,1d
603986.SS,2025-07-15,114.83272552490234,117.38899941177553,113.83418008555537,116.92966942387157,1d
603986.SS,2025-07-16,114.07382202148438,116.23068369799675,113.83417326352634,114.83271864303096,1d
603986.SS,2025-07-17,117.81836700439453,118.01808065095098,113.65443460697465,113.88410339594041,1d
603986.SS,2025-07-18,116.98958587646484,120.12501790757638,116.06093832468359,117.68856462800039,1d
603986.SS,2025-07-21,116.93965148925781,117.35903872558791,115.23213978280235,116.65007241132606,1d
603986.SS,2025-07-22,115.70146179199219,117.15933720654542,115.63156391657857,116.79986024204769,1d
603986.SS,2025-07-23,116.81982421875,118.18783415940563,115.3319937057983,115.60159761176126,1d
603986.SS,2025-07-24,117.71852111816406,117.82836172584685,114.97252116268882,116.43039658849094,1d
603986.SS,2025-07-25,121.76262664794922,121.82253693317617,117.72850237957303,117.72850237957303,1d
603986.SS,2025-07-28,120.08507537841797,122.02224832948997,119.53587234536064,121.8225422910857,1d
603986.SS,2025-07-29,120.10504150390625,121.32326813122965,119.22632427978137,119.82545000615274,1d
603986.SS,2025-07-30,123.80964660644531,129.48138499360925,123.13063540452086,123.87954448230678,1d
603986.SS,2025-07-31,120.95380401611328,126.61556233901517,120.10504193253338,120.8239958540636,1d
603986.SS,2025-08-01,117.13935852050781,121.92239190414813,116.91967731342211,120.32472078665687,1d
603986.SS,2025-08-04,118.66712951660156,120.0251518453164,116.13083095092482,116.13083095092482,1d
603986.SS,2025-08-05,117.82836151123047,119.12647362604592,117.12938275297422,118.82690694776633,1d
603986.SS,2025-08-06,118.10794830322266,118.47741284258998,116.83979900145916,117.82835681107302,1d
603986.SS,2025-08-07,117.49883270263672,119.026605910772,117.14934334428824,117.80838694999964,1d
603986.SS,2025-08-08,116.2306900024414,117.508826938607,116.2306900024414,117.508826938607,1d
603986.SS,2025-08-11,117.77842712402344,118.32763014246754,116.31057178238495,116.62011841916427,1d
603986.SS,2025-08-12,120.29476928710938,121.32326986207433,117.42894115765698,118.13790749944548,1d
603986.SS,2025-08-13,121.2833251953125,122.82108604865387,119.76553951651799,120.31473492380617,1d
603986.SS,2025-08-14,120.833984375,125.30746362617874,120.37465439231718,121.52297553987573,1d
603986.SS,2025-08-15,122.72122955322266,123.32035526160348,119.8354339950262,119.8354339950262,1d
603986.SS,2025-08-18,125.51715850830078,127.79384850629256,121.33325830355548,123.1506106959694,1d
603986.SS,2025-08-19,123.0807113647461,128.69253940249544,122.67130408322747,125.2974834298054,1d
603986.SS,2025-08-20,126.82525634765625,127.06490511612736,121.832529231109,122.82108706706221,1d
603986.SS,2025-08-21,136.9604949951172,139.50678889190198,131.89786234555496,131.89786234555496,1d
603986.SS,2025-08-22,150.66053771972656,150.66053771972656,134.88351704955875,134.92345216222415,1d
603986.SS,2025-08-25,157.57046508789062,163.2621707454595,152.6576236131157,158.7687165047588,1d
603986.SS,2025-08-26,154.17539978027344,157.57046319667688,152.39799023199012,157.57046319667688,1d
603986.SS,2025-08-27,158.39926147460938,168.25489968426245,151.9586314635927,155.6432664227232,1d
603986.SS,2025-08-28,164.21078491210938,165.55882727153983,158.77869559982884,160.76580639384565,1d
603986.SS,2025-08-29,158.74874877929688,161.7643602552397,156.17249973202584,161.56465421582365,1d
603986.SS,2025-09-01,174.62562561035156,174.62562561035156,156.7716288617265,163.87128731327223,1d
603986.SS,2025-09-02,175.74398803710938,187.7265326760032,172.79828219403333,179.01921568614623,1d
603986.SS,2025-09-03,170.84112548828125,177.47146620515582,168.3048269259818,176.00360327693357,1d
603986.SS,2025-09-04,153.75601196289062,170.8211639333752,153.75601196289062,168.75416770180613,1d
603986.SS,2025-09-05,159.32789611816406,163.75146001138026,145.5879173708807,149.78180485963176,1d
603986.SS,2025-09-08,163.59169006347656,168.7541678064422,158.91848980119278,161.69444471541271,1d
603986.SS,2025-09-09,156.92140197753906,162.5631925742059,154.39508335922437,160.7658078245015,1d
603986.SS,2025-09-10,161.05538940429688,163.01254519620585,155.4735239790165,156.91143186913828,1d
603986.SS,2025-09-11,177.16192626953125,177.16192626953125,159.76726691279228,161.0254286545567,1d
603986.SS,2025-09-12,189.93333435058594,194.87613121836145,177.241815137222,179.728198761504,1d
603986.SS,2025-09-15,190.66226196289062,194.21708116486556,186.3485385021163,193.22851572928968,1d
603986.SS,2025-09-16,188.88485717773438,196.51374365274972,186.6181547856022,188.72508625216688,1d
603986.SS,2025-09-17,186.32858276367188,192.2998801505918,182.70385798813007,188.7151057246207,1d
603986.SS,2025-09-18,190.60235595703125,200.55785508187228,186.52828878700234,189.11451778581815,1d
603986.SS,2025-09-19,184.93060302734375,195.59507570672977,184.64103156858496,194.0273521321648,1d
603986.SS,2025-09-22,194.72633361816406,197.80185528881097,186.00903651334144,188.6052606566363,1d
603986.SS,2025-09-23,193.7877197265625,201.2967704213136,188.41554041491727,195.71490510098147,1d
603986.SS,2025-09-24,199.50936889648438,207.92709909097002,192.7192573017467,194.3169359957767,1d
603986.SS,2025-09-25,197.1228485107422,204.20253164801568,192.81912033048982,198.71053201934043,1d
603986.SS,2025-09-26,189.93333435058594,205.72033527791103,189.93333435058594,195.7248856981888,1d
603986.SS,2025-09-29,196.84326171875,203.33380688934687,194.81621575362956,196.21417323419752,1d
603986.SS,2025-09-30,212.98974609375,216.52459025877351,202.70472498089788,204.04277221807783,1d
603986.SS,2025-10-09,225.16200256347656,234.28870670054567,218.2820255248428,221.67707371228553,1d
603986.SS,2025-10-10,214.70724487304688,230.16472402505588,211.8114539537686,225.171996822777,1d
603986.SS,2025-10-13,207.54766845703125,214.5874013707386,201.20689904268627,201.20689904268627,1d
603986.SS,2025-10-14,195.71490478515625,220.20922302735056,192.71926848742424,215.13661040146644,1d
603986.SS,2025-10-15,201.71615600585938,202.10558811250624,186.13885650339168,195.26556108687896,1d
603986.SS,2025-10-16,207.82725524902344,214.48755111913798,198.24121348637183,201.14698420502106,1d
603986.SS,2025-10-17,200.91732788085938,211.19235340631352,200.70762664146108,207.8172650577272,1d
603986.SS,2025-10-20,208.04693603515625,214.6872567180781,202.73466729954413,207.42782753862068,1d
603986.SS,2025-10-21,218.69142150878906,221.67707772549076,209.35503120600043,210.6930783787322,1d
603986.SS,2025-10-22,210.6231689453125,213.68871056464104,205.00136883666823,213.68871056464104,1d
603986.SS,2025-10-23,206.65896606445312,207.79730722958737,200.09851536570488,205.6803805861178,1d
603986.SS,2025-10-24,220.7584228515625,221.55726223332374,211.69162862724943,213.68871946335554,1d
603986.SS,2025-10-27,242.8362579345703,242.8362579345703,222.50587300867446,229.6654416885749,1d
603986.SS,2025-10-28,246.59078979492188,254.06990051754613,234.2387877564448,236.15599314513025,1d
603986.SS,2025-10-29,240.79922485351562,252.2625373842399,235.65672197289723,246.60078661268912,1d
603986.SS,2025-10-30,231.66253662109375,246.64071786814722,231.4428554105428,245.88182883680363,1d
603986.SS,2025-10-31,219.67999267578125,234.3386321462183,215.68581099076704,230.66399230957032,1d
603986.SS,2025-11-03,229.7653045654297,230.344447494094,216.3448518387983,216.68435362086876,1d
603986.SS,2025-11-04,224.66273498535156,230.8836685598365,222.17635145468498,230.66398735295382,1d
603986.SS,2025-11-05,218.07232666015625,220.16927806944267,210.64314653611615,212.69016762868748,1d
603986.SS,2025-11-06,226.8695068359375,227.668346185662,221.92671026212005,224.17343736263646,1d
603986.SS,2025-11-07,220.62860107421875,227.55850852498827,219.23064362158232,222.35608033424666,1d
603986.SS,2025-11-10,218.64151000976562,231.11333244818735,212.19089994726744,228.15764656259088,1d
603986.SS,2025-11-11,216.67437744140625,226.67979163812362,216.39478594109443,223.27476331577023,1d
603986.SS,2025-11-12,209.1952667236328,218.26206101909133,206.70888312799667,212.69017571424243,1d
603986.SS,2025-11-13,227.16908264160156,230.11478857798707,211.57180808495198,211.6916286594265,1d
603986.SS,2025-11-14,205.4806671142578,216.1750948400734,205.4806671142578,215.68580211861223,1d
603986.SS,2025-11-17,207.1981658935547,214.42763991400219,206.05982477232612,207.50771252281783,1d
603986.SS,2025-11-18,202.2054443359375,207.27805681729944,201.27680442366335,204.9813993404861,1d
603986.SS,2025-11-19,202.2254180908203,205.20107910798924,198.7404891697007,199.9587157731136,1d
603986.SS,2025-11-20,198.81039428710938,207.69744221011635,198.3710318753484,207.19816951249587,1d
603986.SS,2025-11-21,182.24452209472656,190.29281111007845,182.24452209472656,188.72508746151547,1d
603986.SS,2025-11-24,178.9193572998047,184.48126248643842,175.74399024418491,183.48271708732372,1d
603986.SS,2025-11-25,190.3427276611328,191.32131316660875,183.92208776972535,184.7309071415169,1d
603986.SS,2025-11-26,196.21417236328125,198.59071530629205,186.52828496823955,186.73797097109713,1d
603986.SS,2025-11-27,200.5678253173828,207.69743870978377,198.59070973437233,198.59070973437233,1d
603986.SS,2025-11-28,202.7047119140625,204.05275427019728,196.37393786870126,198.71053039851446,1d
603986.SS,2025-12-01,212.51043701171875,215.13660102404327,200.9073292300451,203.74319447817177,1d
603986.SS,2025-12-02,210.1938018798828,216.4746455977507,207.79729906947634,211.47193874364538,1d
603986.SS,2025-12-03,207.29803466796875,210.68310302220246,205.89008197318816,210.11392482093603,1d
603986.SS,2025-12-04,210.10394287109375,212.67019664561158,201.69619236744515,205.7003539667702,1d
603986.SS,2025-12-05,206.50917053222656,210.69307817168996,205.20107850370752,210.61319271176444,1d
603986.SS,2025-12-08,213.57887268066406,216.6543943077069,207.22812339606259,208.3165342134783,1d
603986.SS,2025-12-09,210.64315795898438,214.98683672666033,208.9955640741938,211.69163372048487,1d
603986.SS,2025-12-10,208.53622436523438,209.89424676223857,203.20399541505674,208.78586072323813,1d
603986.SS,2025-12-11,207.50772094726562,212.69017410630238,207.1981743054354,211.57180811347223,1d
603986.SS,2025-12-12,209.58470153808594,214.12808633189746,203.71324948229292,205.70036039065815,1d
603986.SS,2025-12-15,203.863037109375,208.37645144861648,203.20399347375863,204.72178678216767,1d
603986.SS,2025-12-16,197.5721893310547,205.16114030734616,195.84471009134532,202.70471197049918,1d
603986.SS,2025-12-17,201.8859100341797,202.57490882661952,195.66497620033482,196.72343193039254,1d
603986.SS,2025-12-18,214.1380615234375,218.56162564160948,203.20399225996223,203.20399225996223,1d
603986.SS,2025-12-19,209.90423583984375,220.67853403262976,207.89714982867002,219.67998862976717,1d
603986.SS,2025-12-22,216.1451416015625,219.18071287994442,213.1994205148124,213.1994205148124,1d
603986.SS,2025-12-23,217.06381225585938,221.00806368987088,214.68726923696792,216.67438014438167,1d
603986.SS,2025-12-24,223.77403259277344,224.67271736760634,215.88551470768786,219.67999031499286,1d
603986.SS,2025-12-25,221.6770782470703,228.49714514045024,217.013873069093,222.67562364457962,1d
603986.SS,2025-12-26,226.6398468017578,229.66543809336468,219.6799842632184,220.67852964623302,1d
603986.SS,2025-12-29,227.59844970703125,234.09899012665687,224.67271894719508,225.38169289775198,1d
603986.SS,2025-12-30,219.89967346191406,229.20610884696185,218.781307467984,225.67126476666496,1d
603986.SS,2025-12-31,213.9383544921875,228.54707874349006,212.27078548276333,227.67833387428328,1d
603986.SS,2026-01-05,235.33717346191406,235.33717346191406,220.6785342472033,220.99807608999495,1d
603986.SS,2026-01-06,250.41522216796875,252.9615160663785,233.6596310412861,237.65381276848757,1d
603986.SS,2026-01-07,262.1181640625,273.3717596025694,256.4064832304773,269.6072544642857,1d
603986.SS,2026-01-08,258.3736267089844,266.6116264011549,256.5363067980586,258.6232630632926,1d
603986.SS,2026-01-09,249.686279296875,254.17973357851068,243.9646184445051,254.17973357851068,1d
603986.SS,2026-01-12,261.4491271972656,263.65593445949753,253.6305301676235,254.84875676767106,1d
603986.SS,2026-01-13,263.1167297363281,274.60000257112046,257.11546174689875,265.6130933960656,1d
603986.SS,2026-01-14,252.63198852539062,270.60580589083344,248.68773720640388,269.6072604816422,1d
603986.SS,2026-01-15,254.58914184570312,257.17535553789634,247.83896519140734,249.24691786195532,1d
603986.SS,2026-01-16,280.0520324707031,280.0520324707031,257.1254387731685,259.65175739927446,1d
603986.SS,2026-01-19,288.0304260253906,291.5752499225026,278.47433945922876,280.19183872564497,1d
603986.SS,2026-01-20,291.57525634765625,296.6678439743932,282.4685271894942,282.48848712711583,1d
603986.SS,2026-01-21,307.2024841308594,314.34207759777667,292.58379542011096,294.5708910012077,1d
603986.SS,2026-01-22,301.031494140625,319.554499809503,296.2684433760191,319.53453987110885,1d
603986.SS,2026-01-23,296.817626953125,310.2280846689307,294.57089975162955,295.56944517451643,1d
603986.SS,2026-01-26,292.17437744140625,307.5519698387043,290.0774260978688,299.56360698575094,1d
603986.SS,2026-01-27,306.8130798339844,311.96557793073976,286.2530330025811,289.57817588994203,1d
603986.SS,2026-01-28,323.20916748046875,328.1020338416233,313.42343475815954,313.42343475815954,1d
603986.SS,2026-01-29,307.0527038574219,330.58842573983037,306.54343596301914,329.40015430168165,1d
603986.SS,2026-01-30,314.4219970703125,320.41326978743524,307.5619946849172,314.54181764894474,1d
603986.SS,2026-02-02,282.977783203125,305.64474451156,282.977783203125,300.36243104323034,1d
603986.SS,2026-02-03,292.1444396972656,296.1685765051567,284.7851648564365,293.5823475342816,1d
603986.SS,2026-02-04,281.9193115234375,289.07889550423187,278.5941687242856,285.573991372087,1d
603986.SS,2026-02-05,277.33599853515625,279.1134081852073,267.8198617870244,269.5473563547502,1d
603986.SS,2026-02-06,275.768310546875,280.1019941464266,267.8099020853244,270.60581715819995,1d
603986.SS,2026-02-09,292.5538330078125,294.01170071320246,279.79242441842945,283.55692948699715,1d
603986.SS,2026-02-10,289.4783020019531,291.0759807180274,283.75665642927197,286.71234224643786,1d
603986.SS,2026-02-11,284.176025390625,286.0832507188665,280.0919784525028,284.5854326522756,1d
603986.SS,2026-02-12,302.79888916015625,304.55633876807366,284.5854313078721,290.0774308594275,1d
603986.SS,2026-02-13,308.2509765625,317.1380245103689,300.5621648083601,302.7988967485373,1d
603986.SS,2026-02-24,322.580078125,330.67829713604345,310.54761828738424,317.03816336413024,1d
603986.SS,2026-02-25,310.8671569824219,316.54888266843244,301.5207563204181,315.54034207683037,1d
603986.SS,2026-02-26,308.949951171875,315.5403571306335,305.604817873479,315.5403571306335,1d
603986.SS,2026-02-27,299.5636291503906,305.5549017333984,296.2584462132864,303.05853815714516,1d
603986.SS,2026-03-02,292.72357177734375,299.5436537813207,290.12734769714564,290.4468895320102,1d
603986.SS,2026-03-03,272.4930725097656,295.66930302398043,272.1934906018111,294.57089697452267,1d
603986.SS,2026-03-04,278.6640625,289.578156032774,272.4930594539697,272.4930594539697,1d
603986.SS,2026-03-05,282.3886413574219,289.4583602155852,279.82240270793994,287.7408608209139,1d
603986.SS,2026-03-06,284.575439453125,288.4597956269955,277.1562545578763,277.49575633191444,1d
603986.SS,2026-03-09,275.6883850097656,277.2960588867295,263.6159752543325,272.60288350163927,1d
603986.SS,2026-03-10,285.0248107910156,286.08326651198325,280.7709974956476,283.68676356777706,1d
603986.SS,2026-03-11,281.1204833984375,290.4069433682274,280.9107973983058,287.6210236612027,1d
603986.SS,2026-03-12,274.38031005859375,283.41713394567626,272.03372222037154,279.42295225446844,1d
603986.SS,2026-03-13,277.9251403808594,285.25449076573346,270.38613445815474,270.38613445815474,1d
603986.SS,2026-03-16,305.71466064453125,305.71466064453125,276.59707337864654,279.5927095524225,1d
603986.SS,2026-03-17,295.5694274902344,312.54469866366003,295.449606922367,306.05415380323257,1d
603986.SS,2026-03-18,310.7972717285156,313.22372986169825,301.5607263036521,304.6562232974333,1d
603986.SS,2026-03-19,303.2382507324219,309.2594780962701,296.56797497253035,299.56361108336404,1d
603986.SS,2026-03-20,289.77789306640625,306.25389249601574,289.5781717931358,305.10554088449265,1d
603986.SS,2026-03-23,272.952392578125,282.46852906977966,270.60580478150763,276.5970772120945,1d
603986.SS,2026-03-24,273.3118591308594,277.5956275269879,256.506353074029,277.5856323213402,1d
603986.SS,2026-03-25,277.9950256347656,285.3842552973036,274.7397884418849,274.74975317384406,1d
603986.SS,2026-03-26,261.618896484375,268.3091628967237,259.62180567151717,267.61016892294845,1d
603986.SS,2026-03-27,258.28375244140625,259.8015304533239,239.9005282823238,248.6178252102699,1d
603986.SS,2026-03-30,255.47784423828125,259.1624791668536,249.66630275236537,251.63343839045635,1d
603986.SS,2026-03-31,237.753662109375,251.6334368572612,236.51546034760216,249.53648545547998,1d
603986.SS,2026-04-01,254.6290740966797,255.72748011879293,243.34550815801794,249.63634715360752,1d
603986.SS,2026-04-02,246.6307373046875,259.4220863843905,245.24275978860317,257.48490584325253,1d
603986.SS,2026-04-03,248.7376708984375,254.2296707234913,247.13999212742064,250.62492113794679,1d
603986.SS,2026-04-07,249.29684448242188,255.5876834554056,248.44807481051225,252.73184304476695,1d
603986.SS,2026-04-08,255.5876922607422,256.5862224435757,242.72642238280704,249.74619546245427,1d
603986.SS,2026-04-09,250.12564086914062,253.12127704683994,243.54521515231673,249.6363481416094,1d
603986.SS,2026-04-10,264.70440673828125,267.9297194762403,254.86874330718192,255.11837966690416,1d
603986.SS,2026-04-13,261.7586975097656,269.4474785628352,260.5204805311344,260.6203411626156,1d
603986.SS,2026-04-14,279.60272216796875,280.8209488400879,266.0025379678839,269.1079997009384,1d
603986.SS,2026-04-15,273.6014404296875,287.231579086383,271.58438968591827,284.5854398629961,1d
603986.SS,2026-04-16,286.31292724609375,286.5825235278459,268.1992994593993,269.70711273181917,1d
603986.SS,2026-04-17,288.5396728515625,295.22993928112396,282.48849011088976,283.58689615542505,1d
603986.SS,2026-04-20,290.1174011230469,295.5295003513111,286.70236230471215,292.57381437678924,1d
603986.SS,2026-04-21,305.8244934082031,308.5505333626283,287.83071599280777,290.3769946128359,1d
603986.SS,2026-04-22,313.5232849121094,314.1223877530172,302.06996834789874,303.05851850858295,1d
603986.SS,2026-04-23,304.35662841796875,325.5457632119806,301.46085282703865,325.53579847965995,1d
603986.SS,2026-04-24,297.2669677734375,309.5490635911674,292.3840663044991,304.5563367590518,1d
603986.SS,2026-04-27,302.9786682128906,309.1296812540978,297.31690220847605,301.15131300838715,1d
603986.SS,2026-04-28,307.0527038574219,318.86548227566954,301.580664213453,304.5563404114266,1d
603986.SS,2026-04-29,308.4407043457031,311.2066641433328,296.5679848697473,302.56925249681433,1d
603986.SS,2026-04-30,312.53472900390625,320.5330877678515,306.03421888028913,319.53454232309184,1d
603986.SS,2026-05-06,343.7892150878906,343.7892150878906,329.51999234157637,329.51999234157637,1d
603986.SS,2026-05-07,349.6506652832031,356.84017396899077,338.50689482338527,346.49525812305217,1d
603986.SS,2026-05-08,333.614013671875,342.8006127771,331.3173410406791,340.5039706190903,1d
603986.SS,2026-05-11,361.6032409667969,366.97541995172173,346.50523979579077,349.59074134299993,1d
603986.SS,2026-05-12,353.03570556640625,361.67314744908964,348.6920575584833,361.61323716437255,1d
603986.SS,2026-05-13,364.4690856933594,366.17658986370395,338.8364108337906,343.499631447988,1d
603986.SS,2026-05-14,355.6719055175781,372.95672478249406,354.47363879084884,364.5190035586481,1d
603986.SS,2026-05-15,374.7940368652344,383.4414439187257,344.97748504597627,352.4865356857036,1d
603986.SS,2026-05-18,399.41815185546875,412.2694260157086,395.7634721092088,407.9856578045664,1d
603986.SS,2026-05-19,403.9715270996094,409.4036165472622,379.4672142986539,389.4327084230055,1d
603986.SS,2026-05-20,444.3726806640625,444.3726806640625,407.20681817455664,407.4065394517986,1d
603986.SS,2026-05-21,431.2717590332031,464.15385226527314,426.70839916896836,444.3726700141202,1d
603986.SS,2026-05-22,468.05816650390625,472.3019845034052,438.36143571295014,447.34834441777144,1d
603986.SS,2026-05-25,514.8499755859375,514.8599707911968,460.329422000831,477.41451889308144,1d
603986.SS,2026-05-26,526.219970703125,538.02001953125,491.20001220703125,510.0,1d
603986.SS,2026-05-27,514.1799926757812,552.8200073242188,500.0,541.0,1d
603986.SS,2026-05-28,483.0,499.5,470.0,495.0,1d
603986.SS,2026-05-29,467.010009765625,496.0,464.9100036621094,492.6600036621094,1d
603986.SS,2026-06-01,468.0,489.9599914550781,455.0,476.0,1d
603986.SS,2026-06-02,474.69000244140625,480.6600036621094,448.1099853515625,471.0,1d
603986.SS,2026-06-03,492.2300109863281,510.0,477.0,478.8900146484375,1d
603986.SS,2026-06-04,529.3099975585938,538.0,485.010009765625,487.04998779296875,1d
603986.SS,2026-06-05,488.0,519.7999877929688,484.8999938964844,507.0,1d
603986.SS,2026-06-08,474.010009765625,490.70001220703125,451.0,461.1099853515625,1d
603986.SS,2026-06-09,500.5,502.8800048828125,477.0299987792969,493.0,1d
603986.SS,2026-06-10,480.8399963378906,497.260009765625,475.6499938964844,489.1099853515625,1d
603986.SS,2026-06-11,483.5,486.0,471.0,480.5199890136719,1d
603986.SS,2026-06-12,481.4700012207031,510.0,481.0,508.0,1d
603986.SS,2026-06-15,518.0,519.0,476.6600036621094,494.9700012207031,1d
603986.SS,2026-06-16,532.760009765625,542.8400268554688,517.7100219726562,526.0,1d
603986.SS,2026-06-17,586.0399780273438,586.0399780273438,521.0,521.0,1d
603986.SS,2026-06-18,629.0,644.6400146484375,586.5999755859375,594.0,1d
603986.SS,2026-06-22,689.7000122070312,689.7000122070312,635.0,643.0,1d
603986.SS,2026-06-23,640.989990234375,688.7999877929688,636.0,680.0,1d
603986.SS,2026-06-24,705.0900268554688,705.0900268554688,630.9299926757812,641.0,1d
603986.SS,2026-06-25,775.2100219726562,775.3900146484375,735.0,740.0,1d
603986.SS,2026-06-26,770.0,779.0,732.52001953125,753.0,1d
603986.SS,2026-06-29,840.0,846.6599731445312,750.0,779.0,1d
603986.SS,2026-06-30,815.0,833.0,781.1099853515625,810.0,1d
603986.SS,2026-07-01,772.010009765625,843.3800048828125,753.0,803.0,1d
603986.SS,2026-07-02,694.8099975585938,731.989990234375,694.8099975585938,721.0,1d
603986.SS,2026-07-03,677.77001953125,717.6599731445312,642.3499755859375,672.5399780273438,1d
603986.SS,2026-07-06,654.2899780273438,694.989990234375,630.0,690.0,1d
603986.SS,2026-07-07,620.0,646.2000122070312,607.0,625.0,1d
603986.SS,2026-07-08,603.1699829101562,641.0,589.0,630.0,1d
603986.SS,2026-07-09,663.489990234375,663.489990234375,630.0,633.0,1d
603986.SS,2026-07-10,612.0,707.969970703125,607.1799926757812,688.0,1d
603986.SS,2026-07-13,550.7999877929688,600.0,550.7999877929688,580.0,1d
603986.SS,2026-07-14,583.989990234375,587.2000122070312,534.5800170898438,551.0,1d
603986.SS,2026-07-15,571.7899780273438,608.0700073242188,565.2899780273438,600.0,1d
603986.SS,2026-07-16,514.6099853515625,548.0,514.6099853515625,543.260009765625,1d
603986.SS,2026-07-17,463.1499938964844,509.8800048828125,463.1499938964844,500.0,1d
603986.SS,2026-07-20,432.29998779296875,485.8699951171875,416.8800048828125,479.0,1d
603986.SS,2026-07-21,475.5299987792969,475.5299987792969,401.0,446.0,1d
603986.SS,2026-07-22,470.0,501.260009765625,460.0,479.94000244140625,1d
603986.SS,2026-07-23,451.9599914550781,483.1600036621094,444.2200012207031,480.0,1d
603986.SS,2026-07-24,457.0,462.5,438.5,444.0,1d
603986.SS,2026-07-27,434.0299987792969,446.1000061035156,411.29998779296875,446.0,1d
603986.SS,2026-07-28,390.6300048828125,408.25,390.6300048828125,400.2200012207031,1d
603986.SS,2026-07-29,364.0299987792969,378.0,351.57000732421875,373.1499938964844,1d
603986.SS,2026-07-30,371.1000061035156,392.07000732421875,342.0,356.75,1d
603986.SS,2026-07-31,378.6000061035156,408.2099914550781,378.0,408.2099914550781,1d
603986.SS,2026-08-03,340.739990234375,370.0,340.739990234375,365.54998779296875,1d
603986.SS,2026-08-04,356.0199890136719,360.760009765625,337.1000061035156,341.989990234375,1d
603986.SS,2026-08-05,385.44000244140625,390.1199951171875,358.0,358.0,1d
603986.SS,2026-08-06,385.0,394.94000244140625,363.0,363.0,1d
603986.SS,2026-08-07,417.04998779296875,422.4800109863281,383.79998779296875,384.0,1d
603986.SS,2026-08-10,403.0299987792969,422.29998779296875,391.1400146484375,415.42999267578125,1d
603986.SS,2026-08-11,402.2900085449219,414.7799987792969,396.5799865722656,397.0,1d
603986.SS,2026-08-12,413.1700134277344,419.95001220703125,401.67999267578125,408.0199890136719,1d
603986.SS,2026-08-13,404.5,431.9100036621094,402.79998779296875,425.260009765625,1d
603986.SS,2026-08-14,417.4800109863281,421.17999267578125,406.54998779296875,419.0,1d
603986.SS,2026-08-17,444.0,444.0,420.2300109863281,423.95001220703125,1d
603986.SS,2026-08-18,436.739990234375,455.80999755859375,429.05999755859375,449.9700012207031,1d
603986.SS,2026-08-19,403.7099914550781,420.0,393.1000061035156,417.0,1d
603986.SS,2026-08-20,403.5,410.5899963378906,397.8299865722656,410.0,1d
603986.SS,2026-08-21,409.05999755859375,411.0,400.1000061035156,405.0,1d
603986.SS,2026-08-24,381.6600036621094,405.510009765625,377.9800109863281,404.9700012207031,1d
603986.SS,2026-08-25,395.510009765625,398.5,367.0,367.0,1d
603986.SS,2026-08-26,392.5,399.0,384.8800048828125,399.0,1d
603986.SS,2026-08-27,411.20001220703125,412.0,394.5799865722656,397.010009765625,1d
603986.SS,2026-08-28,396.82000732421875,410.5299987792969,396.5,406.95001220703125,1d
603986.SS,2026-08-31,406.0,406.6099853515625,387.05999755859375,387.05999755859375,1d
603986.SS,2026-09-01,393.0,406.010009765625,391.5400085449219,406.0,1d
603986.SS,2026-09-02,388.8599853515625,395.95001220703125,387.45001220703125,388.0,1d
603986.SS,2026-09-03,383.20001220703125,393.8900146484375,380.19000244140625,393.1099853515625,1d
603986.SS,2026-09-04,371.8800048828125,388.9700012207031,368.7699890136719,387.5799865722656,1d
603986.SS,2026-09-07,385.44000244140625,386.260009765625,380.29998779296875,382.80999755859375,1d
603986.SS,2026-09-08,385.9599914550781,398.0,381.9599914550781,385.82000732421875,1d
603986.SS,2026-09-09,381.8699951171875,392.8699951171875,380.0,390.0,1d
603986.SS,2026-09-10,380.6400146484375,387.5,379.010009765625,380.8299865722656,1d
603986.SS,2026-09-11,371.32000732421875,373.989990234375,363.0,371.79998779296875,1d
603986.SS,2026-09-14,356.8800048828125,365.8800048828125,355.54998779296875,360.0,1d
603986.SS,2026-09-15,363.1099853515625,371.6600036621094,356.0,356.8699951171875,1d
603986.SS,2026-09-16,373.1400146484375,374.3800048828125,360.9599914550781,366.1099853515625,1d
603986.SS,2026-09-17,369.8800048828125,377.2300109863281,365.3399963378906,370.05999755859375,1d
603986.SS,2026-09-18,388.17999267578125,390.6600036621094,378.0,379.989990234375,1d
603986.SS,2026-09-21,391.7099914550781,403.2300109863281,388.1300048828125,396.0,1d
603986.SS,2026-09-22,402.1000061035156,413.42999267578125,394.0,399.989990234375,1d
603986.SS,2026-09-23,398.7200012207031,408.05999755859375,397.44000244140625,406.29998779296875,1d
603986.SS,2026-09-24,383.7699890136719,394.7699890136719,383.7200012207031,393.0,1d
603986.SS,2026-09-28,358.510009765625,380.0,357.1400146484375,380.0,1d
603986.SS,2026-09-29,367.57000732421875,369.0,358.0,358.55999755859375,1d
603986.SS,2026-09-30,353.8999938964844,370.0,351.2799987792969,369.75,1d
603986.SS,2026-10-08,334.3999938964844,353.79998779296875,331.0,352.0,1d
603986.SS,2026-10-09,326.4599914550781,329.5,311.4200134277344,325.0,1d
SNDK,2025-02-13,36.0,44.0,34.9900016784668,35.060001373291016,1d
SNDK,2025-02-14,36.650001525878906,38.25,35.505001068115234,37.0,1d
SNDK,2025-02-18,47.150001525878906,47.150001525878906,39.0,40.529998779296875,1d
SNDK,2025-02-19,46.0,48.5,45.5,46.5099983215332,1d
SNDK,2025-02-20,48.2599983215332,49.4900016784668,46.709999084472656,48.97999954223633,1d
SNDK,2025-02-21,50.369998931884766,50.689998626708984,48.0,48.9900016784668,1d
SNDK,2025-02-24,48.599998474121094,53.0,46.209999084472656,52.0,1d
SNDK,2025-02-25,48.15999984741211,55.0099983215332,47.810001373291016,48.29999923706055,1d
SNDK,2025-02-26,46.58000183105469,49.90999984741211,45.29999923706055,46.150001525878906,1d
SNDK,2025-02-27,45.15999984741211,47.869998931884766,41.58000183105469,46.040000915527344,1d
SNDK,2025-02-28,46.849998474121094,48.70000076293945,43.75,45.22999954223633,1d
SNDK,2025-03-03,50.310001373291016,50.880001068115234,47.60499954223633,48.4900016784668,1d
SNDK,2025-03-04,48.689998626708984,50.099998474121094,45.09700012207031,46.689998626708984,1d
SNDK,2025-03-05,48.470001220703125,49.39799880981445,46.5,47.599998474121094,1d
SNDK,2025-03-06,46.5,49.060001373291016,45.2400016784668,47.40999984741211,1d
SNDK,2025-03-07,51.0,51.130001068115234,47.15999984741211,49.20000076293945,1d
SNDK,2025-03-10,53.0,53.66999816894531,49.54999923706055,50.4900016784668,1d
SNDK,2025-03-11,52.15999984741211,53.189998626708984,49.81999969482422,51.84000015258789,1d
SNDK,2025-03-12,50.439998626708984,53.099998474121094,50.380001068115234,53.0,1d
SNDK,2025-03-13,48.439998626708984,50.869998931884766,47.86000061035156,50.0,1d
SNDK,2025-03-14,54.81999969482422,54.939998626708984,49.43000030517578,49.43000030517578,1d
SNDK,2025-03-17,55.650001525878906,58.36000061035156,54.744998931884766,54.79999923706055,1d
SNDK,2025-03-18,56.41999816894531,57.88999938964844,54.56999969482422,55.13999938964844,1d
SNDK,2025-03-19,56.33000183105469,57.60499954223633,55.66999816894531,56.29999923706055,1d
SNDK,2025-03-20,56.209999084472656,57.16999816894531,54.91999816894531,56.5099983215332,1d
SNDK,2025-03-21,53.959999084472656,55.45000076293945,51.915000915527344,55.099998474121094,1d
SNDK,2025-03-24,52.9900016784668,55.685001373291016,51.84000015258789,54.61000061035156,1d
SNDK,2025-03-25,52.20000076293945,53.18000030517578,51.7599983215332,52.130001068115234,1d
SNDK,2025-03-26,52.619998931884766,53.70000076293945,51.97999954223633,53.529998779296875,1d
SNDK,2025-03-27,52.880001068115234,54.2400016784668,51.709999084472656,51.95000076293945,1d
SNDK,2025-03-28,48.970001220703125,52.88999938964844,48.45500183105469,52.209999084472656,1d
SNDK,2025-03-31,47.61000061035156,48.39500045776367,47.02000045776367,47.40999984741211,1d
SNDK,2025-04-01,48.11000061035156,49.36000061035156,46.58000183105469,47.54999923706055,1d
SNDK,2025-04-02,47.66999816894531,48.709999084472656,46.5099983215332,46.91999816894531,1d
SNDK,2025-04-03,38.2599983215332,44.79999923706055,37.54999923706055,44.79999923706055,1d
SNDK,2025-04-04,30.110000610351562,35.869998931884766,28.360000610351562,35.720001220703125,1d
SNDK,2025-04-07,31.479999542236328,32.97999954223633,27.885000228881836,29.219999313354492,1d
SNDK,2025-04-08,32.349998474121094,35.84000015258789,31.655000686645508,33.0,1d
SNDK,2025-04-09,36.58000183105469,39.650001525878906,31.260000228881836,31.920000076293945,1d
SNDK,2025-04-10,31.075000762939453,35.029998779296875,30.510000228881836,34.599998474121094,1d
SNDK,2025-04-11,31.969999313354492,32.04999923706055,28.270000457763672,30.559999465942383,1d
SNDK,2025-04-14,33.54999923706055,36.16999816894531,32.47999954223633,33.75,1d
SNDK,2025-04-15,33.22999954223633,34.560001373291016,32.88999938964844,33.29999923706055,1d
SNDK,2025-04-16,32.029998779296875,33.119998931884766,30.75,32.29999923706055,1d
SNDK,2025-04-17,31.290000915527344,32.65999984741211,30.389999389648438,31.75,1d
SNDK,2025-04-21,29.809999465942383,31.06999969482422,28.940000534057617,31.06999969482422,1d
SNDK,2025-04-22,29.6200008392334,31.1200008392334,29.315000534057617,30.260000228881836,1d
SNDK,2025-04-23,30.360000610351562,32.77799987792969,30.200000762939453,31.985000610351562,1d
SNDK,2025-04-24,32.290000915527344,32.97999954223633,30.309999465942383,30.809999465942383,1d
SNDK,2025-04-25,32.849998474121094,33.369998931884766,31.600000381469727,32.2599983215332,1d
SNDK,2025-04-28,32.27000045776367,33.0,31.65999984741211,32.630001068115234,1d
SNDK,2025-04-29,32.939998626708984,33.040000915527344,31.389999389648438,31.389999389648438,1d
SNDK,2025-04-30,32.11000061035156,32.470001220703125,31.010000228881836,31.84000015258789,1d
SNDK,2025-05-01,32.59000015258789,34.189998626708984,32.47999954223633,32.47999954223633,1d
SNDK,2025-05-02,34.400001525878906,35.40999984741211,33.04999923706055,33.11000061035156,1d
SNDK,2025-05-05,34.61000061035156,35.22999954223633,33.525001525878906,33.83000183105469,1d
SNDK,2025-05-06,33.83000183105469,34.43000030517578,33.459999084472656,34.02000045776367,1d
SNDK,2025-05-07,34.970001220703125,35.560001373291016,33.37799835205078,34.0,1d
SNDK,2025-05-08,36.65999984741211,37.7599983215332,33.130001068115234,34.970001220703125,1d
SNDK,2025-05-09,37.7400016784668,38.790000915527344,37.279998779296875,37.959999084472656,1d
SNDK,2025-05-12,41.27000045776367,42.2400016784668,40.0,41.13999938964844,1d
SNDK,2025-05-13,42.0,43.79999923706055,41.29999923706055,41.849998474121094,1d
SNDK,2025-05-14,41.93000030517578,43.43000030517578,41.0099983215332,42.0,1d
SNDK,2025-05-15,40.540000915527344,41.862998962402344,39.75,41.16999816894531,1d
SNDK,2025-05-16,40.439998626708984,41.0,39.92499923706055,40.52000045776367,1d
SNDK,2025-05-19,38.779998779296875,39.5,38.529998779296875,39.33000183105469,1d
SNDK,2025-05-20,40.18000030517578,41.111000061035156,38.45000076293945,38.779998779296875,1d
SNDK,2025-05-21,38.599998474121094,40.47999954223633,38.349998474121094,40.040000915527344,1d
SNDK,2025-05-22,37.84000015258789,39.284000396728516,37.77000045776367,38.400001525878906,1d
SNDK,2025-05-23,37.279998779296875,37.56700134277344,35.790000915527344,36.25,1d
SNDK,2025-05-27,38.18000030517578,38.619998931884766,37.5,37.94499969482422,1d
SNDK,2025-05-28,38.58000183105469,38.90999984741211,37.79999923706055,38.400001525878906,1d
SNDK,2025-05-29,38.599998474121094,39.224998474121094,37.685001373291016,39.040000915527344,1d
SNDK,2025-05-30,37.689998626708984,38.45000076293945,36.68000030517578,38.189998626708984,1d
SNDK,2025-06-02,37.33000183105469,37.880001068115234,36.207000732421875,37.540000915527344,1d
SNDK,2025-06-03,38.63999938964844,39.2400016784668,36.869998931884766,37.45000076293945,1d
SNDK,2025-06-04,39.81999969482422,40.27000045776367,38.349998474121094,38.63999938964844,1d
SNDK,2025-06-05,39.119998931884766,40.45000076293945,37.33000183105469,39.375,1d
SNDK,2025-06-06,39.150001525878906,40.154998779296875,38.529998779296875,39.72999954223633,1d
SNDK,2025-06-09,41.81999969482422,42.23500061035156,39.54999923706055,40.27000045776367,1d
SNDK,2025-06-10,41.59000015258789,42.65999984741211,40.75,41.790000915527344,1d
SNDK,2025-06-11,40.22999954223633,43.22999954223633,39.88999938964844,42.380001068115234,1d
SNDK,2025-06-12,41.29999923706055,41.83000183105469,39.439998626708984,39.66999816894531,1d
SNDK,2025-06-13,42.5,42.83000183105469,40.779998779296875,41.0,1d
SNDK,2025-06-16,44.209999084472656,44.849998474121094,42.560001373291016,43.369998931884766,1d
SNDK,2025-06-17,44.09000015258789,44.558998107910156,43.53499984741211,44.22999954223633,1d
SNDK,2025-06-18,46.619998931884766,47.43000030517578,44.86000061035156,45.0,1d
SNDK,2025-06-20,46.58000183105469,48.209999084472656,44.7599983215332,46.97999954223633,1d
SNDK,2025-06-23,46.95000076293945,48.25,45.80400085449219,46.36000061035156,1d
SNDK,2025-06-24,47.34000015258789,48.75,46.709999084472656,47.18000030517578,1d
SNDK,2025-06-25,47.25,48.15999984741211,47.04999923706055,47.34000015258789,1d
SNDK,2025-06-26,47.439998626708984,49.81999969482422,47.06999969482422,49.595001220703125,1d
SNDK,2025-06-27,47.150001525878906,47.7400016784668,46.189998626708984,47.22999954223633,1d
SNDK,2025-06-30,45.349998474121094,47.34000015258789,45.33000183105469,47.22999954223633,1d
SNDK,2025-07-01,44.959999084472656,45.915000915527344,44.29999923706055,45.70000076293945,1d
SNDK,2025-07-02,46.209999084472656,46.2400016784668,44.16999816894531,44.52000045776367,1d
SNDK,2025-07-03,46.40999984741211,47.31999969482422,45.88999938964844,46.095001220703125,1d
SNDK,2025-07-07,45.220001220703125,47.23500061035156,45.09000015258789,47.13999938964844,1d
SNDK,2025-07-08,46.16999816894531,47.25,45.61000061035156,46.119998931884766,1d
SNDK,2025-07-09,46.20000076293945,47.09000015258789,45.98500061035156,46.119998931884766,1d
SNDK,2025-07-10,46.95000076293945,47.75,46.619998931884766,47.369998931884766,1d
SNDK,2025-07-11,46.09000015258789,47.415000915527344,45.82500076293945,46.290000915527344,1d
SNDK,2025-07-14,42.47999954223633,44.849998474121094,41.459999084472656,44.630001068115234,1d
SNDK,2025-07-15,42.720001220703125,43.45000076293945,42.51499938964844,42.79999923706055,1d
SNDK,2025-07-16,41.36000061035156,42.959999084472656,40.29999923706055,42.7599983215332,1d
SNDK,2025-07-17,41.52000045776367,42.2599983215332,41.040000915527344,41.400001525878906,1d
SNDK,2025-07-18,42.189998626708984,42.28499984741211,40.84000015258789,41.540000915527344,1d
SNDK,2025-07-21,41.61000061035156,42.279998779296875,40.54999923706055,41.72800064086914,1d
SNDK,2025-07-22,41.36000061035156,41.97999954223633,40.88999938964844,41.5099983215332,1d
SNDK,2025-07-23,43.0,43.650001525878906,41.060001373291016,41.060001373291016,1d
SNDK,2025-07-24,42.060001373291016,43.5,42.029998779296875,43.08000183105469,1d
SNDK,2025-07-25,42.47999954223633,42.60499954223633,41.5,42.47999954223633,1d
SNDK,2025-07-28,41.88999938964844,43.2400016784668,41.56999969482422,43.08000183105469,1d
SNDK,2025-07-29,42.93000030517578,43.189998626708984,41.676998138427734,42.2599983215332,1d
SNDK,2025-07-30,43.38999938964844,43.470001220703125,42.06999969482422,42.06999969482422,1d
SNDK,2025-07-31,42.91999816894531,44.619998931884766,42.24300003051758,43.72999954223633,1d
SNDK,2025-08-01,41.33000183105469,42.224998474121094,40.099998474121094,42.18000030517578,1d
SNDK,2025-08-04,42.5099983215332,42.540000915527344,41.599998474121094,42.11000061035156,1d
SNDK,2025-08-05,41.93000030517578,43.39500045776367,41.369998931884766,42.529998779296875,1d
SNDK,2025-08-06,42.099998474121094,43.0,41.6150016784668,42.720001220703125,1d
SNDK,2025-08-07,40.689998626708984,42.349998474121094,40.529998779296875,42.0,1d
SNDK,2025-08-08,44.34000015258789,44.849998474121094,41.0,41.40999984741211,1d
SNDK,2025-08-11,43.369998931884766,46.349998474121094,43.16999816894531,45.70000076293945,1d
SNDK,2025-08-12,46.83000183105469,47.86000061035156,45.0,45.209999084472656,1d
SNDK,2025-08-13,47.0099983215332,48.459999084472656,46.79999923706055,47.02000045776367,1d
SNDK,2025-08-14,46.68000030517578,47.263999938964844,46.08000183105469,46.43000030517578,1d
SNDK,2025-08-15,44.540000915527344,46.130001068115234,42.81999969482422,43.060001373291016,1d
SNDK,2025-08-18,45.52000045776367,45.869998931884766,44.25,44.25,1d
SNDK,2025-08-19,44.58000183105469,46.5,44.2599983215332,46.22999954223633,1d
SNDK,2025-08-20,44.400001525878906,45.0,43.20199966430664,44.86000061035156,1d
SNDK,2025-08-21,45.5,45.599998474121094,43.560001373291016,43.869998931884766,1d
SNDK,2025-08-22,46.369998931884766,47.189998626708984,45.630001068115234,46.11000061035156,1d
SNDK,2025-08-25,46.779998779296875,46.880001068115234,46.0099983215332,46.36000061035156,1d
SNDK,2025-08-26,47.349998474121094,48.209999084472656,46.75,46.75,1d
SNDK,2025-08-27,48.439998626708984,49.08000183105469,47.400001525878906,47.400001525878906,1d
SNDK,2025-08-28,50.869998931884766,51.22999954223633,48.560001373291016,48.560001373291016,1d
SNDK,2025-08-29,52.470001220703125,52.939998626708984,50.81999969482422,51.150001525878906,1d
SNDK,2025-09-02,51.06999969482422,51.70000076293945,50.06999969482422,51.0099983215332,1d
SNDK,2025-09-03,53.0099983215332,53.224998474121094,50.650001525878906,51.91999816894531,1d
SNDK,2025-09-04,62.5,62.650001525878906,55.54999923706055,55.66999816894531,1d
SNDK,2025-09-05,68.55000305175781,68.66999816894531,63.7400016784668,65.5199966430664,1d
SNDK,2025-09-08,70.49500274658203,71.0,67.86000061035156,68.6500015258789,1d
SNDK,2025-09-09,70.51000213623047,71.4000015258789,69.56999969482422,70.26000213623047,1d
SNDK,2025-09-10,73.91999816894531,74.48999786376953,72.02999877929688,72.41999816894531,1d
SNDK,2025-09-11,84.30000305175781,85.88999938964844,81.37999725341797,82.30000305175781,1d
SNDK,2025-09-12,86.12999725341797,86.95999908447266,82.27999877929688,85.30999755859375,1d
SNDK,2025-09-15,90.08999633789062,92.05500030517578,85.12000274658203,85.30000305175781,1d
SNDK,2025-09-16,91.55000305175781,93.12999725341797,89.55999755859375,90.30999755859375,1d
SNDK,2025-09-17,93.97000122070312,94.80999755859375,90.22000122070312,90.7750015258789,1d
SNDK,2025-09-18,98.87000274658203,102.93000030517578,96.85800170898438,97.30000305175781,1d
SNDK,2025-09-19,102.20999908447266,102.98999786376953,96.70999908447266,98.0,1d
SNDK,2025-09-22,102.91999816894531,108.80000305175781,101.58999633789062,105.76000213623047,1d
SNDK,2025-09-23,106.4000015258789,110.20999908447266,104.69999694824219,105.0,1d
SNDK,2025-09-24,99.83000183105469,107.72000122070312,96.63099670410156,103.55500030517578,1d
SNDK,2025-09-25,94.29000091552734,100.44999694824219,93.53500366210938,96.26499938964844,1d
SNDK,2025-09-26,97.12000274658203,99.64600372314453,94.38999938964844,96.0,1d
SNDK,2025-09-29,113.5,114.0,103.3479995727539,104.25,1d
SNDK,2025-09-30,112.19999694824219,120.73999786376953,112.11000061035156,114.0999984741211,1d
SNDK,2025-10-01,121.12000274658203,123.8499984741211,112.0,113.05999755859375,1d
SNDK,2025-10-02,124.13999938964844,132.2899932861328,123.26000213623047,128.69000244140625,1d
SNDK,2025-10-03,128.41000366210938,137.0500030517578,126.69999694824219,128.2899932861328,1d
SNDK,2025-10-06,121.16999816894531,134.7899932861328,119.29000091552734,133.60000610351562,1d
SNDK,2025-10-07,120.94999694824219,125.19999694824219,115.68000030517578,125.19999694824219,1d
SNDK,2025-10-08,131.8800048828125,132.27999877929688,120.19999694824219,121.5,1d
SNDK,2025-10-09,129.67999267578125,131.60499572753906,126.12000274658203,127.0,1d
SNDK,2025-10-10,116.91000366210938,132.0,116.16999816894531,131.4600067138672,1d
SNDK,2025-10-13,134.61000061035156,135.91000366210938,124.0479965209961,129.74000549316406,1d
SNDK,2025-10-14,127.29000091552734,130.47999572753906,120.95999908447266,123.58999633789062,1d
SNDK,2025-10-15,144.3000030517578,144.5500030517578,130.5,134.75,1d
SNDK,2025-10-16,144.27000427246094,149.08999633789062,141.6999969482422,146.0,1d
SNDK,2025-10-17,140.16000366210938,150.82000732421875,136.2899932861328,139.22000122070312,1d
SNDK,2025-10-20,148.0399932861328,152.6300048828125,145.5,145.97999572753906,1d
SNDK,2025-10-21,149.2899932861328,150.16000366210938,142.75999450683594,145.8000030517578,1d
SNDK,2025-10-22,146.9499969482422,157.39999389648438,144.82000732421875,149.10000610351562,1d
SNDK,2025-10-23,167.0500030517578,167.9499969482422,146.0,146.9949951171875,1d
SNDK,2025-10-24,186.16000366210938,187.36000061035156,173.5,174.39999389648438,1d
SNDK,2025-10-27,176.49000549316406,191.85000610351562,173.72000122070312,191.5,1d
SNDK,2025-10-28,175.52999877929688,178.82000732421875,164.55999755859375,175.49000549316406,1d
SNDK,2025-10-29,204.36000061035156,205.63999938964844,181.50999450683594,186.6699981689453,1d
SNDK,2025-10-30,195.82000732421875,204.9199981689453,191.08999633789062,192.02000427246094,1d
SNDK,2025-10-31,199.3300018310547,209.77000427246094,189.5800018310547,203.5,1d
SNDK,2025-11-03,207.00999450683594,213.39999389648438,189.10000610351562,210.85000610351562,1d
SNDK,2025-11-04,194.57000732421875,202.97999572753906,185.0,188.13499450683594,1d
SNDK,2025-11-05,216.5,218.94000244140625,201.8699951171875,201.8800048828125,1d
SNDK,2025-11-06,207.69000244140625,226.5,205.17999267578125,212.0,1d
SNDK,2025-11-07,239.47999572753906,240.0,203.39999389648438,208.4199981689453,1d
SNDK,2025-11-10,267.95001220703125,270.9100036621094,247.0,247.0,1d
SNDK,2025-11-11,271.5799865722656,275.8699951171875,255.8699951171875,262.2900085449219,1d
SNDK,2025-11-12,283.1000061035156,284.760009765625,267.04998779296875,271.5799865722656,1d
SNDK,2025-11-13,243.57000732421875,271.8399963378906,234.1300048828125,268.0,1d
SNDK,2025-11-14,254.16000366210938,270.489013671875,235.0500030517578,236.0,1d
SNDK,2025-11-17,265.8800048828125,282.79998779296875,253.0,253.39999389648438,1d
SNDK,2025-11-18,244.92999267578125,260.6319885253906,229.11000061035156,257.1499938964844,1d
SNDK,2025-11-19,245.9600067138672,256.9800109863281,233.78500366210938,251.11000061035156,1d
SNDK,2025-11-20,195.9600067138672,254.60000610351562,192.6199951171875,252.1699981689453,1d
SNDK,2025-11-21,200.27000427246094,205.5,183.0,205.3699951171875,1d
SNDK,2025-11-24,226.9600067138672,228.17999267578125,205.1300048828125,206.0500030517578,1d
SNDK,2025-11-25,220.5,229.06900024414062,209.0,228.39999389648438,1d
SNDK,2025-11-26,215.0399932861328,228.0,205.39999389648438,226.0,1d
SNDK,2025-11-28,223.27999877929688,237.77000427246094,211.72999572753906,225.25,1d
SNDK,2025-12-01,210.1699981689453,215.3000030517578,205.24000549316406,211.83999633789062,1d
SNDK,2025-12-02,205.35000610351562,217.0,192.8000030517578,211.75,1d
SNDK,2025-12-03,194.3800048828125,199.17999267578125,187.6999969482422,196.69500732421875,1d
SNDK,2025-12-04,213.30999755859375,214.99000549316406,189.67999267578125,192.3249969482422,1d
SNDK,2025-12-05,228.47000122070312,229.4499969482422,211.25,212.39999389648438,1d
SNDK,2025-12-08,225.47000122070312,238.86000061035156,215.60000610351562,235.66000366210938,1d
SNDK,2025-12-09,219.4600067138672,224.3300018310547,213.5,222.27000427246094,1d
SNDK,2025-12-10,232.86000061035156,234.1699981689453,215.1999969482422,218.0,1d
SNDK,2025-12-11,241.61000061035156,244.19000244140625,217.6699981689453,230.0,1d
SNDK,2025-12-12,206.17999267578125,236.0,204.8000030517578,232.11000061035156,1d
SNDK,2025-12-15,201.8699951171875,217.0,200.3419952392578,214.44500732421875,1d
SNDK,2025-12-16,209.30999755859375,210.5,199.5,201.1300048828125,1d
SNDK,2025-12-17,206.8300018310547,221.99000549316406,205.52000427246094,215.99000549316406,1d
SNDK,2025-12-18,219.4600067138672,231.0,214.0,222.73500061035156,1d
SNDK,2025-12-19,237.61000061035156,243.7100067138672,221.0,222.2899932861328,1d
SNDK,2025-12-22,241.0500030517578,252.0,226.60000610351562,249.64500427246094,1d
SNDK,2025-12-23,244.89999389648438,245.5,234.0,238.4199981689453,1d
SNDK,2025-12-24,250.0800018310547,261.3699951171875,244.5,244.89999389648438,1d
SNDK,2025-12-26,250.0500030517578,261.5,245.10000610351562,259.5950012207031,1d
SNDK,2025-12-29,244.25,250.0,236.00999450683594,241.55499267578125,1d
SNDK,2025-12-30,240.22000122070312,247.47999572753906,236.52000427246094,245.8699951171875,1d
SNDK,2025-12-31,237.3800048828125,241.89999389648438,235.24000549316406,241.4149932861328,1d
SNDK,2026-01-02,275.239990234375,275.79998779296875,244.0,244.35000610351562,1d
SNDK,2026-01-05,274.0799865722656,285.0,266.3299865722656,284.2200012207031,1d
SNDK,2026-01-06,349.6300048828125,352.0,288.5,288.7449951171875,1d
SNDK,2026-01-07,353.55999755859375,354.93499755859375,331.2300109863281,340.8800048828125,1d
SNDK,2026-01-08,334.5400085449219,360.9750061035156,310.7799987792969,360.7300109863281,1d
SNDK,2026-01-09,377.4100036621094,384.0,334.5400085449219,341.6000061035156,1d
SNDK,2026-01-12,389.2699890136719,395.1600036621094,373.9700012207031,373.9700012207031,1d
SNDK,2026-01-13,389.80999755859375,398.0,379.4100036621094,393.20001220703125,1d
SNDK,2026-01-14,387.80999755859375,401.20001220703125,377.0,390.0,1d
SNDK,2026-01-15,409.239990234375,423.3500061035156,398.614990234375,398.8299865722656,1d
SNDK,2026-01-16,413.6199951171875,432.0199890136719,399.70001220703125,425.5899963378906,1d
SNDK,2026-01-20,453.1199951171875,457.3699951171875,412.1650085449219,412.1650085449219,1d
SNDK,2026-01-21,501.2900085449219,501.95001220703125,448.5299987792969,463.04998779296875,1d
SNDK,2026-01-22,503.44000244140625,509.4989929199219,467.55999755859375,501.2900085449219,1d
SNDK,2026-01-23,473.8299865722656,506.29998779296875,463.010009765625,503.44000244140625,1d
SNDK,2026-01-26,470.79998779296875,494.70001220703125,454.3299865722656,476.4849853515625,1d
SNDK,2026-01-27,481.42999267578125,503.0,471.1499938964844,481.0050048828125,1d
SNDK,2026-01-28,527.6300048828125,531.4630126953125,499.1499938964844,500.1000061035156,1d
SNDK,2026-01-29,539.2999877929688,546.75,507.239990234375,535.8499755859375,1d
SNDK,2026-01-30,576.25,676.6900024414062,533.0,651.22998046875,1d
SNDK,2026-02-02,665.239990234375,674.0,584.0999755859375,588.8099975585938,1d
SNDK,2026-02-03,695.510009765625,725.0,646.2000122070312,694.0599975585938,1d
SNDK,2026-02-04,584.5499877929688,662.7899780273438,582.0,654.0,1d
SNDK,2026-02-05,576.2000122070312,619.4099731445312,562.0999755859375,563.75,1d
SNDK,2026-02-06,597.9500122070312,615.3599853515625,575.5,614.5,1d
SNDK,2026-02-09,583.4000244140625,603.97998046875,551.510009765625,592.1649780273438,1d
SNDK,2026-02-10,541.6400146484375,582.280029296875,540.1400146484375,573.8800048828125,1d
SNDK,2026-02-11,599.3400268554688,612.7999877929688,575.0,578.5,1d
SNDK,2026-02-12,630.2899780273438,668.0,615.6199951171875,640.5499877929688,1d
SNDK,2026-02-13,626.5599975585938,661.5,586.3699951171875,610.5250244140625,1d
SNDK,2026-02-17,590.5900268554688,628.6500244140625,588.9450073242188,612.0,1d
SNDK,2026-02-18,600.4000244140625,616.97998046875,574.5,582.489990234375,1d
SNDK,2026-02-19,621.0900268554688,634.47998046875,590.0999755859375,597.3300170898438,1d
SNDK,2026-02-20,649.969970703125,650.2899780273438,615.6500244140625,616.0,1d
SNDK,2026-02-23,666.489990234375,691.5399780273438,644.3800048828125,659.5900268554688,1d
SNDK,2026-02-24,638.52001953125,684.0900268554688,612.9199829101562,682.5,1d
SNDK,2026-02-25,632.3800048828125,661.2000122070312,624.4299926757812,644.2999877929688,1d
SNDK,2026-02-26,651.9000244140625,659.8599853515625,607.0,645.739990234375,1d
SNDK,2026-02-27,635.3599853515625,661.2000122070312,621.27001953125,627.0800170898438,1d
SNDK,2026-03-02,619.0800170898438,648.7999877929688,597.5999755859375,618.64501953125,1d
SNDK,2026-03-03,565.4099731445312,593.1599731445312,557.0900268554688,581.6400146484375,1d
SNDK,2026-03-04,599.0599975585938,607.47998046875,576.2999877929688,586.8400268554688,1d
SNDK,2026-03-05,565.5900268554688,603.530029296875,559.0999755859375,594.385009765625,1d
SNDK,2026-03-06,527.3300170898438,570.9000244140625,526.6300048828125,548.25,1d
SNDK,2026-03-09,588.72998046875,589.510009765625,517.0,517.0,1d
SNDK,2026-03-10,618.8900146484375,636.5800170898438,595.5599975585938,599.22998046875,1d
SNDK,2026-03-11,655.4299926757812,655.6799926757812,618.7999877929688,625.9500122070312,1d
SNDK,2026-03-12,618.8200073242188,651.989990234375,612.2100219726562,647.0,1d
SNDK,2026-03-13,661.6199951171875,671.6699829101562,623.0599975585938,630.75,1d
SNDK,2026-03-16,703.6300048828125,720.0,687.4299926757812,687.52001953125,1d
SNDK,2026-03-17,720.1699829101562,721.3699951171875,695.1199951171875,716.0,1d
SNDK,2026-03-18,753.6900024414062,761.52001953125,715.5,730.0150146484375,1d
SNDK,2026-03-19,772.0900268554688,776.0,692.0,707.1500244140625,1d
SNDK,2026-03-20,709.7100219726562,777.5999755859375,698.3499755859375,772.7000122070312,1d
SNDK,2026-03-23,702.489990234375,748.780029296875,678.8400268554688,716.0,1d
SNDK,2026-03-24,702.47998046875,711.2999877929688,680.1900024414062,693.6900024414062,1d
SNDK,2026-03-25,677.8599853515625,687.219970703125,638.0,651.0,1d
SNDK,2026-03-26,603.1699829101562,659.6599731445312,602.030029296875,654.0,1d
SNDK,2026-03-27,615.8300170898438,638.52001953125,599.3699951171875,599.75,1d
SNDK,2026-03-30,572.5,651.0,558.5830078125,642.1199951171875,1d
SNDK,2026-03-31,635.3400268554688,636.3200073242188,578.4199829101562,588.010009765625,1d
SNDK,2026-04-01,692.72998046875,710.8499755859375,645.0999755859375,652.2899780273438,1d
SNDK,2026-04-02,701.5900268554688,707.3099975585938,641.0,642.0900268554688,1d
SNDK,2026-04-06,724.6300048828125,736.0,711.0,720.3400268554688,1d
SNDK,2026-04-07,710.7999877929688,738.0059814453125,687.6790161132812,715.7000122070312,1d
SNDK,2026-04-08,780.9000244140625,807.9879760742188,758.1900024414062,784.0,1d
SNDK,2026-04-09,851.5700073242188,855.0,805.0,817.0800170898438,1d
SNDK,2026-04-10,851.77001953125,873.9500122070312,835.2750244140625,873.9500122070312,1d
SNDK,2026-04-13,952.5,953.4099731445312,866.9500122070312,867.0850219726562,1d
SNDK,2026-04-14,944.4600219726562,965.0,902.0,964.02001953125,1d
SNDK,2026-04-15,891.719970703125,937.989990234375,873.9299926757812,929.864990234375,1d
SNDK,2026-04-16,919.469970703125,929.5,892.510009765625,896.6199951171875,1d
SNDK,2026-04-17,920.989990234375,930.5,886.0,920.8400268554688,1d
SNDK,2026-04-20,913.02001953125,951.469970703125,900.3699951171875,930.969970703125,1d
SNDK,2026-04-21,903.489990234375,938.780029296875,899.2000122070312,927.8499755859375,1d
SNDK,2026-04-22,979.0700073242188,981.0609741210938,895.739990234375,922.010009765625,1d
SNDK,2026-04-23,932.4299926757812,978.8800048828125,926.1099853515625,948.5449829101562,1d
SNDK,2026-04-24,989.9000244140625,1002.0900268554688,947.0,954.5599975585938,1d
SNDK,2026-04-27,1070.199951171875,1070.6600341796875,1008.8800048828125,1019.64501953125,1d
SNDK,2026-04-28,1002.3499755859375,1054.219970703125,980.280029296875,1027.5999755859375,1d
SNDK,2026-04-29,1064.2099609375,1103.0,1060.0,1070.5999755859375,1d
SNDK,2026-04-30,1096.510009765625,1115.0,1076.050048828125,1112.4300537109375,1d
SNDK,2026-05-01,1187.0,1189.239990234375,1048.0,1059.02001953125,1d
SNDK,2026-05-04,1255.8599853515625,1275.1099853515625,1205.0,1222.1800537109375,1d
SNDK,2026-05-05,1406.3199462890625,1418.8800048828125,1286.1300048828125,1289.010009765625,1d
SNDK,2026-05-06,1409.97998046875,1439.699951171875,1337.56005859375,1437.4000244140625,1d
SNDK,2026-05-07,1339.9599609375,1400.989990234375,1292.573974609375,1379.4200439453125,1d
SNDK,2026-05-08,1562.3399658203125,1564.0,1391.1199951171875,1394.3699951171875,1d
SNDK,2026-05-11,1547.56005859375,1600.0,1514.469970703125,1586.25,1d
SNDK,2026-05-12,1452.02001953125,1508.3199462890625,1367.0,1492.0,1d
SNDK,2026-05-13,1447.22998046875,1513.5699462890625,1404.8599853515625,1512.4849853515625,1d
SNDK,2026-05-14,1382.719970703125,1453.77001953125,1362.0,1394.4000244140625,1d
SNDK,2026-05-15,1407.6099853515625,1426.3780517578125,1315.75,1321.0,1d
SNDK,2026-05-18,1333.010009765625,1440.0,1277.3299560546875,1431.6700439453125,1d
SNDK,2026-05-19,1383.2900390625,1392.8599853515625,1278.1099853515625,1289.75,1d
SNDK,2026-05-20,1392.56005859375,1444.0,1366.97998046875,1437.97998046875,1d
SNDK,2026-05-21,1542.239990234375,1546.0899658203125,1377.469970703125,1377.469970703125,1d
SNDK,2026-05-22,1478.68994140625,1528.0,1473.52001953125,1520.7149658203125,1d
SNDK,2026-05-26,1589.550048828125,1641.739990234375,1520.0,1535.2099609375,1d
SNDK,2026-05-27,1589.93994140625,1658.77001953125,1528.280029296875,1645.989990234375,1d
SNDK,2026-05-28,1641.6400146484375,1697.9599609375,1560.1800537109375,1596.31005859375,1d
SNDK,2026-05-29,1694.97998046875,1708.824951171875,1641.0799560546875,1682.0,1d
SNDK,2026-06-01,1761.4300537109375,1804.0,1686.1600341796875,1731.1500244140625,1d
SNDK,2026-06-02,1716.3599853515625,1772.4000244140625,1708.800048828125,1750.06005859375,1d
SNDK,2026-06-03,1831.5,1861.0,1708.8800048828125,1736.0,1d
SNDK,2026-06-04,1759.6800537109375,1825.9000244140625,1725.0799560546875,1741.31005859375,1d
SNDK,2026-06-05,1559.3199462890625,1682.0,1514.3599853515625,1678.8800048828125,1d
SNDK,2026-06-08,1642.0,1694.988037109375,1602.0,1634.0,1d
SNDK,2026-06-09,1646.5400390625,1803.0,1536.0,1700.5,1d
SNDK,2026-06-10,1643.22998046875,1764.6500244140625,1590.0,1624.3800048828125,1d
SNDK,2026-06-11,1881.510009765625,1895.0,1665.0,1672.260009765625,1d
SNDK,2026-06-12,1980.0999755859375,2021.6500244140625,1865.1099853515625,1890.97998046875,1d
SNDK,2026-06-15,2107.860107421875,2119.89990234375,2021.1099853515625,2101.1201171875,1d
SNDK,2026-06-16,1991.550048828125,2167.330078125,1980.1800537109375,2134.199951171875,1d
SNDK,2026-06-17,1958.800048828125,2074.590087890625,1938.0,2074.590087890625,1d
SNDK,2026-06-18,2184.75,2191.68994140625,2029.0,2044.7449951171875,1d
SNDK,2026-06-22,2273.72998046875,2354.389892578125,2251.284912109375,2293.31494140625,1d
SNDK,2026-06-23,1963.5999755859375,2060.0,1949.9599609375,2007.699951171875,1d
SNDK,2026-06-24,1914.4599609375,2021.5,1861.010009765625,1987.530029296875,1d
SNDK,2026-06-25,2335.0,2347.9990234375,2092.080078125,2238.304931640625,1d
SNDK,2026-06-26,2090.7099609375,2256.110107421875,2063.0390625,2169.9951171875,1d
SNDK,2026-06-29,2050.389892578125,2090.7099609375,1895.0,2090.7099609375,1d
SNDK,2026-06-30,2273.72998046875,2280.800048828125,2070.0,2109.72998046875,1d
SNDK,2026-07-01,2032.219970703125,2129.97998046875,2002.050048828125,2085.169921875,1d
SNDK,2026-07-02,1745.0,2052.5400390625,1693.0,2043.800048828125,1d
SNDK,2026-07-06,1744.4300537109375,1837.77001953125,1713.199951171875,1828.6800537109375,1d
SNDK,2026-07-07,1617.699951171875,1638.8800048828125,1485.02001953125,1619.280029296875,1d
SNDK,2026-07-08,1727.1800537109375,1734.68994140625,1590.0,1591.800048828125,1d
SNDK,2026-07-09,1858.27001953125,1952.5899658203125,1801.0,1835.613037109375,1d
SNDK,2026-07-10,1915.9200439453125,1946.8349609375,1773.0,1778.9840087890625,1d
SNDK,2026-07-13,1673.969970703125,1800.0,1646.1700439453125,1792.8599853515625,1d
SNDK,2026-07-14,1757.8199462890625,1812.5400390625,1711.469970703125,1807.0,1d
SNDK,2026-07-15,1615.0,1729.5,1478.5,1717.2900390625,1d
SNDK,2026-07-16,1411.0799560546875,1551.6290283203125,1390.0400390625,1527.489990234375,1d
SNDK,2026-07-17,1354.8199462890625,1501.199951171875,1325.030029296875,1365.2049560546875,1d
SNDK,2026-07-20,1390.949951171875,1454.989990234375,1375.6099853515625,1408.780029296875,1d
SNDK,2026-07-21,1589.4000244140625,1595.6390380859375,1489.64501953125,1511.6700439453125,1d
SNDK,2026-07-22,1599.27001953125,1628.4000244140625,1516.010009765625,1526.0,1d
SNDK,2026-07-23,1610.3299560546875,1696.3699951171875,1558.6099853515625,1567.5999755859375,1d
SNDK,2026-07-24,1436.56005859375,1573.0899658203125,1411.5,1551.1650390625,1d
SNDK,2026-07-27,1278.22998046875,1462.989990234375,1222.010009765625,1462.989990234375,1d
SNDK,2026-07-28,1096.0999755859375,1188.0,1050.719970703125,1173.5999755859375,1d
SNDK,2026-07-29,1015.8900146484375,1124.800048828125,998.1900024414062,1119.3280029296875,1d
SNDK,2026-07-30,1279.9599609375,1285.47998046875,1124.0,1135.010009765625,1d
SNDK,2026-07-31,1214.8299560546875,1404.989990234375,1187.260009765625,1383.68505859375,1d
SNDK,2026-08-03,1288.030029296875,1316.449951171875,1121.2650146484375,1159.8399658203125,1d
SNDK,2026-08-04,1427.6199951171875,1446.623046875,1340.0,1358.2099609375,1d
SNDK,2026-08-05,1350.5,1441.758056640625,1345.0,1398.77001953125,1d
SNDK,2026-08-06,1258.5799560546875,1324.0,1163.0899658203125,1173.260009765625,1d
SNDK,2026-08-07,1212.2099609375,1309.530029296875,1184.3699951171875,1309.300048828125,1d
SNDK,2026-08-10,1237.9200439453125,1278.7550048828125,1194.010009765625,1203.4100341796875,1d
SNDK,2026-08-11,1271.050048828125,1287.0400390625,1242.06005859375,1260.56005859375,1d
SNDK,2026-08-12,1344.2900390625,1389.280029296875,1308.531005859375,1358.219970703125,1d
SNDK,2026-08-13,1528.1099853515625,1580.8800048828125,1331.5799560546875,1339.8299560546875,1d
SNDK,2026-08-14,1641.1099853515625,1667.18994140625,1565.0,1646.9300537109375,1d
SNDK,2026-08-17,1786.8499755859375,1827.989990234375,1698.0,1700.7449951171875,1d
SNDK,2026-08-18,1625.780029296875,1724.989990234375,1600.199951171875,1677.5400390625,1d
SNDK,2026-08-19,1568.8699951171875,1699.0,1542.0,1682.405029296875,1d
SNDK,2026-08-20,1600.6199951171875,1631.4000244140625,1554.0,1569.0,1d
SNDK,2026-08-21,1596.0799560546875,1614.06005859375,1570.010009765625,1604.8050537109375,1d
SNDK,2026-08-24,1493.1199951171875,1517.0,1416.56005859375,1494.0899658203125,1d
SNDK,2026-08-25,1480.77001953125,1564.9859619140625,1467.010009765625,1533.68994140625,1d
SNDK,2026-08-26,1499.3699951171875,1511.77001953125,1450.050048828125,1455.5699462890625,1d
SNDK,2026-08-27,1484.949951171875,1557.8900146484375,1456.0,1549.4200439453125,1d
SNDK,2026-08-28,1484.97998046875,1517.75,1435.6099853515625,1448.0,1d
SNDK,2026-08-31,1566.699951171875,1572.68994140625,1449.5,1486.4000244140625,1d
SNDK,2026-09-01,1536.8699951171875,1609.60498046875,1513.0,1526.010009765625,1d
SNDK,2026-09-02,1553.4000244140625,1587.8590087890625,1509.239990234375,1531.6199951171875,1d
SNDK,2026-09-03,1554.989990234375,1576.800048828125,1511.0,1544.550048828125,1d
SNDK,2026-09-04,1740.0,1740.0,1581.0,1586.0,1d
SNDK,2026-09-08,1737.989990234375,1807.3800048828125,1733.780029296875,1769.4300537109375,1d
SNDK,2026-09-09,1764.1700439453125,1807.219970703125,1728.02001953125,1751.300048828125,1d
SNDK,2026-09-10,1692.5899658203125,1733.949951171875,1674.0,1725.43505859375,1d
SNDK,2026-09-11,1633.3499755859375,1720.699951171875,1616.802001953125,1713.5,1d
SNDK,2026-09-14,1551.989990234375,1581.8399658203125,1505.0,1521.5250244140625,1d
SNDK,2026-09-15,1530.89501953125,1579.989990234375,1509.1400146484375,1569.7099609375,1d
SNDK,2026-09-16,1519.969970703125,1560.5799560546875,1504.199951171875,1549.739990234375,1d
SNDK,2026-09-17,1614.3900146484375,1625.35498046875,1564.5,1564.530029296875,1d
SNDK,2026-09-18,1791.8199462890625,1797.0,1616.0,1625.199951171875,1d
SNDK,2026-09-21,1766.6400146484375,1834.489990234375,1737.010009765625,1826.0,1d
SNDK,2026-09-22,1887.0400390625,1909.47998046875,1756.8199462890625,1757.5050048828125,1d
SNDK,2026-09-23,1816.5699462890625,1902.219970703125,1803.6700439453125,1895.4100341796875,1d
SNDK,2026-09-24,1753.6199951171875,1802.989990234375,1726.3900146484375,1785.469970703125,1d
SNDK,2026-09-25,1777.800048828125,1815.0,1742.5899658203125,1791.93994140625,1d
SNDK,2026-09-28,1712.8900146484375,1762.0,1659.02001953125,1736.6400146484375,1d
SNDK,2026-09-29,1729.760009765625,1749.780029296875,1693.0,1744.0699462890625,1d
SNDK,2026-09-30,1739.8900146484375,1756.0,1720.7099609375,1729.780029296875,1d
SNDK,2026-10-01,1787.68994140625,1802.0,1708.0,1735.260009765625,1d
SNDK,2026-10-02,1719.989990234375,1774.22998046875,1713.469970703125,1773.1199951171875,1d
SNDK,2026-10-05,1704.1600341796875,1743.239990234375,1681.0,1725.0,1d
SNDK,2026-10-06,1660.4599609375,1716.5,1650.0,1700.0,1d
SNDK,2026-10-07,1692.4200439453125,1733.280029296875,1617.77001953125,1620.0,1d
SNDK,2026-10-08,1609.4599609375,1675.0,1584.1409912109375,1669.489990234375,1d
SNDK,2026-10-09,1581.8199462890625,1637.949951171875,1575.68994140625,1633.3299560546875,1d
