Date,pct_above_20dma,pct_above_50dma,pct_above_150dma,pct_above_200dma,n_valid_200,advances,declines,unchanged,net_advances,ad_line,ad_ratio,mcclellan_osc,mcclellan_sum,breadth_thrust,new_highs,new_lows,net_hl,net_hl_10d,pct_from_52w_high_median,cap_weighted,equal_weighted,ew_minus_cw,ew_cw_ratio
2024-10-07,,,,,0,0,0,0,0,0,,,,,0,0,0,,,100.0,100.0,0.0,1.0
2024-10-08,,,,,0,317,174,1,143,143,1.8218390804597702,0.0,0.0,0.6456211812627292,0,0,0,,,101.00922438897264,100.39814319691058,-0.6110811920620591,0.993950243695478
2024-10-09,,,,,0,373,119,0,254,397,3.134453781512605,11.280487804878078,11.280487804878078,0.6660773449060171,0,0,0,,,101.62568890592817,101.12379543200403,-0.5018934739241416,0.9950613523083841
2024-10-10,,,,,0,160,329,3,-169,228,0.48632218844984804,-22.11890243902431,-10.838414634146233,0.604462984742774,0,0,0,,,101.44168662345986,100.76120857979414,-0.6804780436657154,0.9932919289266988
2024-10-11,,,,,0,426,66,0,360,588,6.454545454545454,3.1953760162602407,-7.643038617885992,0.6519885617961942,0,0,0,,,102.03910335765843,101.81252735464253,-0.2265760030159072,0.9977795178950002
2024-10-14,,,,,0,389,103,0,286,874,3.7766990291262137,17.302782012195223,9.659743394309231,0.6771998062885344,0,0,0,,,102.823094157039,102.4980324969895,-0.3250616600494993,0.9968386318004295
2024-10-15,,,,,0,232,259,1,-27,847,0.8957528957528957,-2.530842860772225,7.128900533537006,0.6399825854451089,0,0,0,,,102.12143154763372,102.07082416330542,-0.05060738432830192,0.9995044391411151
2024-10-16,,,,,0,356,136,0,220,1067,2.6176470588235294,5.6256881034045705,12.754588636941577,0.6551816127773359,0,0,0,,,102.56305002178553,102.7612109973975,0.19816097561196955,1.001932089339873
2024-10-17,,,,,0,233,257,2,-24,1043,0.9066147859922179,-12.22535433022091,0.5292343067206673,0.6225140839235717,0,0,0,,,102.51531364676998,102.61875989336812,0.10344624659813917,1.0010090809159944
2024-10-18,,,,,0,311,180,1,131,1174,1.7277777777777779,-11.67483631899438,-11.145602012273713,0.6244935635730907,0,0,0,0.0,,102.93322433821461,102.91876668811837,-0.014457650096247221,0.9998595434060363
2024-10-21,,,,,0,85,404,3,-319,855,0.2103960396039604,-56.87747655487391,-68.02307856714762,0.5425536667196825,0,0,0,0.0,,102.77541885709425,102.11219223360115,-0.6632266234931024,0.9935468360930224
2024-10-22,,,,,0,183,307,2,-124,731,0.5960912052117264,-75.42427340304485,-143.44735197019247,0.5118110705443042,0,0,0,0.0,,102.77185569181357,101.71176510910003,-1.060090582713542,0.9896850107884353
2024-10-23,,,,,0,175,311,6,-136,595,0.5627009646302251,-92.12417553633772,-235.57152750653017,0.48422402217747595,0,0,0,0.0,,101.77269676837507,101.36915008339753,-0.40354668497754176,0.996034823702314
2024-10-24,,,,,0,246,244,2,2,597,1.0081967213114753,-91.91758073871901,-327.4891082452492,0.48746343929548586,0,0,0,0.0,,102.14216618964889,101.37429496136114,-0.7678712282877456,0.9924823287293317
2024-10-25,,,,,0,152,336,4,-184,413,0.4523809523809524,-110.18379330745165,-437.67290155270086,0.45546561575740946,0,0,0,0.0,,102.20794942586392,100.91534861526559,-1.29260081059833,0.9873532262621518
2024-10-28,,,,,0,349,143,0,206,619,2.4405594405594404,-85.61633974571738,-523.2892412984182,0.5016263389825959,0,0,0,0.0,,102.4915503086637,101.47422530304272,-1.0173250056209895,0.9900740597390008
2024-10-29,,,,,0,167,324,1,-157,462,0.5154320987654321,-101.073329154145,-624.3625704525632,0.472261950002609,0,0,0,0.0,,102.77560773978713,101.2185478094217,-1.5570599303654404,0.9848499078272765
2024-10-30,,,,,0,232,257,3,-25,437,0.9027237354085603,-100.36905430623845,-724.7316247588017,0.47265752778610937,0,0,0,0.0,,102.58750605349634,101.07690311785227,-1.5106029356440729,0.9852749813914343
2024-10-31,,,,,0,130,361,1,-231,206,0.3601108033240997,-120.20001338934067,-844.9316381481424,0.4348590289366446,0,0,0,0.0,,100.64716321775578,99.91241768959883,-0.7347455281569495,0.9926997889988485
2024-11-01,34.552845528455286,,,,0,240,251,1,-11,195,0.9561752988047809,-114.19675976121056,-959.128397909353,0.44466618197945423,0,0,0,0.0,,101.05914376693995,99.94853569266078,-1.1106080742791704,0.9890103158122888
2024-11-04,33.53658536585366,,,,0,262,228,2,34,229,1.1491228070175439,-103.91982337864596,-1063.048221287999,0.46103485390155713,0,0,0,0.0,,100.75265119864582,100.06211878603912,-0.6905324126067001,0.9931462606254873
2024-11-05,47.357723577235774,,,,0,437,55,0,382,611,7.945454545454545,-59.24758999612341,-1122.2958112841225,0.5387033135765142,0,0,0,0.0,,102.02431573834036,101.37724853098923,-0.6470672073511281,0.9936577157840426
2024-11-06,62.39837398373984,,,,0,339,152,1,187,798,2.2302631578947367,-40.57366567481772,-1162.8694769589401,0.5662895653943003,0,0,0,0.0,,104.77981936148173,103.84108977949079,-0.9387295819909411,0.9910409314721912
2024-11-07,63.41463414634146,,,,0,269,223,0,46,844,1.2062780269058295,-38.7338603444102,-1201.6033373033504,0.562736547591641,0,0,0,0.0,,105.77434373214255,104.1720136592009,-1.6023300729416547,0.9848514297852861
2024-11-08,65.65040650406505,,,,0,325,166,1,159,1003,1.9578313253012047,-25.483417647791327,-1227.0867549511418,0.580768895354094,0,0,0,0.0,,106.22100542796541,104.8661522358548,-1.3548531921106104,0.9872449598207822
2024-11-11,66.869918699187,,,,0,306,186,0,120,1123,1.6451612903225807,-17.990286688089554,-1245.0770416392313,0.5882565906555669,0,0,0,0.0,,106.50051805392488,105.4485895372252,-1.0519285166996752,0.9901227849786886
2024-11-12,65.65040650406505,,,,0,148,343,1,-195,928,0.4314868804664723,-43.50590340605535,-1288.5829450452866,0.5361055127026384,0,0,0,0.0,,106.2187012282801,104.71831800322069,-1.5003832250594087,0.9858745850993333
2024-11-13,64.63414634146342,,,,0,254,234,4,20,948,1.0854700854700854,-43.254632686950856,-1331.8375777322374,0.5332666564437384,0,0,0,0.0,,106.1513913438931,104.70862516465704,-1.4427661792360595,0.9864084100926949
2024-11-14,61.99186991869919,,,,0,137,355,0,-218,730,0.38591549295774646,-67.01051492860046,-1398.848092660838,0.4869373160999396,0,0,0,0.0,,105.39282537108959,103.90419197917444,-1.488633391915144,0.9858753820606513
2024-11-15,57.31707317073171,,,,0,178,312,2,-134,596,0.5705128205128205,-78.4501563047142,-1477.2982489655521,0.46445149610403225,0,0,0,0.0,,103.99262861261562,103.1528544452161,-0.8397741673995256,0.9919246760217229
2024-11-18,60.56910569105691,,,,0,325,166,1,159,755,1.9578313253012047,-58.062376135540234,-1535.3606251010924,0.5003538532278686,0,0,0,0.0,,104.54174512303057,103.72383984960089,-0.8179052734296732,0.9921762806573861
2024-11-19,58.13008130081301,,,,0,202,290,0,-88,667,0.696551724137931,-65.44213822647896,-1600.8027633275715,0.48402935367572103,0,0,0,0.0,,105.13540936686749,103.66785919311621,-1.4675501737512775,0.9860413329572885
2024-11-20,58.333333333333336,,,,0,299,192,1,107,774,1.5572916666666667,-51.60755095236747,-1652.410314279939,0.5067442536369211,0,0,0,0.0,,105.08406643252063,103.98756658660275,-1.0964998459178759,0.9895654985275814
2024-11-21,70.1219512195122,,,,0,427,65,0,362,1136,6.569230769230769,-13.606306931898857,-1666.016621211838,0.5724064218596243,0,0,0,0.0,,105.39952200654305,105.31507684418919,-0.0844451623538589,0.9991988088679509
2024-11-22,75.60975609756098,,,,0,368,121,3,247,1383,3.041322314049587,7.265796370342628,-1658.7508248414952,0.6051609337431133,0,0,0,0.0,,105.74973321594624,106.22153970627282,0.4718064903265855,1.0044615383507696
2024-11-25,83.33333333333333,,,,0,370,121,1,249,1632,3.0578512396694215,25.278367744427698,-1633.4724570970675,0.6321433375691201,0,0,0,0.0,,106.07553199622245,107.16463459126206,1.0891025950396056,1.0102672366995848
2024-11-26,81.5040650406504,,,,0,276,215,1,61,1693,1.283720930232558,21.447033373637737,-1612.0254237234299,0.6194114809698096,0,0,0,0.0,,106.73674409909934,107.17014457551035,0.4334004764110091,1.004060461840663
2024-11-27,81.70731707317073,,,,0,252,237,3,15,1708,1.0632911392405062,13.389210571776658,-1598.6362131516532,0.6004889250321866,0,0,0,0.0,,106.29200513832248,107.0462515125301,0.7542463742076251,1.0070959840603824
2024-11-29,85.16260162601625,,,,0,298,192,2,106,1814,1.5520833333333333,15.680793503001325,-1582.955419648652,0.6018842596274476,0,0,0,0.0,,106.90649498705298,107.37198103679988,0.4654860497469002,1.0043541419050663
2024-12-02,83.33333333333333,,,,0,178,312,2,-134,1680,0.5705128205128205,-6.8285509607556065,-1589.7839706094076,0.5584989953538114,0,0,0,0.0,,107.28024395522715,107.15243884776694,-0.12780510746020468,0.9988086799325928
2024-12-03,73.17073170731707,,,,0,164,326,2,-162,1518,0.5030674846625767,-28.88542617774857,-1618.669396787156,0.5178071557533039,0,0,0,0.0,,107.41937908364008,106.78338302654402,-0.6359960570960652,0.9940793173213107
2024-12-04,62.19512195121951,,,,0,242,249,1,-7,1511,0.9718875502008032,-31.847594837063582,-1650.5169916242196,0.5132734347850121,0,0,0,0.0,,108.20545373933423,106.88010062976821,-1.3253531095660236,0.9877515128511102
2024-12-05,54.26829268292683,,,,0,180,311,1,-131,1380,0.5787781350482315,-46.82263708285278,-1697.3396287070723,0.4866053153702959,0,0,0,0.0,,107.98968580822807,106.32140278906259,-1.6682830191654858,0.9845514596446916
2024-12-06,51.422764227642276,,,,0,209,280,3,-71,1309,0.7464285714285714,-53.29462404197851,-1750.6342527490508,0.4758412331185484,0,0,0,0.0,,108.46601167153185,106.31611605981723,-2.149895611714612,0.9801790848710732
2024-12-09,42.479674796747965,,,,0,208,283,1,-75,1234,0.734982332155477,-58.968203836861775,-1809.6024565859125,0.4663474188392641,0,0,0,0.0,,107.73887780747228,105.74048555992175,-1.9983922475505267,0.9814515216027995
2024-12-10,35.36585365853659,,,,0,147,344,1,-197,1037,0.4273255813953488,-75.92264752604251,-1885.525104111955,0.4359913430569724,0,0,0,0.0,,107.68211093484085,104.98963533789481,-2.692475596946039,0.9749960734093032
2024-12-11,39.83739837398374,,,,0,245,245,2,0,1037,1.0,-70.01875843940977,-1955.5438625513648,0.44762928068297736,0,0,0,0.0,,108.92420185055188,105.14656041125812,-3.7776414392937596,0.9653186218020048
2024-12-12,36.38211382113821,,,,0,174,315,3,-141,896,0.5523809523809524,-78.95010777082467,-2034.4939703221894,0.4309381788967807,0,0,0,0.0,,108.2624919700119,104.77923331796015,-3.4832586520517452,0.9678258038525791
2024-12-13,31.30081300813008,,,,0,161,326,5,-165,731,0.4938650306748466,-88.63068530057419,-2123.1246556227634,0.41269405228758443,0,0,0,0.0,,108.23790216666018,104.41835255428518,-3.819549612374999,0.9647115332437447
2024-12-16,27.4390243902439,47.764227642276424,,,0,191,301,0,-110,621,0.6345514950166113,-90.87499476769821,-2213.9996503904617,0.4082426577105366,0,0,0,0.0,,108.95508386563294,104.10248425274575,-4.8525996128871896,0.9554623846752155
2024-12-17,22.357723577235774,41.666666666666664,,,0,116,373,3,-257,364,0.3109919571045576,-107.27852877849467,-2321.2781791689563,0.37714741338242636,0,0,0,0.0,,108.54232211717833,103.35761036112032,-5.184711756058007,0.9522332703508888
2024-12-18,8.333333333333334,21.747967479674795,,,0,17,475,0,-458,-94,0.035789473684210524,-141.19398698212586,-2462.472166151082,0.3148574919544316,0,0,0,0.0,,105.15182806740516,100.2747041974098,-4.8771238699953585,0.9536182683683921
2024-12-19,7.926829268292683,23.3739837398374,,,0,198,291,3,-93,-187,0.6804123711340206,-132.39223787636055,-2594.8644040274426,0.3312303071372845,0,0,0,0.0,,105.05912712364172,99.91900223831216,-5.140124885329556,0.951073980661573
2024-12-20,11.585365853658537,28.45528455284553,,,0,439,52,1,387,200,8.442307692307692,-75.42429339667135,-2670.2886974241137,0.43356910335857435,0,0,0,0.0,,106.17763343783004,101.29811737122157,-4.879516066608474,0.9540438422988061
2024-12-23,12.195121951219512,28.45528455284553,,,0,269,221,2,48,248,1.2171945701357465,-60.79079891174884,-2731.0794963358626,0.45455282853642165,0,0,0,0.0,,106.98805711766903,101.48390773419138,-5.504149383477653,0.9485536093302077
2024-12-24,19.10569105691057,34.146341463414636,,,0,454,37,1,417,665,12.27027027027027,-10.47520713258136,-2741.554703468444,0.5400238750791422,0,0,0,0.0,,108.24008811768506,102.31024728217655,-5.929840835508514,0.9452158535841061
2024-12-26,20.934959349593495,33.94308943089431,,,0,274,216,2,58,723,1.2685185185185186,-3.886739963128626,-2745.4414434315727,0.5435074747864596,0,0,0,0.0,,108.16239336221271,102.404369719807,-5.758023642405718,0.9467650126497911
2024-12-27,14.634146341463415,28.86178861788618,,,0,48,443,1,-395,328,0.10835214446952596,-44.27075219928456,-2789.7121956308574,0.46246242012245226,0,0,0,0.0,,106.87820888879605,101.61713321170484,-5.261075677091213,0.9507750388803275
2024-12-30,10.56910569105691,21.341463414634145,,,0,34,457,1,-423,-95,0.07439824945295405,-81.42325735548602,-2871.1354529863434,0.390968604799318,0,0,0,0.0,,105.72373995621464,100.63229744198057,-5.091442514234075,0.9518420128124233
2024-12-31,10.56910569105691,21.54471544715447,,,0,276,210,6,66,-29,1.3142857142857143,-63.0864110260413,-2934.2218640123847,0.42313817384815133,0,0,0,0.0,,105.17799232760754,100.70864646523445,-4.469345862373089,0.9575068342391247
2025-01-02,12.398373983739837,20.121951219512194,,,0,186,305,1,-119,-148,0.6098360655737705,-65.89378836736597,-3000.115652379751,0.41508009447046484,0,0,0,0.0,,104.96873079272343,100.53265638563012,-4.436074407093315,0.957739086930059
2025-01-03,24.59349593495935,26.422764227642276,,,0,393,99,0,294,146,3.9696969696969697,-25.993082336914583,-3026.1087347166654,0.484843802349449,0,0,0,0.0,,106.38540890915783,101.55395525547219,-4.831453653685642,0.9545853730955605
2025-01-06,29.26829268292683,25.8130081300813,,,0,230,260,2,-30,116,0.8846153846153846,-24.674842537486747,-3050.783577254152,0.4820336119408293,0,0,0,0.0,,107.12176039951603,101.5734787007488,-5.548281698767241,0.948205839055719
2025-01-07,29.26829268292683,25.8130081300813,,,0,199,291,2,-92,24,0.6838487972508591,-29.725186304418592,-3080.5087635585705,0.4682315823115134,0,0,0,0.0,,105.85852085896428,101.1550493664253,-4.703471492538981,0.9555683240765717
2025-01-08,36.38211382113821,26.829268292682926,,,0,291,197,4,94,118,1.4771573604060915,-14.992165269232977,-3095.5009288278034,0.4915188356021175,0,0,0,0.0,,106.00156744722368,101.35671843998426,-4.644849007239415,0.9561813177003066
2025-01-10,20.934959349593495,18.29268292682927,,,0,62,428,2,-366,-248,0.14485981308411214,-49.06843893747791,-3144.569367765281,0.4251573404462594,0,0,0,0.0,,104.43500408227084,99.75446711566123,-4.680536966609608,0.9551822972791535
2025-01-13,29.26829268292683,20.528455284552845,,,0,355,135,2,220,-28,2.6296296296296298,-18.40546520068466,-3162.974832965966,0.4795814232593699,0,0,0,0.0,,104.51457924151345,100.49241702208647,-4.022162219426974,0.9615157784816555
2025-01-14,44.3089430894309,26.422764227642276,,,0,377,112,3,265,237,3.3660714285714284,12.476575401984316,-3150.4982575639815,0.5325595545202615,0,0,0,0.0,,104.55208602285,101.29653623850004,-3.2555497843499666,0.9688619337194433
2025-01-15,58.739837398373986,33.739837398373986,,,0,369,123,0,246,483,3.0,36.88744293131328,-3113.6108146326683,0.5720941809711231,0,0,0,0.0,,106.64545592423065,102.41760549963514,-4.227850424595502,0.9603560190356418
2025-01-16,67.88617886178862,39.22764227642276,,,0,369,120,3,249,732,3.075,57.87917550301347,-3055.731639129655,0.6052772802479852,0,0,0,0.0,,106.35174943028687,103.260660815407,-3.0910886148798795,0.9709352349026842
2025-01-17,74.79674796747967,43.292682926829265,,,0,336,152,4,184,916,2.210526315789474,68.93201991739149,-2986.799619212263,0.6204131547781577,0,0,0,0.0,,107.48351771956587,103.83250741993928,-3.6510102996265914,0.9660319053833686
2025-01-21,82.92682926829268,54.8780487804878,,,0,411,80,1,331,1247,5.1375,92.97656618234164,-2893.8230530299215,0.6598048011413958,0,0,0,0.0,,108.48761641777322,105.14874831483631,-3.338868102936914,0.9692235094365119
2025-01-22,77.4390243902439,51.422764227642276,,,0,178,313,1,-135,1112,0.5686900958466453,65.71204683072655,-2828.111006199195,0.6057540115245007,0,0,0,0.0,,109.21134454555902,104.85602417816118,-4.355320367397837,0.9601202568696428
2025-01-23,79.0650406504065,54.8780487804878,,,0,319,169,4,150,1262,1.8875739644970415,71.03573718508837,-2757.0752690141067,0.6144693775364394,0,0,0,0.0,,109.77056923984529,105.38464728176227,-4.385921958083017,0.9600446459515035
2025-01-24,79.67479674796748,54.47154471544715,,,0,245,241,6,4,1266,1.016597510373444,60.394915378158515,-2696.680353635948,0.5944049864093501,0,0,0,0.0,,109.5615441224531,105.2912346053641,-4.270309517089004,0.9610236461041821
2025-01-27,81.5040650406504,62.60162601626016,,,0,329,163,0,166,1432,2.01840490797546,67.45845279048905,-2629.221900845459,0.6079130228788991,0,0,0,0.0,,107.66124843726814,105.03346260568908,-2.627785831579061,0.9755920921434399
2025-01-28,74.59349593495935,55.89430894308943,,,0,163,326,3,-163,1269,0.5,39.725525664485716,-2589.4963751809732,0.5579894429615235,0,0,0,0.0,,108.77672419537822,104.72012673736455,-4.05659745801367,0.9627071187515497
2025-01-29,70.9349593495935,52.4390243902439,,,0,214,278,0,-64,1205,0.7697841726618705,25.87622095318654,-2563.6201542277868,0.5356203350764276,0,0,0,0.0,,108.32723286528021,104.44469816772477,-3.8825346975554424,0.9641591999088178
2025-01-30,77.4390243902439,58.13008130081301,,,0,405,86,1,319,1524,4.709302325581396,52.828448547902084,-2510.7917056798847,0.5882070469732888,0,0,0,0.0,,109.08571225369761,105.57673849850309,-3.5089737551945177,0.967832874877016
2025-01-31,70.32520325203252,52.4390243902439,,,0,121,370,1,-249,1275,0.327027027027027,17.884883662872,-2492.9068220170125,0.5260668284715726,0,0,0,0.0,,108.68936410743387,104.82208398034476,-3.867280127089117,0.9644189644603449
2025-02-03,63.41463414634146,49.1869918699187,,,0,181,311,0,-130,1145,0.5819935691318328,0.012207202816270524,-2492.8946148141963,0.4973067103607028,0,0,0,0.0,,107.84347238662106,104.17234388262315,-3.671128503997906,0.9659587323854258
2025-02-04,62.39837398373984,49.796747967479675,,,0,248,242,2,6,1151,1.024793388429752,-1.4478539951633422,-2494.3424688093596,0.49890957192777347,0,0,0,0.0,,108.74607846961919,104.31983820418198,-4.426240265437215,0.9592974723527727
2025-02-05,65.04065040650407,54.26829268292683,,,0,346,144,2,202,1353,2.4027777777777777,17.229732137531776,-2477.112736671828,0.5365846404826495,0,0,0,0.0,,108.72032527562945,104.98454719127301,-3.73577808435644,0.9656386413958435
2025-02-06,60.97560975609756,54.47154471544715,,,0,260,230,2,30,1383,1.1304347826086956,15.63324482355047,-2461.4794918482776,0.5354987503763422,0,0,0,0.0,,109.13462516375107,104.95934259592659,-4.175282567824482,0.961741907652501
2025-02-07,56.300813008130085,52.642276422764226,,,0,138,352,2,-214,1169,0.39204545454545453,-10.60666602150097,-2472.0861578697786,0.48934127813722983,0,0,0,0.0,,107.98834687547307,104.45333120595575,-3.535015669517321,0.9672648413296507
2025-02-10,55.08130081300813,53.45528455284553,,,0,289,200,3,89,1258,1.445,-2.1960735370831728,-2474.2822314068617,0.5078250539286017,0,0,0,0.0,,108.74890239384955,104.84670449776077,-3.9021978960887793,0.9641173583347405
2025-02-11,52.4390243902439,55.08130081300813,,,0,251,240,1,11,1269,1.0458333333333334,-2.920865863513228,-2477.203097270375,0.5084389767284745,0,0,0,0.0,,108.6400890489084,104.74240767733617,-3.8976813715722187,0.9641229917455468
2025-02-12,45.32520325203252,50.40650406504065,,,0,161,330,1,-169,1100,0.48787878787878786,-21.818641900122625,-2499.0217391704978,0.4756141155643638,0,0,0,0.0,,108.37114973752112,104.19893808145126,-4.172211656069862,0.9615007161391652
2025-02-13,50.40650406504065,56.91056910569106,,,0,382,110,0,272,1372,3.4727272727272727,6.949925968808657,-2492.071813201689,0.5303065971395053,0,0,0,0.0,,109.5875856546053,105.04256168575907,-4.5450239688462375,0.9585261054735607
2025-02-14,49.390243902439025,56.91056910569106,,,0,212,280,1,-68,1304,0.7571428571428571,-3.026526280001292,-2495.0983394816903,0.5122316356492479,0,0,0,0.0,,109.61371381057063,104.9359959006141,-4.677717909956527,0.9573254317608438
2025-02-18,54.67479674796748,59.959349593495936,,,0,352,139,2,213,1517,2.5323741007194243,16.957725479883244,-2478.140614001807,0.5494448431649743,0,0,0,0.0,,109.8157320745485,105.73314811596246,-4.082583958586042,0.9628233233848992
2025-02-19,57.31707317073171,60.77235772357724,,,0,285,208,0,77,1594,1.3701923076923077,20.16636865890925,-2457.974245342898,0.554653654641894,0,0,0,0.0,,110.05678915297281,105.92991155646811,-4.126877596504698,0.9625022896972892
2025-02-20,53.65853658536585,58.94308943089431,,,0,220,273,0,-53,1541,0.8058608058608059,9.624342555182949,-2448.349902787715,0.5349434382530118,0,0,0,0.0,,109.41926972396789,105.52228437724696,-3.896985346720925,0.9643848349879153
2025-02-21,43.90243902439025,53.65853658536585,,,0,115,377,1,-262,1279,0.3050397877984085,-20.63396604017348,-2468.9838688278887,0.48017914718853216,0,0,0,0.0,,107.35748972549811,103.89769508629779,-3.459794639200325,0.9677731414170855
2025-02-24,45.1219512195122,54.26829268292683,,,0,271,221,1,50,1329,1.2262443438914028,-14.758648030604792,-2483.7425168584937,0.4930216673597229,0,0,0,0.0,,106.70578074707372,103.87192661422968,-2.8338541328440385,0.9734423560466592
2025-02-25,47.5609756097561,53.65853658536585,,,0,287,205,1,82,1411,1.4,-6.416021786793863,-2490.1585386452875,0.5094419702640157,0,0,0,0.0,,106.03018359978542,103.91606879066171,-2.1141148091237056,0.9800611982612092
2025-02-26,45.1219512195122,53.65853658536585,,,0,207,284,2,-77,1334,0.7288732394366197,-15.37675688848877,-2505.535295533776,0.4934686292532282,0,0,0,0.0,,105.9999263877022,103.84444383078977,-2.155482556912432,0.9796652447754671
2025-02-27,40.040650406504064,48.983739837398375,,,0,177,316,0,-139,1195,0.560126582278481,-29.24933407035653,-2534.7846296041325,0.4690245819650698,0,0,0,0.0,,104.19805305830734,102.83099155802718,-1.3670615002801583,0.9868801627270792
2025-02-28,51.016260162601625,54.67479674796748,,,0,437,56,0,381,1576,7.803571428571429,11.774195823494267,-2523.0104337806383,0.54491279184566,0,0,0,0.0,,105.85006888018384,104.0561610070222,-1.7939078731616434,0.9830523693357985
2025-03-03,43.292682926829265,47.15447154471545,,,0,161,330,2,-169,1407,0.48787878787878786,-8.990490159261096,-2532.0009239398996,0.50545632793297,0,0,0,0.0,,103.96800926205859,102.83092235394682,-1.137086908111769,0.9890631078138117
2025-03-04,32.926829268292686,40.447154471544714,,,0,79,413,1,-334,1073,0.19128329297820823,-43.43362414258473,-2575.4345480824845,0.44274956025262213,0,0,0,0.0,,102.81192750625743,101.13631139118012,-1.6756161150773181,0.9837021233263491
2025-03-05,38.61788617886179,44.71544715447155,,,0,370,122,1,248,1321,3.0327868852459017,-13.638966409256518,-2589.073514491741,0.4989828257203641,0,0,0,0.0,,104.00479418181479,102.16267538664118,-1.8421187951736044,0.9822881357569602
2025-03-06,34.959349593495936,41.260162601626014,,,0,149,344,0,-195,1126,0.4331395348837209,-33.02534530040731,-2622.0988597921487,0.46320980964802794,0,0,0,0.0,,102.01042757492203,100.7876462956328,-1.2227812792892365,0.9880131736690236
2025-03-07,41.260162601626014,45.73170731707317,,,0,337,155,1,182,1308,2.174193548387097,-11.20027840819214,-2633.2991382003406,0.5035279078199312,0,0,0,0.0,,102.56555210226756,101.69670815492073,-0.8688439473468321,0.991528891235524
2025-03-10,38.21138211382114,40.447154471544714,,,0,143,348,2,-205,1103,0.4109195402298851,-31.73333772391573,-2665.0324759242562,0.4649305359482088,0,0,0,0.0,,99.4828584242948,99.90759285732402,0.4247344330292151,1.0042694232931841
2025-03-11,25.609756097560975,32.31707317073171,,,0,127,364,2,-237,866,0.3489010989010989,-52.3758728557165,-2717.4083487799726,0.42742603931774387,0,0,0,0.0,,98.78939645312177,98.79762975461392,0.00823330149215451,1.000083341955592
2025-03-12,17.276422764227643,29.67479674796748,,,0,196,296,1,-100,766,0.6621621621621622,-55.86883770255557,-2773.277186482528,0.4221438473944881,0,0,0,0.0,,99.4317898451657,98.5889642947172,-0.8428255504484952,0.9915235806198306
2025-03-13,16.835699797160242,26.6260162601626,,,0,121,372,0,-251,515,0.32526881720430106,-73.89038008080826,-2847.1675665633365,0.39001516704579453,0,0,0,0.0,,97.866243109579,97.379353202429,-0.486889907150001,0.9950249453572583
2025-03-14,26.97768762677485,32.31707317073171,,,0,447,46,0,401,916,9.717391304347826,-22.80358626472303,-2869.9711528280595,0.48395672066793105,0,0,0,0.0,,99.97997042498116,99.43671545054985,-0.5432549744313064,0.9945663619210716
2025-03-17,40.77079107505071,38.00813008130081,,,0,452,40,1,412,1328,11.3,22.105259040611063,-2847.8658937874484,0.5630008054541018,0,0,0,0.0,,100.58318167713928,100.83853259902841,0.2553509218891321,1.0025387039625449
2025-03-18,35.9026369168357,36.38211382113821,,,0,151,341,1,-190,1138,0.44281524926686217,-0.6629712528112606,-2848.5288650402595,0.5164389442998453,0,0,0,0.0,,99.34733162230947,100.14654883250071,0.7992172101912445,1.0080446771658613
2025-03-19,41.1764705882353,39.83739837398374,,,0,367,125,1,242,1380,2.936,23.686894126511802,-2824.8419709137474,0.5581654924907086,0,0,0,0.0,,100.54386779905093,101.04432552852664,0.5004577294757127,1.004977506241116
2025-03-20,41.1764705882353,37.60162601626016,,,0,174,313,6,-139,1241,0.5559105431309904,5.746620924368816,-2819.0953499893785,0.5216425898052596,0,0,0,0.0,,100.30739353247613,100.6802058532966,0.3728123208204721,1.0037166983179537
2025-03-21,33.671399594320484,33.333333333333336,,,0,149,343,1,-194,1047,0.43440233236151604,-15.199139074373317,-2834.294489063752,0.4818613059234459,0,0,0,0.0,,100.47966452192883,100.23005638912308,-0.24960813280574712,0.9975158343333116
2025-03-24,54.766734279918865,39.22764227642276,,,0,418,74,1,344,1391,5.648648648648648,21.5321263454006,-2812.762362718351,0.5487217041073574,0,0,0,0.0,,102.43969924833527,101.98680143390774,-0.45289781442752997,0.995578883794557
2025-03-25,56.18661257606491,39.63414634146341,,,0,219,272,2,-53,1338,0.8051470588235294,12.56600596401032,-2800.1963567543407,0.530050214858436,0,0,0,0.0,,102.6888144782613,101.73792047614498,-0.9508940021163284,0.9907400430421989
2025-03-26,56.18661257606491,41.86991869918699,,,0,247,244,2,3,1341,1.0122950819672132,10.516656192685755,-2789.679700561655,0.5251419921235749,0,0,0,0.0,,101.31140741665375,101.35931714015143,0.047909723497681966,1.0004728956463969
2025-03-27,50.912778904665316,39.22764227642276,,,0,203,287,3,-84,1257,0.7073170731707317,-0.11165055452488382,-2789.7913511161796,0.5049863052439638,0,0,0,0.0,,100.84214062839666,100.94526699009731,0.10312636170064593,1.0010226514536285
2025-03-28,36.91683569979716,33.94308943089431,,,0,86,407,0,-321,936,0.2113022113022113,-33.23480572680397,-2823.0261568429837,0.44488737532131056,0,0,0,0.0,,98.67478445753403,99.36241873864246,0.68763428110843,1.0069686930140127
2025-03-31,50.50709939148073,38.41463414634146,,,0,378,113,2,265,1201,3.3451327433628317,-1.95688068892699,-2824.9830375319107,0.5039728405008093,0,0,0,0.0,,99.17019133273517,100.06201004415558,0.891818711420413,1.0089928102329477
2025-04-01,52.129817444219064,40.040650406504064,,,0,304,188,1,116,1317,1.6170212765957446,9.68396775577671,-2815.299069776134,0.5246843565664419,0,0,0,0.0,,99.67733988820045,100.27348307808184,0.5961431898813885,1.005980729326746
2025-04-02,62.67748478701826,41.260162601626014,,,0,387,106,0,281,1598,3.650943396226415,36.32275325608359,-2778.97631652005,0.5720126295565743,0,0,0,0.0,,100.38928719618943,101.24711597796488,0.8578287817754529,1.0085450231367716
2025-04-03,29.41176470588235,31.097560975609756,,,0,91,401,1,-310,1288,0.22693266832917705,-1.0218469804567718,-2779.998163500507,0.5016393059269236,0,0,0,0.0,,95.39941669660048,96.03525019706602,0.6358335004655373,1.0066649621400483
2025-04-04,5.882352941176471,11.585365853658537,,,0,14,479,0,-465,823,0.029227557411273485,-48.666452083699134,-2828.664615584206,0.4155953531989231,0,0,0,0.0,,89.78213626602557,90.46915859017159,0.6870223241460138,1.0076521048921174
2025-04-07,2.4340770791075053,6.9105691056910565,,,0,169,323,1,-154,669,0.5232198142414861,-57.61767503645144,-2886.2822906206575,0.40248636806445515,0,0,0,0.0,,89.6648390672274,89.96012101696145,0.2952819497340471,1.0032931743680782
2025-04-08,2.231237322515213,5.894308943089431,,,0,72,421,0,-349,320,0.171021377672209,-84.75975855362088,-2971.0420491742784,0.3558605965520906,0,0,0,0.0,,88.20971619376299,88.25376693678231,0.04405074301932643,1.0004993865179497
2025-04-09,19.472616632860042,15.040650406504065,,,0,485,8,0,477,797,60.625,-23.769621695416006,-2994.8116708696944,0.4700264552649135,0,0,0,0.0,,96.85803638162513,95.80230285090711,-1.0557335307180153,0.9891001968431574
2025-04-10,10.344827586206897,14.024390243902438,,,0,72,420,1,-348,449,0.17142857142857143,-55.17560616749425,-3049.9872770371885,0.4111746385648627,0,0,0,0.0,,93.4426789821742,92.50400193487496,-0.9386770472992367,0.9899545148156732
2025-04-11,20.892494929006084,18.69918699186992,,,0,429,62,2,367,816,6.919354838709677,-9.236631878539264,-3059.223908915728,0.495275083839683,0,0,0,0.0,,95.1360417835112,93.93704469914218,-1.1989970843690259,0.987397025754998
2025-04-14,31.03448275862069,24.796747967479675,,,0,423,70,0,353,1169,6.042857142857143,28.667496001763908,-3030.556412913964,0.5612272813934489,0,0,0,0.0,,95.89686377598304,95.10474310984966,-0.7921206661333713,0.9917398689076654
2025-04-15,29.614604462474645,24.59349593495935,,,0,201,290,2,-89,1080,0.6931034482758621,16.104601652517754,-3014.451811261446,0.5336166184924367,0,0,0,0.0,,95.69816818816214,94.86541912327415,-0.8327490648879916,0.9912981713166062
2025-04-16,21.095334685598377,20.73170731707317,,,0,63,429,1,-366,714,0.14685314685314685,-22.810502312382752,-3037.2623135738286,0.4598770115825036,0,0,0,0.0,,93.52402463366556,93.52138122079586,-0.0026434128697019332,0.999971735467116
2025-04-17,27.18052738336714,23.78048780487805,,,0,371,121,1,250,964,3.0661157024793386,6.50578133961519,-3030.7565322342134,0.5133657441403041,0,0,0,0.0,,93.63396035808407,94.23660564746271,0.6026452893786427,1.0064361828451338
2025-04-21,14.401622718052739,15.040650406504065,,,0,34,459,0,-425,539,0.07407407407407407,-36.91974289452323,-3067.6762751287365,0.43256570288595414,0,0,0,0.0,,91.37533798091792,92.240054797103,0.86471681618508,1.0094633501258914
2025-04-22,35.699797160243406,23.577235772357724,,,0,483,10,0,473,1012,48.3,17.211083309700193,-3050.465191819036,0.5320475795141025,0,0,0,0.0,,93.72140373119997,94.62583899293122,0.9044352617312512,1.0096502530449207
2025-04-23,49.89858012170385,27.4390243902439,,,0,364,127,2,237,1249,2.8661417322834644,39.471793019872244,-3010.993398799164,0.5701015096968745,0,0,0,0.0,,95.39908375053359,95.73465803114,0.3355742806064086,1.0035175838950816
2025-04-24,71.8052738336714,33.94308943089431,,,0,399,93,1,306,1555,4.290322580645161,65.30531245940408,-2945.68808633976,0.6138968006167331,0,0,0,0.0,,97.44293446738965,97.58434157505803,0.14140710766838538,1.001451178666173
2025-04-25,69.77687626774848,33.87423935091278,,,0,211,280,2,-69,1486,0.7535714285714286,49.033990656852,-2896.654095682908,0.5804128794529427,0,0,0,0.0,,98.24395991725666,97.52335374577443,-0.7206061714822312,0.9926651351178317
2025-04-28,75.45638945233266,36.105476673427994,,,0,331,161,1,170,1656,2.0559006211180124,59.11619147516463,-2837.5379042077434,0.5972040336691852,0,0,0,0.0,,98.28962918921107,97.82681681655552,-0.46281237265554864,0.9952913407398799
2025-04-29,82.96146044624746,41.37931034482759,,,0,369,123,1,246,1902,3.0,75.14880296795317,-2762.3891012397903,0.624985118456606,0,0,0,0.0,,98.84124748000957,98.38436364888359,-0.4568838311259782,0.9953775995065381
2025-04-30,82.75862068965517,43.40770791075051,,,0,313,178,2,135,2037,1.7584269662921348,77.22333528857541,-2685.165765951215,0.6272559226920462,0,0,0,0.0,,98.91952794278671,98.52665429431018,-0.39287364847653805,0.9960283509571157
2025-05-01,79.91886409736308,43.00202839756592,,,0,215,277,1,-62,1975,0.776173285198556,58.63122772192378,-2626.534538229291,0.5926624585514376,0,0,0,0.0,,99.61979838696303,98.48339010905485,-1.1364082779081741,0.98859254589641
2025-05-02,89.65517241379311,58.41784989858012,,,0,451,42,0,409,2384,10.738095238095237,90.21058229131182,-2536.323955937979,0.6512342483114012,0,0,0,0.0,,101.13757547923773,100.25165147880166,-0.8859240004360629,0.9912404069779394
2025-05-05,83.36713995943205,56.99797160243408,,,0,194,296,3,-102,2282,0.6554054054054054,64.93431972735138,-2471.3896362106275,0.6048131790451352,0,0,0,0.0,,100.62745209532594,99.89374370902486,-0.7337083863010747,0.9927086657664151
2025-05-06,77.68762677484787,53.75253549695741,,,0,141,351,1,-210,2072,0.4017094017094017,32.0450967805447,-2439.344539430083,0.5469535766466849,0,0,0,0.0,,99.83414457335734,99.18074722630398,-0.6533973470533567,0.9934551715763614
2025-05-07,77.079107505071,57.40365111561866,,,0,356,134,3,222,2294,2.656716417910448,47.57797310105734,-2391.7665663290254,0.5796039467554508,0,0,0,0.0,,99.90969958685547,99.82844214826055,-0.08125743859491763,0.9991866911928378
2025-05-08,79.3103448275862,63.08316430020284,,,0,343,147,3,196,2490,2.3333333333333335,57.983775653890575,-2333.782790675135,0.6014941382544596,0,0,0,0.0,,100.62893193410264,100.77928976390582,0.15035782980318402,1.001494180917091
2025-05-09,76.8762677484787,64.70588235294117,,,0,232,258,3,-26,2464,0.8992248062015504,44.075604976549116,-2289.707185698586,0.5782169108909401,0,0,0,0.0,,100.54518721175131,100.77690731602462,0.23172010427330747,1.0023046364594785
2025-05-12,81.13590263691684,74.0365111561866,,,0,402,90,1,312,2776,4.466666666666667,66.24365988663679,-2223.4635258119492,0.6216453217710796,0,0,0,0.0,,103.96863323449473,103.81361381970815,-0.15501941478657955,0.9985089790068035
2025-05-13,77.48478701825557,72.00811359026369,53.86178861788618,,0,248,243,2,5,2781,1.0205761316872428,53.73022589841173,-2169.7332999135374,0.6004537450298835,0,0,0,0.0,,104.86501104700027,104.16982396643026,-0.6951870805700082,0.9933706479060167
2025-05-14,72.41379310344827,67.34279918864097,51.016260162601625,,0,151,339,3,-188,2593,0.44542772861356933,23.188552197831058,-2146.5447477157063,0.5473100214437451,0,0,0,0.0,,105.21616788123323,103.57330947572063,-1.642858405512598,0.9843858749221219
2025-05-15,81.13590263691684,76.26774847870182,55.89430894308943,,0,358,135,0,223,2816,2.651851851851852,38.64304840256145,-2107.901699313145,0.5798293500176833,0,0,0,0.0,,105.52439092795315,104.4583038232401,-1.0660871047130485,0.9898972446527465
2025-05-16,87.0182555780933,81.54158215010142,59.75609756097561,,0,438,55,0,383,3199,7.963636363636364,67.89060794297652,-2040.0110913701685,0.6359400379916026,0,0,0,0.0,,106.31479936113347,105.52028989975635,-0.7945094613771175,0.992526821607608
2025-05-19,88.84381338742394,81.54158215010142,59.146341463414636,,0,256,234,3,22,3221,1.0940170940170941,55.9452422454078,-1984.0658491247607,0.615305300100736,0,0,0,0.0,,106.41745650154698,105.5599858928026,-0.8574706087443786,0.9919423876783607
2025-05-20,86.40973630831643,81.54158215010142,58.333333333333336,,0,168,322,3,-154,3067,0.5217391304347826,27.602329782637796,-1956.463519342123,0.5657692715109918,0,0,0,0.0,,105.9519576534397,105.23195944500637,-0.7199982084333385,0.993204484141875
2025-05-21,63.691683569979716,69.57403651115618,50.0,,0,18,474,1,-456,2611,0.0379746835443038,-27.397675267379853,-1983.8611946095027,0.46955401593693114,0,0,0,0.0,,104.3976122560471,102.94589518352997,-1.451717072517127,0.9860943460185984
2025-05-22,57.606490872210955,65.92292089249493,48.78048780487805,,0,187,299,7,-112,2499,0.6254180602006689,-39.39725307493381,-2023.2584476844365,0.45413940623047827,0,0,0,0.0,,104.45486712140803,102.68094431363217,-1.773922807775861,0.9830173274193722
2025-05-23,53.9553752535497,65.11156186612575,47.764227642276424,,0,173,317,3,-144,2355,0.5457413249211357,-52.70534194049444,-2075.963789624931,0.43576155500489966,0,0,0,0.0,,103.73560486510817,102.28872702217386,-1.4468778429343132,0.9860522542398461
2025-05-27,72.81947261663286,75.65922920892496,53.45528455284553,,0,459,33,1,426,2781,13.909090909090908,-6.010900582043078,-2081.974690206974,0.5261552412346074,0,0,0,0.0,,105.9631800859561,104.18654694623326,-1.7766331397228328,0.9832334860252245
2025-05-28,59.026369168357,68.35699797160244,50.0,,0,81,411,1,-330,2451,0.19708029197080293,-42.730526709543355,-2124.7052169165177,0.46042413307221763,0,0,0,0.0,,105.3995818042659,103.26044199346592,-2.139139810799989,0.9797044753481801
2025-05-29,64.50304259634889,70.38539553752535,52.642276422764226,,0,343,144,6,199,2650,2.3819444444444446,-20.261038796347115,-2144.966255712865,0.5047674025117659,0,0,0,0.0,,105.76435862605011,103.62605644108483,-2.1383021849652835,0.9797823934949045
2025-05-30,60.24340770791075,73.22515212981745,53.2520325203252,,0,260,231,2,29,2679,1.1255411255411256,-18.18970074692742,-2163.1559564597924,0.5092699780965549,0,0,0,0.0,,105.79439412077863,103.59235566110088,-2.202038459677752,0.9791856791848175
2025-06-02,55.98377281947262,71.8052738336714,53.65853658536585,,0,238,253,2,-15,2664,0.9407114624505929,-20.790232855969364,-2183.946189315762,0.504807264063817,0,0,0,0.0,,106.18215029188148,103.64447566763171,-2.5376746242497745,0.9761007418170189
2025-06-03,66.5314401622718,74.4421906693712,54.26829268292683,,0,353,139,1,214,2878,2.539568345323741,0.3154154848970592,-2183.6307738308647,0.543474975106168,0,0,0,0.0,,106.72186487311122,104.54522212785314,-2.1766427452580785,0.9796045285767258
2025-06-04,57.40365111561866,73.83367139959432,53.2520325203252,,0,197,293,3,-96,2782,0.6723549488054608,-13.080994532891914,-2196.7117683637566,0.5177596735098703,0,0,0,0.0,,106.80217815532379,104.35314396075314,-2.4490341945706433,0.9770694358778996
2025-06-05,50.912778904665316,71.19675456389453,52.235772357723576,,0,191,300,2,-109,2673,0.6366666666666667,-25.78797854328692,-2222.4997469070436,0.4943491940825989,0,0,0,0.0,,106.18895747124039,104.11833135837286,-2.0706261128675294,0.9805005514492566
2025-06-06,64.3002028397566,75.86206896551724,56.09756097560975,,0,407,85,1,322,2995,4.788235294117647,7.18845756618073,-2215.311289340863,0.5548740264962579,0,0,0,0.0,,107.41539936792594,105.0442466892054,-2.3711526787205486,0.9779253934475566
2025-06-09,60.649087221095336,76.26774847870182,56.09756097560975,,0,252,238,3,14,3009,1.0588235294117647,4.110045636731698,-2211.2012437041312,0.5474943333670682,0,0,0,0.0,,107.58500407847126,105.04736698036126,-2.5376370981099967,0.9764127248044804
2025-06-10,67.54563894523326,79.91886409736308,59.75609756097561,,0,318,173,2,145,3154,1.8381502890173411,14.743457265664233,-2196.457786438467,0.5657058802349701,0,0,0,0.0,,108.25224698950468,105.60840929249076,-2.6438376970139217,0.9755770640283314
2025-06-11,61.66328600405679,78.49898580121703,57.520325203252035,,0,169,322,2,-153,3001,0.5248447204968945,-6.461816810178277,-2202.919603248645,0.5254312691646608,0,0,0,0.0,,107.92126731004903,105.26944534915614,-2.651821960892889,0.9754281799408969
2025-06-12,64.90872210953347,80.93306288032454,58.53658536585366,,0,299,192,2,107,3108,1.5572916666666667,1.8091512960252345,-2201.1104519526198,0.5406185481278718,0,0,0,0.0,,108.26803915967129,105.57427701175766,-2.693762147913631,0.9751195073927502
2025-06-13,41.78498985801217,74.64503042596348,53.65853658536585,,0,69,424,0,-355,2753,0.16273584905660377,-37.98420050247036,-2239.09465245509,0.46777143611347355,0,0,0,0.0,,107.1221439514418,104.2295314967432,-2.892612454698593,0.9729970634642096
2025-06-16,55.98377281947262,76.47058823529412,56.09756097560975,,0,362,131,0,231,2984,2.763358778625954,-12.385546606130163,-2251.48019906122,0.5162275238863142,0,0,0,0.0,,108.17415757782884,105.2649471859672,-2.9092103918616345,0.9731062348253692
2025-06-17,40.36511156186612,70.18255578093306,53.048780487804876,,0,89,403,1,-314,2670,0.22084367245657568,-45.71060346312824,-2297.1908025243483,0.4552578484420915,0,0,0,0.0,,107.27839318695142,104.23658744248957,-3.041805744461854,0.9716456813520596
2025-06-18,46.85598377281947,67.13995943204868,51.6260162601626,,0,241,248,4,-7,2663,0.9717741935483871,-42.839071421629114,-2340.0298739459777,0.46209142795940594,0,0,0,0.0,,107.19297991809849,104.33028228292403,-2.862697635174456,0.9732939821491882
2025-06-20,48.478701825557806,67.95131845841784,52.235772357723576,,0,287,203,3,84,2747,1.4137931034482758,-30.940507244089936,-2370.9703811900677,0.4845683111875658,0,0,0,0.0,,106.760912756814,104.48141702472884,-2.2794957320851523,0.9786485926991134
2025-06-23,59.43204868154158,74.0365111561866,56.300813008130085,,0,391,100,2,291,3038,3.91,0.381382471228747,-2370.588998718839,0.5412529841025464,0,0,0,0.0,,107.76248928599442,105.37658195978051,-2.3859073262139106,0.9778595748667064
2025-06-24,70.58823529411765,77.48478701825557,60.16260162601626,,0,374,116,3,258,3296,3.2241379310344827,23.81283528169726,-2346.776163437142,0.5816188608334378,0,0,0,0.0,,108.98287112675357,106.44231135576536,-2.54055977098821,0.9766884488844729
2025-06-25,58.41784989858012,69.77687626774848,55.28455284552845,,0,138,355,0,-217,3079,0.38873239436619716,-4.446778932430028,-2351.2229423695717,0.5267643159723333,0,0,0,0.0,,109.0410496704023,105.69547967783959,-3.345569992562716,0.969318252138297
2025-06-26,64.50304259634889,72.61663286004057,57.926829268292686,,0,369,123,1,246,3325,3.0,18.370888460268915,-2332.852053909303,0.5673526221591818,0,0,0,0.0,,109.98077363014617,106.52040362500628,-3.460370005139893,0.9685365915248355
2025-06-27,69.1683569979716,74.0365111561866,60.36585365853659,,0,333,155,5,178,3503,2.1483870967741936,30.891587914587248,-2301.960465994716,0.5882661543448447,0,0,0,0.0,,110.66428906494917,106.97802230865905,-3.6862667562901237,0.9666896449845113
2025-06-30,74.64503042596348,76.26774847870182,63.00813008130081,,0,350,141,2,209,3712,2.482269503546099,44.586344235637014,-2257.3741217590787,0.6109143003239897,0,0,0,0.0,,111.21751918409454,107.57187459503538,-3.6456445890591596,0.967220590642517
2025-07-01,83.97565922920893,83.16430020283975,69.91869918699187,,0,364,128,1,236,3948,2.84375,58.81076588295231,-2198.5633558761265,0.6343548636058067,0,0,0,0.0,,111.01745363649961,108.70875481172348,-2.3086988247761298,0.9792041814223607
2025-07-02,79.10750507099391,78.70182555780933,67.6829268292683,,0,286,205,2,81,4029,1.395121951219512,54.958511426089515,-2143.604844450037,0.6249239293230994,0,0,0,0.0,,111.69530261259557,109.06590214648367,-2.6294004661119033,0.9764591669962011
2025-07-03,82.55578093306288,81.13590263691684,71.54471544715447,,0,350,139,4,211,4240,2.5179856115107913,64.57462548684032,-2079.0302189631966,0.6414371096766982,0,0,0,0.0,,112.64772441761578,109.67694665294341,-2.9707777646723628,0.9736277161386866
2025-07-07,75.86206896551724,76.06490872210954,65.85365853658537,,0,99,392,2,-293,3947,0.25255102040816324,21.357911220090486,-2057.672307743106,0.5614720584449786,0,0,0,0.0,,111.71991565157016,108.76092184022887,-2.958993811341287,0.9735141778967168
2025-07-08,75.86206896551724,75.45638945233266,68.29268292682927,,0,258,233,2,25,3972,1.1072961373390557,16.552352264093358,-2041.1199554790128,0.554924092995438,0,0,0,0.0,,111.54343356539991,108.98765895951902,-2.5557746058808846,0.9770871800859314
2025-07-09,76.67342799188641,75.45638945233266,69.91869918699187,,0,303,189,1,114,4086,1.6031746031746033,21.387206763752346,-2019.7327487152604,0.5660021958211011,0,0,0,0.0,,112.27565000656895,109.36377647403678,-2.9118735325321694,0.9740649594781967
2025-07-10,76.8762677484787,76.47058823529412,72.35772357723577,,0,345,146,2,199,4285,2.363013698630137,34.034760982314424,-1985.6979877329459,0.5908468252792901,0,0,0,0.0,,112.61634728329277,109.96247079466679,-2.6538764886259827,0.9764343583090117
2025-07-11,69.1683569979716,70.99391480730223,70.32520325203252,,0,111,380,2,-269,4016,0.29210526315789476,-2.78625700832292,-1988.4842447412689,0.5245236291259364,0,0,0,0.0,,112.32245573358213,109.16103508774266,-3.1614206458394705,0.9718540640409603
2025-07-14,72.00811359026369,73.42799188640974,70.1219512195122,,0,287,205,1,82,4098,1.4,1.3440811766710397,-1987.1401635645977,0.5352163026181903,0,0,0,0.0,,112.56929345969651,109.30782954745783,-3.261463912238682,0.9710270553185413
2025-07-15,50.30425963488844,63.28600405679513,64.02439024390245,,0,55,438,0,-383,3715,0.12557077625570776,-42.2914434887504,-2029.4316070533482,0.45818822325593034,0,0,0,0.0,,112.15565568139533,107.88747420391971,-4.268181477475622,0.9619441262097348
2025-07-16,55.98377281947262,66.12576064908723,66.46341463414635,,0,337,154,2,183,3898,2.188311688311688,-21.98470874462332,-2051.4163157979715,0.4996729788128043,0,0,0,0.0,,112.5593707634208,108.34562537019616,-4.213745393224642,0.9625642417450861
2025-07-17,62.88032454361055,69.1683569979716,68.90243902439025,,0,367,124,2,243,4141,2.9596774193548385,1.572665703097229,-2049.843650094874,0.5447241054200671,0,0,0,0.0,,113.16692309407021,109.16925231790952,-3.997670776160689,0.9646745650861461
2025-07-18,60.04056795131846,70.18255578093306,67.27642276422765,,0,256,235,2,21,4162,1.0893617021276596,-0.8088554543616198,-2050.6525055492357,0.5404806187467647,0,0,0,0.0,,113.25422643112783,109.24148070352622,-4.012745727601612,0.9645686889218051
2025-07-21,53.75253549695741,65.92292089249493,66.0569105691057,,0,183,310,0,-127,4035,0.5903225806451613,-17.85115375454673,-2068.5036593037826,0.5097017343498792,0,0,0,0.0,,113.5362634080456,108.88891863501631,-4.647344773029289,0.9590673091263636
2025-07-22,68.96551724137932,75.05070993914808,72.76422764227642,,0,388,105,0,283,4318,3.6952380952380954,9.249087068987606,-2059.254572234795,0.5601229200277362,0,0,0,0.0,,113.58631634738043,110.18139017489041,-3.404926172490022,0.9700234475244646
2025-07-23,74.4421906693712,77.68762677484787,75.40650406504065,,0,341,152,0,189,4507,2.2434210526315788,22.840078977926794,-2036.4144932568681,0.5840430382008234,0,0,0,0.0,,114.41899114922101,111.05768331929731,-3.361307829923703,0.9706228153546642
2025-07-24,68.96551724137932,74.0365111561866,74.1869918699187,,0,215,277,1,-62,4445,0.776173285198556,8.889787212847537,-2027.5247060440206,0.5573064621495281,0,0,0,0.0,,114.54805311487208,110.76451924186144,-3.78353387301064,0.9669698980460506
2025-07-25,70.79107505070994,76.06490872210954,73.98373983739837,70.1219512195122,492,333,156,4,177,4622,2.1346153846153846,21.157189730419418,-2006.3675163136013,0.5797928499572547,0,0,0,0.0,,115.05925278515672,111.41656204955794,-3.6426907355987765,0.9683407405539078
2025-07-28,62.47464503042596,69.77687626774848,72.5609756097561,67.07317073170732,492,147,345,1,-198,4424,0.4260869565217391,-6.492421426763485,-2012.8599377403648,0.528699693202277,0,0,0,0.0,,115.11148473052944,110.84505593121506,-4.266428799314383,0.962936549647484
2025-07-29,61.4604462474645,69.1683569979716,73.57723577235772,67.27642276422765,492,250,240,3,10,4434,1.0416666666666667,-9.00504217342268,-2021.8649799137875,0.5253368547350727,0,0,0,0.0,,114.86427291914887,110.76751547992858,-4.096757439220298,0.9643339279037274
2025-07-30,49.69574036511156,63.488843813387426,69.51219512195122,64.02439024390245,492,162,329,2,-167,4267,0.49240121580547114,-29.05962615936702,-2050.9246060731543,0.4898099539111806,0,0,0,0.0,,114.7471057072935,110.09474276466761,-4.652362942625885,0.9594555094531664
2025-07-31,41.78498985801217,59.43204868154158,64.63414634146342,60.97560975609756,492,143,348,2,-205,4062,0.4109195402298851,-49.91495271180615,-2100.8395587849604,0.45370675547741285,0,0,0,0.0,,114.32994358414028,109.15426358538645,-5.175679998753836,0.9547303196651643
2025-08-01,37.72819472616633,52.129817444219064,60.56910569105691,58.13008130081301,492,138,354,1,-216,3846,0.3898305084745763,-68.61230081184019,-2169.4518595968007,0.422212400822983,0,0,0,0.0,,112.42531023733126,107.98916000069715,-4.436150236634106,0.960541356503537
2025-08-04,48.478701825557806,56.79513184584179,63.82113821138211,61.78861788617886,492,428,63,2,365,4211,6.7936507936507935,-25.330522643249225,-2194.78238224005,0.5039356784367268,0,0,0,0.0,,114.2718712167074,109.37731339377545,-4.894557822931944,0.9571674308750068
2025-08-05,43.81338742393509,56.59229208924949,63.00813008130081,59.959349593495936,492,212,279,2,-67,4144,0.7598566308243727,-32.0113371198228,-2226.7937193598727,0.49081499037435583,0,0,0,0.0,,113.70960214288557,108.99506197550531,-4.714540167380264,0.9585387682435468
2025-08-06,44.42190669371197,53.75253549695741,62.19512195121951,59.552845528455286,492,240,253,0,-13,4131,0.9486166007905138,-32.08670338370221,-2258.880422743575,0.49008779500110944,0,0,0,0.0,,114.6113710020461,108.82055453837948,-5.790816463666616,0.9494743286548485
2025-08-07,46.0446247464503,56.18661257606491,63.82113821138211,59.552845528455286,492,243,245,5,-2,4129,0.9918367346938776,-30.87508936114299,-2289.755512104718,0.4915174358503861,0,0,0,0.0,,114.578001631178,108.8139506346657,-5.764050996512296,0.9496932141034669
2025-08-08,50.50709939148073,59.026369168357,63.61788617886179,61.38211382113821,492,296,193,4,103,4232,1.5336787564766838,-19.035696703953803,-2308.791208808672,0.5122082608621582,0,0,0,0.0,,115.58887801707007,109.08974397593809,-6.499134041131981,0.9437737077076551
2025-08-11,47.66734279918864,56.59229208924949,62.80487804878049,60.56910569105691,492,173,314,6,-141,4091,0.5509554140127388,-33.56428780279691,-2342.355496611469,0.4836678751836549,0,0,0,0.0,,115.35146921262813,108.73248668250048,-6.618982530127653,0.9426190010815828
2025-08-12,58.21501014198783,62.47464503042596,66.46341463414635,63.41463414634146,492,393,98,2,295,4386,4.010204081632653,-1.59934481617411,-2343.954841427643,0.5412568673276377,0,0,0,0.0,,116.67105857165139,110.23031798153045,-6.440740590120939,0.944795730243885
2025-08-13,66.5314401622718,67.13995943204868,71.34146341463415,68.69918699186992,492,401,92,0,309,4695,4.358695652173913,27.158556457615305,-2316.7962849700275,0.5907351503471746,0,0,0,0.0,,116.86886196697287,111.58298488578535,-5.285877081187522,0.9547708688848078
2025-08-14,58.8235294117647,63.488843813387426,68.4959349593496,65.65040650406505,492,140,351,2,-211,4484,0.39886039886039887,-1.1275674495787698,-2317.923852419606,0.5351710108098805,0,0,0,0.0,,116.9042999589246,110.85047870206861,-6.053821256855983,0.9482155809582449
2025-08-15,52.129817444219064,60.649087221095336,67.6829268292683,64.63414634146342,492,202,289,2,-87,4397,0.698961937716263,-12.730500644259692,-2330.654353063866,0.512668153447299,0,0,0,0.0,,116.66076989997853,110.62625502481684,-6.03451487516169,0.9482729723082104
2025-08-18,52.129817444219064,60.446247464503045,66.869918699187,63.82113821138211,492,234,259,0,-25,4372,0.9034749034749034,-16.299323568129534,-2346.9536766319957,0.5057548583525107,0,0,0,0.0,,116.6458419109302,110.59834074314503,-6.047501167785171,0.9481550214845808
2025-08-19,60.24340770791075,65.31440162271805,70.52845528455285,67.27642276422765,492,340,153,0,187,4559,2.2222222222222223,2.231843648585368,-2344.7218329834104,0.5391912790909257,0,0,0,0.0,,115.83395459287637,111.06033411772461,-4.773620475151759,0.9587891090144536
2025-08-20,62.67748478701826,65.31440162271805,70.9349593495935,67.07317073170732,492,252,237,4,15,4574,1.0632911392405062,0.6206133336965536,-2344.101219649714,0.5348542144040088,0,0,0,0.0,,115.46959665841011,110.99050176409855,-4.479094894311558,0.9612097467737597
2025-08-21,58.41784989858012,63.08316430020284,69.51219512195122,66.46341463414635,492,163,329,1,-166,4408,0.49544072948328266,-19.117089623804304,-2363.2183092735186,0.49784450505930355,0,0,0,0.0,,115.01357179829954,110.61941588331297,-4.39415591498657,0.9617944574167938
2025-08-22,78.09330628803245,73.02231237322515,75.40650406504065,72.76422764227642,492,416,77,0,339,4747,5.402597402597403,15.319798335205249,-2347.8985109383134,0.5607479382165093,0,0,0,0.0,,116.91041917059765,112.72094904798351,-4.189470122614139,0.9641651261509824
2025-08-25,67.95131845841784,66.32860040567951,71.7479674796748,69.3089430894309,492,102,388,3,-286,4461,0.26288659793814434,-18.700685386608903,-2366.599196324922,0.4966416340509843,0,0,0,0.0,,116.52236641629564,111.83862238598626,-4.683744030309384,0.959803905684717
2025-08-26,68.96551724137932,66.12576064908723,71.34146341463415,69.51219512195122,492,268,223,2,45,4506,1.201793721973094,-14.124715825802614,-2380.7239121507246,0.5055840364508979,0,0,0,0.0,,116.96633966446663,111.98326668257108,-4.983072981895546,0.9573973760640014
2025-08-27,72.21095334685599,67.34279918864097,71.7479674796748,70.1219512195122,492,332,159,2,173,4679,2.088050314465409,2.840106149722473,-2377.883806001002,0.5365998624470502,0,0,0,0.0,,117.19328399496926,112.35774391176273,-4.8355400832065385,0.9587387611442468
2025-08-28,67.74847870182556,66.12576064908723,71.13821138211382,69.10569105691057,492,223,268,2,-45,4634,0.832089552238806,-4.778705060512017,-2382.662511061514,0.5216135515929484,0,0,0,0.0,,117.67827021115191,112.36957246258592,-5.30869774856599,0.9548880371963276
2025-08-29,67.54563894523326,65.31440162271805,72.35772357723577,69.3089430894309,492,266,225,2,41,4675,1.1822222222222223,-2.5467855864913957,-2385.2092966480054,0.5252750017569411,0,0,0,0.0,,116.93177245383906,112.21008552091733,-4.7216869329217275,0.9596201542674323
2025-09-02,54.36105476673428,59.43204868154158,69.91869918699187,67.6829268292683,492,124,367,2,-243,4432,0.33787465940054495,-29.429005944376783,-2414.6383025923824,0.4756878786824519,0,0,0,0.0,,116.15740921533545,111.42070574053697,-4.736703474798475,0.9592216845503375
2025-09-03,52.73833671399594,58.41784989858012,68.08943089430895,67.27642276422765,492,221,272,0,-51,4381,0.8125,-32.79354268778687,-2447.4318452801695,0.4707038756618179,0,0,0,0.0,,117.24305977042356,111.25008079884822,-5.99297897157534,0.9488841473149
2025-09-04,58.8235294117647,60.649087221095336,69.51219512195122,68.90243902439025,492,362,130,1,232,4613,2.7846153846153845,-6.804428332154217,-2454.2362736123237,0.5188981451275922,0,0,0,0.0,,118.26663010476614,112.17010147166849,-6.096528633097648,0.9484509820927758
2025-09-05,55.57809330628803,60.446247464503045,69.51219512195122,68.90243902439025,492,265,228,0,37,4650,1.162280701754386,-4.326589684176014,-2458.5628632964995,0.5222849105534071,0,0,0,0.0,,118.04206793713445,112.24777309283449,-5.794294844299955,0.9509133062004148
2025-09-08,56.3894523326572,60.851926977687626,68.90243902439025,67.27642276422765,492,243,247,3,-4,4646,0.9838056680161943,-6.344619701875757,-2464.907482998375,0.5174909936067764,0,0,0,0.0,,118.37125077358822,112.29418879914847,-6.077061974439744,0.9486609972039284
2025-09-09,48.88438133874239,59.22920892494929,67.47967479674797,65.85365853658537,492,207,284,2,-77,4569,0.7288732394366197,-15.44196338411832,-2480.3494463824936,0.500054193806396,0,0,0,0.0,,118.86338796154489,112.0158697452901,-6.847518216254784,0.9423916957636264
2025-09-10,43.81338742393509,57.40365111561866,68.08943089430895,65.2439024390244,492,207,285,1,-78,4491,0.7263157894736842,-23.24440229381127,-2503.593848676305,0.48563192353561,0,0,0,0.0,,119.36939396832277,111.89980935630268,-7.4695846120200855,0.9374246248246657
2025-09-11,63.488843813387426,65.72008113590263,72.15447154471545,70.1219512195122,492,425,65,3,360,4851,6.538461538461538,14.6226411435823,-2488.9712075327225,0.5550346535792282,0,0,0,0.0,,120.3247942935027,113.54647929193193,-6.778315001570775,0.9436665149409128
2025-09-12,54.563894523326574,62.06896551724138,70.1219512195122,68.29268292682927,492,114,377,2,-263,4588,0.30238726790450926,-16.25873410166311,-2505.229941634386,0.49633366675923146,0,0,0,0.0,,120.30498646624277,112.64271786585492,-7.662268600387847,0.9363096341601945
2025-09-15,49.69574036511156,57.809330628803245,67.88617886178862,65.65040650406505,492,204,287,2,-83,4505,0.710801393728223,-24.325438172533328,-2529.555379806919,0.48163274827051356,0,0,0,0.0,,121.23184991827608,112.4299607164151,-8.801889201860988,0.927396231206614
2025-09-16,41.1764705882353,53.75253549695741,66.46341463414635,65.04065040650407,492,184,307,2,-123,4382,0.5993485342019544,-35.15763809411054,-2564.7130179010296,0.4621986881331974,0,0,0,0.0,,121.15774078259062,112.20665318710897,-8.951087595481653,0.9261203820930949
2025-09-17,45.436105476673426,56.3894523326572,67.6829268292683,64.83739837398375,492,286,206,1,80,4462,1.3883495145631068,-23.65514554247086,-2588.3681634435006,0.48385361992863973,0,0,0,0.0,,121.02174180791596,112.3671734302262,-8.654568377689756,0.9284874911862848
2025-09-18,51.926977687626774,58.62068965517241,67.13995943204868,65.04065040650407,492,318,173,2,145,4607,1.8381502890173411,-7.109946593857082,-2595.4781100373575,0.5136362056035287,0,0,0,0.0,,121.64129031449188,113.11427540984134,-8.527014904650542,0.9299003251066742
2025-09-19,48.88438133874239,59.026369168357,67.13995943204868,65.04065040650407,492,217,275,1,-58,4549,0.7890909090909091,-13.516487053940665,-2608.994597091298,0.5004399701427245,0,0,0,0.0,,122.32184353009204,112.91560873921765,-9.406234790874393,0.9231025749823629
2025-09-22,48.478701825557806,56.3894523326572,67.95131845841784,65.44715447154472,492,244,247,2,-3,4546,0.9878542510121457,-13.348403405754393,-2622.3430004970523,0.4998045228773744,0,0,0,0.0,,122.8064779620911,113.02094730937597,-9.785530652715124,0.9203174717237979
2025-09-23,52.129817444219064,59.22920892494929,68.35699797160244,65.44715447154472,492,267,223,3,44,4590,1.1973094170403586,-8.371215589607495,-2630.7142160866597,0.5080033294785197,0,0,0,0.0,,122.08604414825575,113.09680236726925,-8.989241780986504,0.9263696203468565
2025-09-24,48.6815415821501,55.78093306288032,67.95131845841784,65.2439024390244,492,210,280,3,-70,4520,0.75,-15.635730054614509,-2646.3499461412744,0.4935611656772303,0,0,0,0.0,,121.62754446466273,112.80627276005337,-8.821271704609359,0.9274730757458294
2025-09-25,40.973630831643,51.3184584178499,66.12576064908723,63.41463414634146,492,119,373,1,-254,4266,0.3190348525469169,-40.429968878413305,-2686.7799150196875,0.4477991207721315,0,0,0,0.0,,120.94551558085726,111.88183971122993,-9.063675869627332,0.925059843466723
2025-09-26,53.14401622718053,56.99797160243408,68.55983772819472,65.44715447154472,492,420,72,1,348,4614,5.833333333333333,-0.37212649408928655,-2687.1520415137766,0.5215917418290832,0,0,0,0.0,,121.6339701767514,113.00860985878423,-8.625360317967179,0.9290875706397373
2025-09-29,54.969574036511155,57.20081135902637,67.54563894523326,66.46341463414635,492,307,186,0,121,4735,1.6505376344086022,10.856877003753041,-2676.2951645100234,0.5399783438125838,0,0,0,0.0,,121.91253354374975,113.43265196800456,-8.479881575745182,0.930442905833779
2025-09-30,58.62068965517241,59.43204868154158,68.55983772819472,67.47967479674797,492,299,193,1,106,4841,1.549222797927461,18.882092434947275,-2657.413072075076,0.5522956589804362,0,0,0,0.0,,122.32685474823559,113.77973971446562,-8.54711503376997,0.9301288743885303
2025-10-01,56.18661257606491,58.41784989858012,68.15415821501014,68.08943089430895,492,216,276,1,-60,4781,0.782608695652174,8.813541369283364,-2648.5995307057924,0.531700882846521,0,0,0,0.0,,122.8426754458586,114.02059566940397,-8.822079776454629,0.9281839169943604
2025-10-02,56.3894523326572,58.21501014198783,69.1683569979716,67.47967479674797,492,272,217,4,55,4836,1.2534562211981566,11.824148505351097,-2636.7753822004415,0.5361620348405909,0,0,0,0.0,,122.89195153266961,114.29478684066414,-8.597164692005464,0.9300428987839778
2025-10-03,61.25760649087221,61.66328600405679,69.97971602434077,68.29268292682927,492,314,177,2,137,4973,1.7740112994350283,22.65552688444624,-2614.119855315995,0.554952792438543,0,0,0,0.0,,122.84784911688675,114.67749715013582,-8.170351966750928,0.9334921040499696
2025-10-06,56.18661257606491,59.43204868154158,69.3711967545639,67.07317073170732,492,237,256,0,-19,4954,0.92578125,15.981576749951572,-2598.1382785660435,0.5414577798358501,0,0,0,0.0,,123.46112628542693,114.60621853882517,-8.854907746601754,0.9282777663462238
2025-10-07,52.33265720081136,56.79513184584179,68.96551724137932,67.07317073170732,492,195,296,2,-101,4853,0.6587837837837838,1.8790114809248948,-2596.2592670851186,0.5152197609877099,0,0,0,0.0,,122.84488225449066,114.10538833676466,-8.739493917725994,0.9288574846803883
2025-10-08,53.34685598377282,56.79513184584179,67.74847870182556,66.46341463414635,492,266,225,2,41,4894,1.1822222222222223,4.213545836555198,-2592.0457212485635,0.5200437185344733,46,5,41,4.1,-9.021487090329078,123.53038452700333,114.52637948493685,-9.004005042066481,0.9271110093557733
2025-10-09,45.63894523326572,51.521298174442194,66.7342799188641,65.04065040650407,492,120,372,1,-252,4642,0.3225806451612903,-23.52751935933446,-2615.573240607898,0.46983621316900365,17,15,2,4.3,-9.423139582278983,123.14642267627538,113.61936998465893,-9.527052691616447,0.9226363828963107
2025-10-10,29.006085192697768,38.33671399594321,59.026369168357,57.926829268292686,492,80,413,0,-333,4309,0.1937046004842615,-55.34350264701128,-2670.916743254909,0.4139154117335182,9,24,-15,2.8,-12.010635256671309,119.83475525415038,111.04910517191865,-8.785650082231726,0.9266852920624007
2025-10-13,36.105476673427994,43.6105476673428,63.28600405679513,61.99186991869919,492,348,142,3,206,4515,2.4507042253521125,-27.60413644311719,-2698.520879698026,0.46778607898790636,10,12,-2,2.6,-11.030505192661394,121.85395745683344,112.26332808584407,-9.590629370989376,0.921294067331487
2025-10-14,43.20486815415821,50.10141987829615,66.5314401622718,65.2439024390244,492,377,115,1,262,4777,3.2782608695652176,1.9305555280120323,-2696.590324170014,0.5220540941904008,26,3,23,4.9,-10.554536727002544,121.72024411247948,113.21368568105909,-8.506558431420387,0.9301138566271718
2025-10-15,43.81338742393509,50.10141987829615,64.70588235294117,63.61788617886179,492,243,247,3,-4,4773,0.9838056680161943,0.19537675891260875,-2696.3949474111014,0.5173021438552259,42,9,33,8.2,-10.306798576651111,122.3938052757782,113.40557704336338,-8.988228232414826,0.9265630461267013
2025-10-16,35.294117647058826,41.1764705882353,60.649087221095336,60.16260162601626,492,131,361,1,-230,4543,0.3628808864265928,-24.210070467390967,-2720.605017878492,0.47165814726366223,12,19,-7,7.5,-11.343492662579685,121.66083886168789,112.3643375914858,-9.296501270202086,0.9235867403415575
2025-10-17,42.190669371196755,45.233265720081135,63.28600405679513,62.39837398373984,492,352,140,1,212,4755,2.5142857142857142,-0.12809128664701674,-2720.733109165139,0.515983421301459,14,2,12,8.7,-10.733682540358586,122.26291569817502,112.89851411561287,-9.364401582562152,0.923407670027438
2025-10-20,54.563894523326574,52.94117647058823,66.5314401622718,65.04065040650407,492,402,87,4,315,5070,4.620689655172414,30.90888883382533,-2689.824220331314,0.5716384155322032,34,3,31,11.8,-9.86254511657444,123.55597328898399,114.02777444234611,-9.528198846637878,0.9228835434418662
2025-10-21,61.25760649087221,54.969574036511155,68.76267748478702,66.869918699187,492,293,198,2,95,5165,1.47979797979798,34.97858916750795,-2654.845631163806,0.5762025843800789,17,0,17,13.5,-9.34997068056581,123.40069622448388,114.57099763079601,-8.829698593687866,0.9284469304968478
2025-10-22,50.912778904665316,51.521298174442194,67.54563894523326,66.869918699187,492,187,304,2,-117,5048,0.6151315789473685,16.78227580818607,-2638.06335535562,0.5406849139743692,10,2,8,10.2,-9.954329270720875,122.7866824617874,113.95715810726996,-8.829524354517432,0.928090537365359
2025-10-23,57.40365111561866,53.34685598377282,68.76267748478702,67.6829268292683,492,284,208,1,76,5124,1.3653846153846154,20.71455301808112,-2617.348802337539,0.5473305245895246,16,3,13,11.3,-9.722813922108847,123.55533029346886,114.62353681011044,-8.931793483358419,0.9277101727449265
2025-10-24,58.41784989858012,53.9553752535497,67.74847870182556,65.85365853658537,492,257,233,3,24,5148,1.1030042918454936,18.699243596051396,-2598.6495587414875,0.5431776648311323,36,5,31,15.9,-9.655688994572575,124.65387055106437,115.0193130981303,-9.634557452934075,0.92270952028732
2025-10-27,63.28600405679513,57.809330628803245,67.13995943204868,65.85365853658537,492,324,167,2,157,5305,1.9401197604790419,30.371501635623147,-2568.2780571058643,0.5643958712995322,49,4,45,20.6,-9.54481911884173,126.42933920828642,115.60223868356374,-10.827100524722681,0.914362436816303
2025-10-28,50.70993914807302,48.88438133874239,64.0973630831643,63.00813008130081,492,106,387,1,-281,5024,0.2739018087855297,-4.164791687774752,-2572.442848793639,0.5008711932428589,22,14,8,19.1,-10.214552297859814,126.65081599971741,114.55657596039713,-12.094240039320283,0.9045072079176555
2025-10-29,37.52535496957404,43.00202839756592,57.40365111561866,56.91056910569106,492,129,364,1,-235,4789,0.3543956043956044,-29.016628075496953,-2601.459476869136,0.4573788464721676,40,44,-4,15.4,-11.217728119244297,126.82495142016694,113.31338286597568,-13.511568554191257,0.893462852515292
2025-10-30,35.9026369168357,42.393509127789045,56.99797160243408,56.91056910569106,492,225,267,2,-42,4747,0.8426966292134831,-30.58545209115637,-2632.044928960292,0.45736761496281564,21,23,-2,15.9,-11.768424331471621,125.65219177100612,112.8168625043064,-12.835329266699716,0.8978503352325811
2025-10-31,40.36511156186612,41.987829614604465,57.20081135902637,57.113821138211385,492,262,228,4,34,4781,1.1491228070175439,-24.081561671781696,-2656.126490632074,0.4714269354333983,16,17,-1,14.6,-11.443092845594565,126.04307014090169,113.06712529326595,-12.975944847635745,0.8970515012596081
2025-11-03,37.11967545638945,39.95943204868154,58.012170385395535,56.300813008130085,492,186,306,2,-120,4661,0.6078431372549019,-33.987372089270394,-2690.1138627213445,0.45444908907965403,21,29,-8,10.7,-11.844559030054992,126.35607015266048,112.76115664344924,-13.594913509211239,0.892407911287632
2025-11-04,35.496957403651116,39.95943204868154,55.78093306288032,56.91056910569106,492,211,282,1,-71,4590,0.74822695035461,-37.3273889657364,-2727.4412516870807,0.4496386885942144,13,15,-2,8.8,-11.98934476228044,124.67506888908703,112.0395574004571,-12.63551148862993,0.8986524603417649
2025-11-05,40.16227180527383,41.37931034482759,56.18661257606491,56.09756097560975,492,304,186,4,118,4708,1.6344086021505377,-20.8669117944157,-2748.308163481496,0.48068768398895834,30,15,15,9.5,-12.235036104615215,125.34026872357595,112.7439924643145,-12.596276259261444,0.8995033568418372
2025-11-06,38.33671399594321,39.553752535496955,54.15821501014199,53.86178861788618,492,161,333,0,-172,4536,0.48348348348348347,-36.041095974612205,-2784.3492594561085,0.4525464562044366,24,27,-3,7.9,-12.878732378014778,123.96678230649455,111.96209862463873,-12.004683681855823,0.9031620934374538
2025-11-07,45.030425963488845,44.827586206896555,56.79513184584179,56.91056910569106,492,383,110,1,273,4809,3.481818181818182,-3.794332138847629,-2788.143591594956,0.5115155128488078,26,4,22,7.0,-11.848143628447877,123.94106875245888,113.04729438184746,-10.89377437061141,0.9121052087071398
2025-11-10,49.49290060851927,47.26166328600406,57.809330628803245,57.520325203252035,492,315,177,2,138,4947,1.7796610169491525,10.131654990089281,-2778.0119366048666,0.5349206745924835,41,10,31,5.6,-11.502082600611207,126.0806274945453,113.69036745886348,-12.39026003568182,0.9017274875458733
2025-11-11,55.57809330628803,50.912778904665316,60.446247464503045,60.36585365853659,492,333,160,1,173,5120,2.08125,25.53022583183739,-2752.481710773029,0.5604726227488197,38,4,34,8.2,-10.973523067775586,126.33380552130613,114.33958663920656,-11.994218882099574,0.9050593082935607
2025-11-12,57.113821138211385,53.2520325203252,61.17886178861789,60.28513238289206,491,294,198,1,96,5216,1.4848484848484849,30.79453963131298,-2721.687171141716,0.5672159596326263,39,4,35,12.1,-10.565549190405676,126.1387490950024,114.66370929510362,-11.47503979989878,0.9090284319273194
2025-11-13,47.764227642276424,45.52845528455285,57.113821138211385,59.26680244399186,491,127,364,2,-237,4979,0.3489010989010989,1.3687357590914004,-2720.3184353826246,0.5111141132413581,15,10,5,12.8,-11.917721266416592,123.8638867958079,113.2222145203252,-10.641672275482705,0.9140857553337906
2025-11-14,43.08943089430894,44.10569105691057,56.91056910569106,59.26680244399186,491,184,304,6,-120,4859,0.6052631578947368,-11.906408062121141,-2732.2248434447456,0.48673867089345096,13,12,1,13.0,-12.028214642950152,123.79446335607952,112.88272211235746,-10.911741243722062,0.9118559833137627
2025-11-17,32.31707317073171,37.80487804878049,51.016260162601625,54.989816700611,491,98,396,0,-298,4561,0.2474747474747475,-41.213318320931066,-2773.438161765677,0.4343099246949361,10,21,-11,12.7,-12.783196250021922,122.9900580997381,111.37792877288123,-11.612129326856873,0.9055848130631821
2025-11-18,33.13008130081301,38.61788617886179,51.829268292682926,55.80448065173116,491,245,249,0,-4,4557,0.9839357429718876,-36.307574980365985,-2809.745736746043,0.44551746875113835,16,16,0,12.9,-13.37918648929608,121.99356625409602,111.33705142999794,-10.656514824098082,0.9126469112157767
2025-11-19,31.097560975609756,36.78861788617886,49.1869918699187,54.58248472505092,491,200,290,4,-90,4467,0.6896551724137931,-40.636079990576555,-2850.3818167366194,0.43872579539749906,12,25,-13,10.1,-12.850208057206592,122.67984235576344,111.08810923344737,-11.591733122316072,0.905512324602596
2025-11-20,28.45528455284553,32.113821138211385,46.54471544715447,51.527494908350306,491,145,348,1,-203,4264,0.4166666666666667,-55.57101833791646,-2905.952835074536,0.41243340479046714,6,26,-20,8.4,-15.14089572434325,120.78929837455507,109.70388829547746,-11.085410079077619,0.9082252299810294
2025-11-21,46.85598377281947,41.666666666666664,52.642276422764226,56.61914460285132,491,438,55,1,383,4647,7.963636363636364,-8.750794642514244,-2914.7036297170503,0.4989797191693348,24,0,24,8.6,-13.601237811982347,122.12003514700164,111.85949967898294,-10.260535468018702,0.9159799171719234
2025-11-24,48.88438133874239,43.08943089430894,53.86178861788618,56.61914460285132,491,259,234,1,25,4672,1.106837606837607,-4.910567223497955,-2919.614196940548,0.5037752192429169,27,6,21,7.6,-12.942832443932007,124.46740565699355,112.40541025446409,-12.061995402529462,0.9030911318600965
2025-11-25,64.50304259634889,53.2520325203252,56.91056910569106,60.89613034623218,491,417,74,3,343,5015,5.635135135135135,30.583614873692227,-2889.030582066856,0.566595573751981,46,0,46,8.8,-11.747210383267504,125.71364851395595,114.0490518284862,-11.664596685469746,0.9072129651525084
2025-11-26,71.19675456389453,57.926829268292686,59.146341463414636,61.30346232179226,491,360,133,1,227,5242,2.706766917293233,49.037331804162264,-2839.9932502626934,0.5963460373847574,43,1,42,9.5,-10.999809051122156,126.46967764637694,114.82305156117722,-11.646626085199713,0.9079097353456933
2025-11-28,77.68762677484787,60.97560975609756,59.552845528455286,62.39837398373984,492,376,117,1,259,5501,3.213675213675214,67.80893951745446,-2772.184310745239,0.626588118730623,39,0,39,12.9,-10.120157062074043,127.14547097449943,115.48006472842336,-11.665406246076074,0.9082514999813426
2025-12-01,67.74847870182556,53.86178861788618,57.72357723577236,60.97560975609756,492,134,360,0,-226,5275,0.37222222222222223,34.4305505888211,-2737.753760156418,0.561982108184827,16,1,15,14.3,-10.870446764251628,126.41534341798305,114.72468885030864,-11.690654567674414,0.9075218699598819
2025-12-02,64.70588235294117,52.235772357723576,55.89430894308943,59.34959349593496,492,212,281,1,-69,5206,0.7544483985765125,21.61056356100478,-2716.1431965954134,0.5379890492377055,15,1,14,16.8,-11.049606539746815,126.74748306880522,114.64040376876041,-12.107079300044816,0.9044787398778368
2025-12-03,68.35699797160244,54.8780487804878,56.91056910569106,62.19512195121951,492,330,163,1,167,5373,2.0245398773006134,34.428061510530156,-2681.715135084883,0.5618767124225889,35,1,34,20.2,-10.07252449475019,127.30912060480244,115.53811618390452,-11.771004420897924,0.9075399754159178
2025-12-04,65.51724137931035,56.50406504065041,57.72357723577236,61.58536585365854,492,255,237,2,18,5391,1.0759493670886076,30.13391028990268,-2651.5812247949802,0.5539523434233597,32,7,25,24.0,-9.86842012934066,127.44521709615456,115.69332948967946,-11.751887606475108,0.9077887120894574
2025-12-05,62.47464503042596,55.89430894308943,57.72357723577236,63.41463414634146,492,263,231,0,32,5423,1.1385281385281385,27.72874549339967,-2623.8524793015804,0.5500316744314054,33,8,25,28.5,-9.820605517405445,127.80819841921267,115.93271461119352,-11.875483808019155,0.90708355211246
2025-12-08,56.99797160243408,50.609756097560975,56.09756097560975,60.56910569105691,492,158,335,1,-177,5246,0.4716417910447761,4.379839711076443,-2619.472639590504,0.508296245519481,23,8,15,27.6,-10.37464660354136,127.1914394471832,115.26518931251144,-11.926250134671761,0.9062338614414047
2025-12-09,52.53549695740365,48.78048780487805,55.6910569105691,59.34959349593496,492,213,280,1,-67,5179,0.7607142857142857,-4.471770692498904,-2623.944410283003,0.49443305206895394,28,7,21,27.6,-10.561447004835722,127.23145431456996,115.04177805985745,-12.18967625471251,0.9041929032377916
2025-12-10,60.851926977687626,55.89430894308943,58.94308943089431,60.77235772357724,492,384,109,1,275,5454,3.522935779816514,22.597845881291285,-2601.3465644017115,0.5461551635681262,66,5,61,29.1,-9.70647294217798,128.11873456082287,116.55611570032163,-11.562618860501246,0.9097507565920265
2025-12-11,70.64777327935222,61.38211382113821,61.38211382113821,64.22764227642277,492,367,124,3,243,5697,2.9596774193548385,42.39051242571432,-2558.956051975997,0.5827549838562395,72,2,70,31.9,-9.33858315775714,128.1104870888146,117.59727087033231,-10.513216218482299,0.9179363340395869
2025-12-12,67.00404858299595,59.959349593495936,60.36585365853659,64.02439024390245,492,210,283,1,-73,5624,0.7420494699646644,27.117484091051253,-2531.838567884946,0.5542474393085256,18,4,14,29.4,-9.96497320574804,126.73362576931216,116.80412997245246,-9.929495796859698,0.9216506610886842
2025-12-15,67.61133603238866,61.78861788617886,61.17886178861789,64.02439024390245,492,287,204,3,83,5707,1.4068627450980393,29.712931128669595,-2502.1256367562764,0.5597517930576512,33,5,28,30.7,-9.355334793703939,126.53622535515646,116.92785207090337,-9.60837328425309,0.9240662248515418
2025-12-16,60.72874493927125,57.926829268292686,57.72357723577236,62.39837398373984,492,135,358,1,-223,5484,0.3770949720670391,0.8118137711615887,-2501.3138229851147,0.5077666800289136,8,4,4,29.7,-10.490628472761399,126.28727487104877,116.14477029616222,-10.142504574886544,0.9196870422198674
2025-12-17,57.89473684210526,59.75609756097561,57.113821138211385,62.80487804878049,492,250,242,2,8,5492,1.0330578512396693,-0.5221338367441319,-2501.835956821859,0.5078327529874407,13,0,13,27.6,-10.875992259275435,124.57387408552027,115.81389075055772,-8.759983334962556,0.9296804133349116
2025-12-18,58.502024291497975,58.13008130081301,57.113821138211385,63.41463414634146,492,264,227,3,37,5529,1.1629955947136563,1.2751742997449682,-2500.560782522114,0.5132591993059619,18,1,17,26.8,-10.379356587630484,125.71842604056009,116.09822990327704,-9.620196137283045,0.9234782327438675
2025-12-19,56.68016194331984,58.13008130081301,57.31707317073171,61.99186991869919,492,282,211,1,71,5600,1.3364928909952607,6.246792431503131,-2494.313990090611,0.5239408200849258,30,4,26,26.9,-10.389701952253294,126.91686935840912,116.59882596364355,-10.318043394765567,0.9187023486560503
2025-12-22,63.76518218623482,62.39837398373984,59.959349593495936,63.61788617886179,492,390,104,0,286,5886,3.75,32.22742557523772,-2462.086564515373,0.5722195226532167,60,2,58,31.2,-9.748663303283077,127.76277151039696,117.51664423258043,-10.246127277816527,0.9198034986507574
2025-12-23,61.53846153846154,62.60162601626016,59.552845528455286,62.60162601626016,492,215,279,0,-64,5822,0.7706093189964157,18.85462857067968,-2443.2319359446933,0.5473110043644095,28,4,24,31.5,-9.742560836891446,128.3766253954592,117.26038898613655,-11.116236409322653,0.9134091866406402
2025-12-24,66.39676113360323,63.21138211382114,60.97560975609756,63.82113821138211,492,382,110,2,272,6094,3.4727272727272727,41.33471115492107,-2401.8972247897723,0.5889676879759063,44,1,43,29.7,-9.32431834136247,128.76414947738758,117.70437279310666,-11.05977668428092,0.9141082612732736
2025-12-26,66.59919028340082,63.61788617886179,60.97560975609756,63.82113821138211,492,262,224,8,38,6132,1.1696428571428572,36.66429768235709,-2365.232927107415,0.579899862926789,31,1,30,25.7,-9.357537008881799,128.70553246583,117.736722482915,-10.968809982915005,0.9147759247581132
2025-12-29,68.01619433198381,65.44715447154472,61.58536585365854,64.4308943089431,492,201,286,7,-85,6047,0.7027972027972028,20.03837996235248,-2345.1945471450626,0.5495055253328571,6,2,4,24.7,-9.084966079332945,128.23509530084863,117.49472993160552,-10.740365369243108,0.9162447273576282
2025-12-30,64.17004048582996,63.00813008130081,60.97560975609756,64.4308943089431,492,181,310,3,-129,5918,0.5838709677419355,1.2695871163902126,-2343.9249600286726,0.5166200548872237,3,0,3,22.2,-9.075329123893393,128.0562609022661,117.28135044907859,-10.774910453187516,0.9158579957179053
2025-12-31,42.51012145748988,57.31707317073171,57.520325203252035,60.97560975609756,492,17,475,2,-458,5460,0.035789473684210524,-48.083673844189875,-2392.0086338728624,0.4289714713674476,0,1,-1,21.7,-10.055162481441094,127.14189302981688,116.25552476464549,-10.886368265171399,0.9143762295357805
2026-01-02,57.48987854251012,60.56910569105691,59.146341463414636,61.78861788617886,492,325,168,1,157,5617,1.9345238095238095,-27.79333003351187,-2419.801963906374,0.47083651455972064,16,6,10,21.4,-9.57438285308897,127.44694032834573,117.17684702477217,-10.27009330357356,0.9194167135192545
2026-01-05,62.14574898785425,63.41463414634146,60.77235772357724,63.21138211382114,492,335,157,2,178,5795,2.1337579617834397,-8.180613352340117,-2427.982577258714,0.5090288408112422,64,4,60,25.7,-9.24102725465934,128.2855765378637,118.22827945600926,-10.057297081854443,0.9216022770970982
2026-01-06,72.2672064777328,68.08943089430895,63.21138211382114,65.65040650406505,492,374,120,0,254,6049,3.1166666666666667,16.321470169131118,-2411.661107089583,0.5541299643442736,79,3,76,30.7,-8.583193012564116,128.96071538744113,119.732717068956,-9.22799831848512,0.9284433380292508
2026-01-07,57.48987854251012,63.28600405679513,58.53658536585366,63.00813008130081,492,111,383,0,-272,5777,0.2898172323759791,-16.04972216761775,-2427.7108292572007,0.49423294469536994,13,13,0,24.9,-9.68165656493376,128.7285124258108,118.37270927955747,-10.355803146253336,0.919553151426172
2026-01-08,69.02834008097166,70.99391480730223,63.21138211382114,66.46341463414635,492,348,146,0,202,5979,2.3835616438356166,4.328865497324337,-2423.3819637598763,0.5324548531681292,42,3,39,26.4,-8.786384385483625,128.81892307437803,119.3520381167363,-9.466884957641739,0.9265101373951425
2026-01-09,70.24291497975709,72.41379310344827,65.04065040650407,68.69918699186992,492,283,209,2,74,6053,1.354066985645933,8.775448036318672,-2414.6065157235575,0.5402272893252912,50,4,46,26.7,-8.665106678432455,129.74351098777984,120.08486086677956,-9.658650121000278,0.92555581356273
2026-01-12,67.61133603238866,71.60243407707911,63.41463414634146,68.08943089430895,492,247,246,1,1,6054,1.0040650406504066,5.144734899365901,-2409.4617808241915,0.533097636499413,39,2,37,27.4,-8.531325787316945,130.0716537222496,120.18012768483837,-9.89152603741124,0.9239532538078339
2026-01-13,65.78947368421052,68.76267748478702,65.65040650406505,67.6829268292683,492,262,232,0,30,6084,1.1293103448275863,4.949974164839219,-2404.5118066593523,0.5326006794030899,48,9,39,30.9,-8.278034136812618,129.95741234442647,120.23303533024847,-9.724377014178003,0.9251725866285683
2026-01-14,68.42105263157895,72.81947261663286,67.27642276422765,70.1219512195122,492,311,182,1,129,6213,1.7087912087912087,14.778946780974465,-2389.732859878378,0.5504608546028968,44,7,37,34.3,-8.142488222131227,129.27421320050024,120.63849280136665,-8.63572039913359,0.9331984300245567
2026-01-15,70.64777327935222,73.83367139959432,69.3089430894309,71.7479674796748,492,312,181,1,131,6344,1.723756906077348,23.31125278366281,-2366.421607094715,0.5654425247783613,57,6,51,39.5,-7.657226988875154,129.48702147828112,121.24974944693304,-8.237272031348084,0.9363853462894757
2026-01-16,67.20647773279352,73.02231237322515,67.88617886178862,70.32520325203252,492,226,268,0,-42,6302,0.8432835820895522,12.979696694553141,-2353.4419104001618,0.5458147709172974,38,10,28,41.3,-7.5721420701190585,129.3220317150754,120.89695130509641,-8.425080409979003,0.9348519328203775
2026-01-20,54.25101214574899,64.70588235294117,62.80487804878049,66.46341463414635,492,98,394,2,-296,6006,0.24873096446700507,-21.627184269399876,-2375.0690946695618,0.48279153836322847,13,20,-7,34.6,-9.404576298353573,126.60637997307747,119.07517442733652,-7.531205545740946,0.9405148022766117
2026-01-21,62.955465587044536,70.38539553752535,67.27642276422765,70.32520325203252,492,404,90,0,314,6320,4.488888888888889,10.632959116026392,-2364.436135553535,0.5437046705121298,62,9,53,32.3,-7.86782990499626,128.1654502174049,121.00003749476906,-7.1654127226358355,0.9440924780392745
2026-01-22,62.955465587044536,69.97971602434077,67.6829268292683,70.1219512195122,492,279,212,3,67,6387,1.3160377358490567,13.16221691498572,-2351.2739186385497,0.548163476947436,46,4,42,36.5,-7.592420135219669,128.94301913624167,121.23722822156569,-7.705790914675987,0.9402387894568064
2026-01-23,58.502024291497975,67.95131845841784,65.65040650406505,69.91869918699187,492,180,313,1,-133,6254,0.5750798722044729,-4.983993731236062,-2356.2579123697856,0.5148813105690159,20,4,16,34.2,-8.258617911598186,128.92442366701766,120.71017131677502,-8.214252350242646,0.9362862976881853
2026-01-26,60.931174089068826,70.79107505070994,66.26016260162602,70.32520325203252,492,313,181,0,132,6386,1.729281767955801,6.347778483078635,-2349.9101338867067,0.5364671157139942,20,3,17,31.3,-7.848834036733187,129.62146961223948,121.02203389961834,-8.599435712621144,0.9336573197453615
2026-01-27,58.502024291497975,67.61133603238866,66.26016260162602,68.69918699186992,492,234,260,0,-26,6360,0.9,0.012801999894200833,-2349.8973318868125,0.5250520420435072,49,12,37,31.3,-7.967634186366512,130.156605357243,120.91121759722074,-9.245387760022254,0.9289672027428321
2026-01-28,53.036437246963565,63.1578947368421,63.82113821138211,68.08943089430895,492,191,303,0,-112,6248,0.6303630363036303,-14.108120344523503,-2364.0054522313358,0.49988615732893504,35,15,20,29.4,-8.832092131283819,130.1677777336694,120.53335609260895,-9.634421641060442,0.9259845884380618
2026-01-29,55.465587044534416,64.97975708502024,64.83739837398375,68.29268292682927,492,281,209,4,72,6320,1.3444976076555024,-7.487486565901506,-2371.4929387972375,0.513264926497329,49,15,34,29.1,-7.937699440863078,130.08791950395832,120.62499476459894,-9.46292473935938,0.927257467292561
2026-01-30,54.8582995951417,67.61133603238866,65.85365853658537,68.29268292682927,492,240,253,1,-13,6307,0.9486166007905138,-10.392646118746946,-2381.8855849159845,0.5084559245562693,20,10,10,25.0,-8.449789299649591,129.56359799075895,120.29846033321033,-9.265137657548621,0.9284896544922329
2026-02-02,56.88259109311741,67.61133603238866,65.85365853658537,67.07317073170732,492,292,202,0,90,6397,1.4455445544554455,-2.3994930912611707,-2384.285078007246,0.5234808687112943,55,15,40,26.2,-7.963624567245708,130.3874232637948,120.91123531764435,-9.476187946150446,0.9273228375180128
2026-02-03,56.68016194331984,63.76518218623482,64.22764227642277,66.26016260162602,492,271,222,1,49,6446,1.2207207207207207,0.2968526418452768,-2383.9882253654005,0.5282472090119883,82,25,57,32.6,-8.486074148525358,129.25113457627938,120.4381627060656,-8.812971870213786,0.9318151295220338
2026-02-04,62.955465587044536,68.62348178137651,67.47967479674797,69.71544715447155,492,356,138,0,218,6664,2.579710144927536,19.7060071383368,-2364.282218227064,0.5632291297878727,95,7,88,36.1,-8.271651380644062,128.3742978470927,121.51884144707728,-6.855456400015413,0.9465979053830466
2026-02-05,58.502024291497975,65.78947368421052,66.46341463414635,68.08943089430895,492,179,314,1,-135,6529,0.5700636942675159,0.4735592578741148,-2363.8086589691898,0.5268389542446599,54,18,36,35.5,-9.110793486917013,126.78414308715764,120.32735118899298,-6.456791898164667,0.9490725595414092
2026-02-06,68.01619433198381,69.43319838056681,69.91869918699187,69.10569105691057,492,396,98,0,298,6827,4.040816326530612,27.85335945496324,-2335.9552995142267,0.5767990413271545,107,10,97,43.6,-7.1340037889951695,128.898857504389,122.73289917455008,-6.165958329838929,0.9521643678678147
2026-02-09,65.38461538461539,68.62348178137651,67.27642276422765,69.51219512195122,492,261,231,2,30,6857,1.12987012987013,23.99831575332513,-2311.9569837609015,0.5683788165182262,66,14,52,47.1,-7.249607677139192,129.58831983628562,122.91817096344693,-6.670148872838695,0.9485281630222124
2026-02-10,67.81376518218623,69.02834008097166,69.3089430894309,69.51219512195122,492,292,200,2,92,6949,1.46,26.857565453382634,-2285.099418307519,0.5729455653257032,64,12,52,48.6,-7.270182406637982,129.03615356652955,123.3645223786429,-5.671631187886646,0.9560461852657254
2026-02-11,67.4089068825911,67.20647773279352,68.29268292682927,69.71544715447155,492,282,212,0,70,7019,1.330188679245283,26.941215471891596,-2258.1582028356274,0.5725645902536025,93,26,67,53.3,-7.313638647039122,128.86299610008695,123.46008353841927,-5.4029125616676765,0.9580724278871239
2026-02-12,58.70445344129555,62.14574898785425,66.0569105691057,66.869918699187,492,157,337,0,-180,6839,0.4658753709198813,1.574386435660955,-2256.5838163999665,0.5262462584224359,45,24,21,52.0,-8.881251444268468,126.91508182049556,121.62065491588328,-5.29442690461228,0.9582837056977945
2026-02-13,61.94331983805668,63.76518218623482,65.85365853658537,67.47967479674797,492,362,132,0,230,7069,2.742424242424242,21.37585138600747,-2235.207965013959,0.5638003063942123,66,6,60,57.0,-7.88443661803514,126.93544055396613,122.97355558252137,-3.9618849714447606,0.9687881890656032
2026-02-17,61.336032388663966,65.18218623481782,65.65040650406505,66.26016260162602,492,241,252,1,-11,7058,0.9563492063492064,13.806512111016417,-2221.4014529029428,0.5501718531202507,40,11,29,55.9,-8.073561984084332,126.90525459656352,122.7468381987657,-4.158416397797822,0.9672321180788173
2026-02-18,66.39676113360323,66.80161943319838,66.66666666666667,68.4959349593496,492,307,186,1,121,7179,1.6505376344086022,20.626018356983664,-2200.775434545959,0.5633620712326299,29,4,25,52.7,-7.130879834307824,127.6029764666611,123.53412051950852,-4.068855947152585,0.9681131580170024
2026-02-19,61.336032388663966,64.17004048582996,66.66666666666667,67.27642276422765,492,204,287,3,-83,7096,0.710801393728223,5.705792826148496,-2195.0696417198105,0.536474170112385,39,11,28,46.7,-7.3914420859005405,127.27398482481506,123.19470331394164,-4.079281510873415,0.9679488191047975
2026-02-20,63.1578947368421,66.19433198380567,67.88617886178862,68.08943089430895,492,333,161,0,172,7268,2.0683229813664594,18.73018763234397,-2176.3394540874665,0.5614950607875715,62,7,55,48.6,-7.110576487730347,128.39593388307804,123.80388849590878,-4.592045387169264,0.9642352740597615
2026-02-23,56.477732793522264,62.14574898785425,65.2439024390244,66.46341463414635,492,171,321,2,-150,7118,0.5327102803738317,-2.818698863929498,-2179.158152951396,0.5225979543916051,50,24,26,41.5,-8.316647086893658,127.00953715929549,122.17083515398637,-4.838702005309116,0.9619028451442949
2026-02-24,58.29959514170041,62.75303643724696,66.0569105691057,66.869918699187,492,351,141,2,210,7328,2.4893617021276597,15.208343639639068,-2163.949809311757,0.5572918961651935,70,12,58,42.1,-8.04179693067148,127.9482119937288,123.2486626924135,-4.699549301315301,0.963269910316952
2026-02-25,58.097165991902834,63.1578947368421,66.26016260162602,66.0569105691057,492,257,236,1,21,7349,1.0889830508474576,11.415868606121535,-2152.5339407056354,0.5507475831246474,39,5,34,40.3,-7.632189067042816,129.01330909282723,123.4961806779514,-5.5171284148758275,0.9572359746938499
2026-02-26,64.17004048582996,66.19433198380567,66.66666666666667,67.88617886178862,492,341,150,3,191,7540,2.2733333333333334,25.32270084222698,-2127.2112398634085,0.5768845713437913,37,1,36,37.2,-7.160500151875898,128.2005641447646,124.41915768967418,-3.781406455090419,0.9705039796016776
2026-02-27,61.336032388663966,63.36032388663968,66.26016260162602,68.08943089430895,492,275,219,0,56,7596,1.2557077625570776,23.422461288549954,-2103.7887785748585,0.5732110423618874,70,6,64,41.5,-8.253863434414022,127.83569473034447,124.48211463324729,-3.353580097097179,0.9737664812306829
2026-03-02,58.70445344129555,61.74089068825911,64.22764227642277,68.08943089430895,492,239,253,2,-14,7582,0.9446640316205533,14.595623920798374,-2089.19315465406,0.5573130997003765,61,0,61,41.6,-8.880902820843428,127.862755910109,124.34612210328962,-3.516633806819385,0.9724968089277563
2026-03-03,47.16599190283401,57.08502024291498,63.41463414634146,64.22764227642277,492,130,363,1,-233,7349,0.3581267217630854,-15.190292051067217,-2104.3834467051274,0.5039273876766679,18,1,17,40.4,-10.545539902139428,126.63215670076364,123.00899445653393,-3.623162244229718,0.9713882923688066
2026-03-04,49.19028340080972,59.10931174089069,63.00813008130081,63.82113821138211,492,279,214,1,65,7414,1.3037383177570094,-10.419355426918912,-2114.8028021320465,0.5151993028068182,27,2,25,40.4,-10.436271082011416,127.57358362675396,123.56478054031521,-4.008803086438746,0.9685765424747538
2026-03-05,41.29554655870445,52.42914979757085,60.36585365853659,60.97560975609756,492,130,363,1,-233,7181,0.3581267217630854,-36.450051155975565,-2151.252853288022,0.46947064476375666,10,1,9,38.5,-11.732168357153656,126.76159849351224,122.42361443655965,-4.3379840569525925,0.9657784052228198
2026-03-06,35.020242914979754,45.1417004048583,57.72357723577236,58.13008130081301,492,146,347,1,-201,6980,0.4207492795389049,-55.285179351778005,-2206.5380326398,0.43795708110211845,11,7,4,33.4,-13.196170161052517,125.10466042564121,120.83358727726787,-4.271073148373347,0.9658599996687417
2026-03-09,34.61538461538461,45.1417004048583,57.31707317073171,58.333333333333336,492,253,241,0,12,6992,1.049792531120332,-49.554083608988904,-2256.092116248789,0.4514459298086158,8,5,3,31.1,-12.534591584167936,126.32028383741373,121.21995529001082,-5.10032854740291,0.9596238355989801
2026-03-10,29.554655870445345,42.30769230769231,54.47154471544715,55.48780487804878,492,150,344,0,-194,6798,0.436046511627907,-65.25642876000907,-2321.348545008798,0.4245728016063868,3,11,-8,24.5,-13.034865762470682,126.11718174275815,120.19536365119241,-5.92181809156574,0.953045112412641
2026-03-11,27.530364372469634,39.878542510121456,52.84552845528455,54.26829268292683,492,168,323,3,-155,6643,0.5201238390092879,-74.40828329927864,-2395.7568283080764,0.40958844849076526,13,16,-3,20.8,-13.512041585467099,126.07754304843924,119.71134326550026,-6.366199782938978,0.9495056801630956
2026-03-12,21.05263157894737,32.79352226720648,49.1869918699187,51.21951219512195,492,108,385,1,-277,6366,0.2805194805194805,-94.20925565150957,-2489.966083959586,0.3749481736960216,18,24,-6,16.6,-15.722874332625276,124.12002818291964,117.73006792167706,-6.389960261242578,0.9485178955017196
2026-03-13,22.672064777327936,32.99595141700405,47.764227642276424,50.8130081300813,492,261,230,3,31,6397,1.1347826086956523,-79.49395166558354,-2569.4600356251694,0.4034245472250916,13,9,4,10.6,-15.981913803002218,123.4053678399496,117.71456730009488,-5.69080053985472,0.9538853079127368
2026-03-16,26.11336032388664,34.61538461538461,50.0,52.235772357723576,492,378,115,1,263,6660,3.2869565217391306,-43.033115622770644,-2612.49315124794,0.46948086226032293,24,6,18,6.3,-15.465768356942277,124.6689417986032,118.612399517076,-6.0565422815272,0.9514189966310033
2026-03-17,28.34008097165992,35.82995951417004,50.609756097560975,52.03252032520325,492,311,179,4,132,6792,1.7374301675977655,-24.90304453979266,-2637.3961957877327,0.499519592313177,18,2,16,6.2,-14.871070910378908,125.10759841145531,119.26939634507991,-5.838202066375402,0.9533345524931695
2026-03-18,18.82591093117409,30.161943319838056,46.34146341463415,49.59349593495935,492,78,416,0,-338,6454,0.1875,-56.84816874357667,-2694.244364531309,0.4374059822275275,14,16,-2,3.5,-16.261436359795933,123.42988680903065,117.65358337284104,-5.7763034361896075,0.9532017440384869
2026-03-19,19.635627530364374,28.74493927125506,46.34146341463415,49.1869918699187,492,211,283,0,-72,6382,0.7455830388692579,-56.95393217101719,-2751.1982967023264,0.4355368047448633,15,20,-5,2.1,-16.301335339352818,123.11470949608844,117.60613626831255,-5.508573227775884,0.955256579410189
2026-03-20,12.550607287449393,20.850202429149796,42.073170731707314,46.13821138211382,492,110,384,0,-274,6108,0.2864583333333333,-77.20493437017842,-2828.4032310725047,0.3968341247507659,6,26,-20,-0.3,-17.044160107913893,121.13993480095053,115.90241948501503,-5.237515315935497,0.9567647504141269
2026-03-23,16.80161943319838,24.898785425101213,45.52845528455285,49.1869918699187,492,378,115,1,263,6371,3.2869565217391306,-39.7812898579626,-2868.1845209304674,0.46408869841769285,9,9,0,-0.6,-15.90620108994098,122.52590424461044,117.21588003742092,-5.310024207189528,0.9566620280019431
2026-03-24,20.040485829959515,25.506072874493928,45.73170731707317,49.390243902439025,492,280,214,0,66,6437,1.308411214953271,-27.52443860578898,-2895.7089595362563,0.48276377496596656,24,22,2,0.4,-15.780555132379359,121.79846675934697,117.30588514930811,-4.4925816100388545,0.9631146291938516
2026-03-25,24.089068825910932,27.732793522267208,46.951219512195124,49.390243902439025,492,318,175,1,143,6580,1.8171428571428572,-9.113686324945117,-2904.8226458612016,0.5122668024200615,20,20,0,0.7,-15.222275990067446,122.46086386032627,117.85618757781484,-4.604676282511434,0.9623987930726723
2026-03-26,19.02834008097166,22.874493927125506,44.10569105691057,48.170731707317074,492,183,310,1,-127,6453,0.5903225806451613,-20.65485991587095,-2925.4775057770726,0.4866177028098493,17,13,4,1.7,-16.165457883999522,120.16774674971035,116.76032666289314,-3.4074200868172113,0.9716444705090934
2026-03-27,13.360323886639677,19.635627530364374,40.65040650406504,44.3089430894309,492,108,384,2,-276,6177,0.28125,-45.5002606964522,-2970.9777664735248,0.43805306504841324,20,39,-19,-0.6,-17.886510430112462,118.09099628257536,115.15837885358462,-2.9326174289907385,0.9751664604304515
2026-03-30,17.813765182186234,20.242914979757085,41.05691056910569,45.1219512195122,492,268,224,2,44,6221,1.1964285714285714,-34.126913092755586,-3005.1046795662805,0.45744622543133284,10,13,-3,-2.7,-18.246128503147258,117.63618644854553,114.91857229487448,-2.7176141536710503,0.976898144731513
2026-03-31,36.43724696356275,24.493927125506072,46.54471544715447,48.983739837398375,492,413,80,1,333,6554,5.1625,5.018945819617791,-3000.0857337466628,0.5265884016667571,9,2,7,-3.6,-15.687154975692435,121.25128826646788,117.39168035020415,-3.8596079162637267,0.9681685203394981
2026-04-01,45.54655870445344,27.530364372469634,46.13821138211382,49.390243902439025,492,295,197,2,98,6652,1.49746192893401,14.67813535938436,-2985.4075983872785,0.5398620551700666,8,9,-1,-3.5,-15.024001393168929,122.29827168679235,117.75225603313812,-4.546015653654223,0.9628284554560458
2026-04-02,53.036437246963565,30.5668016194332,46.951219512195124,49.59349593495935,492,295,197,2,98,6750,1.49746192893401,22.86335173908786,-2962.544246648191,0.5507223171273198,14,6,8,-2.2,-14.673625611250346,122.36637125379389,118.07856345850713,-4.287807795286753,0.9649592633061446
2026-04-06,59.10931174089069,34.008097165991906,48.577235772357724,49.390243902439025,492,319,172,3,147,6897,1.8546511627906976,34.7069091550794,-2927.8373374931116,0.5687172596529579,7,3,4,0.2,-14.57184168447077,122.97503249207692,118.60964522515177,-4.365387266925154,0.964501840914688
2026-04-07,53.64372469635627,30.364372469635626,47.15447154471545,50.0,492,202,291,1,-89,6808,0.6941580756013745,20.772976523863413,-2907.0643609692484,0.5398116321372256,7,12,-5,-0.3,-14.733700956505341,123.16310542969745,118.25071638133626,-4.912389048361192,0.9601147678826171
2026-04-08,75.30364372469636,49.19028340080972,54.26829268292683,56.09756097560975,492,415,79,0,336,7144,5.253164556962025,51.77179357353823,-2855.29256739571,0.594406057504988,35,7,28,2.3,-11.80617439930321,126.37828941759385,121.10162144424609,-5.276667973347756,0.9582470375436719
2026-04-09,73.48178137651821,50.202429149797574,55.48780487804878,57.31707317073171,492,288,205,1,83,7227,1.4048780487804877,52.409635733749795,-2802.8829316619604,0.5925465014105904,48,14,34,5.7,-11.939092020253883,127.13178717376152,121.08418600591024,-6.047601167851283,0.9524304558105084
2026-04-10,65.9919028340081,44.33198380566802,53.2520325203252,54.0650406504065,492,133,360,1,-227,7000,0.36944444444444446,21.31642438343844,-2781.566507278522,0.5338611150209828,27,30,-3,5.0,-12.72016179697748,126.96053086888526,120.10912251174825,-6.851408357137004,0.9460351314676481
2026-04-13,71.4574898785425,50.40485829959514,55.28455284552845,57.113821138211385,492,355,138,1,217,7217,2.572463768115942,39.564417812065784,-2742.0020894664563,0.567719300635829,33,5,28,9.7,-12.098861978453451,128.32326934726504,121.59819912318915,-6.725070224075893,0.9475927455847725
2026-04-14,73.48178137651821,53.441295546558706,56.91056910569106,57.926829268292686,492,282,208,4,74,7291,1.3557692307692308,40.49494589395552,-2701.507143572501,0.5691358285350661,29,2,27,12.7,-11.446209805779596,130.10300827673248,122.09476873265837,-8.008239544074115,0.9384469302428398
2026-04-15,72.67206477732793,51.821862348178136,55.6910569105691,56.50406504065041,492,220,272,2,-52,7239,0.8088235294117647,28.335036237254492,-2673.1721073352464,0.546957399991366,12,2,10,13.0,-12.19218243875389,131.2767282887988,122.18635447394821,-9.090373814850594,0.9307541105469016
2026-04-16,74.89878542510121,53.23886639676113,55.89430894308943,56.707317073170735,492,295,198,1,97,7336,1.4898989898989898,32.87760995950787,-2640.2944973757385,0.5563064694378924,20,1,19,15.0,-12.341029518350238,131.57786668525034,122.78193333490819,-8.795933350342153,0.933150357488444
2026-04-17,79.95951417004049,60.72874493927125,61.17886178861789,61.78861788617886,492,389,103,2,286,7622,3.7766990291262137,55.726677098107444,-2584.567820277631,0.5989144579953783,51,0,51,19.3,-11.362132720069273,133.2495944295992,124.29669138440104,-8.952903045198155,0.9328110296806321
2026-04-20,77.93522267206478,61.94331983805668,61.78861788617886,60.77235772357724,492,271,221,2,50,7672,1.2262443438914028,51.097356440006166,-2533.470463837625,0.5901687398380515,48,1,47,23.6,-10.858002576939796,132.85199490908903,124.63511017866973,-8.216884730419295,0.9381500839634201
2026-04-21,69.43319838056681,57.48987854251012,58.94308943089431,58.13008130081301,492,163,331,0,-168,7504,0.49244712990936557,24.819023167194317,-2508.651440670431,0.5428579715347768,28,4,24,26.5,-11.76314243998598,131.9578064518241,123.8758984181972,-8.081908033626902,0.9387538467716384
2026-04-22,65.58704453441295,54.65587044534413,57.113821138211385,58.333333333333336,492,216,277,1,-61,7443,0.779783393501805,13.056912617274264,-2495.594528053157,0.523817226571972,34,3,31,26.8,-11.835760521330362,133.43926972218622,123.8443011148087,-9.594968607377524,0.9280948657216593
2026-04-23,66.19433198380567,55.26315789473684,57.520325203252035,58.53658536585366,492,268,225,1,43,7486,1.191111111111111,13.461339323479919,-2482.133188729677,0.5274160122256758,37,7,30,26.4,-11.995670340452047,132.84593690966764,123.73890592457313,-9.10703098509451,0.9314466727628479
2026-04-24,59.91902834008097,52.63157894736842,56.50406504065041,57.113821138211385,492,175,317,2,-142,7344,0.5520504731861199,-4.984878895606947,-2487.118067625284,0.49619329307747456,28,9,19,28.6,-12.624713765931816,133.92530538231162,123.49671369818107,-10.428591684130552,0.9221312831480172
2026-04-27,56.88259109311741,51.417004048582996,55.48780487804878,57.113821138211385,492,221,271,2,-50,7294,0.8154981549815498,-11.419730187759928,-2498.5377978130437,0.4876466928579189,18,11,7,26.5,-12.687696099460656,134.19097576586276,123.2641287080682,-10.92684705779456,0.9185724152057752
2026-04-28,56.477732793522264,52.42914979757085,57.31707317073171,57.31707317073171,492,224,269,1,-45,7249,0.8327137546468402,-16.358356517117997,-2514.8961543301616,0.48159475865952167,7,15,-8,23.0,-12.737088741317576,133.5311106248788,122.73801239745153,-10.79309822742728,0.9191716583729488
2026-04-29,48.987854251012145,49.797570850202426,56.50406504065041,56.300813008130085,492,163,330,1,-167,7082,0.49393939393939396,-32.84726838378538,-2547.743422713947,0.4541464031296879,12,24,-12,20.8,-12.721488381754465,133.51027937313992,122.4214015486172,-11.088877824522726,0.9169436400209224
2026-04-30,59.51417004048583,56.072874493927124,59.75609756097561,58.333333333333336,492,375,115,4,260,7342,3.260869565217391,-3.5624282060856878,-2551.3058509200328,0.5107208975513773,50,10,40,22.9,-11.420546511133939,135.76316788525537,124.19352660885875,-11.569641276396624,0.9147807063092762
2026-05-01,56.477732793522264,54.8582995951417,56.707317073170735,58.13008130081301,492,173,319,2,-146,7196,0.542319749216301,-19.599195122028902,-2570.9050460420617,0.4817945554984291,35,18,17,19.5,-11.713554311406638,136.20666596229572,123.83078974540824,-12.375876216887477,0.9091389828137095
2026-05-04,45.74898785425101,51.821862348178136,54.0650406504065,55.28455284552845,492,151,340,3,-189,7007,0.4441176470588235,-37.564861580197984,-2608.4699076222596,0.45011111659832587,24,27,-3,14.5,-12.838292198897133,135.66278896703557,123.04796346289373,-12.614825504141834,0.9070133704297714
2026-05-05,48.38056680161943,53.441295546558706,55.48780487804878,55.89430894308943,492,316,178,0,138,7145,1.7752808988764044,-19.640516102128718,-2628.1104237243885,0.4845774796459619,43,16,27,14.8,-12.471975046995276,136.80213135307574,123.89428531344389,-12.907846039631849,0.9056458703386887
2026-05-06,52.42914979757085,55.66801619433198,58.94308943089431,57.926829268292686,492,313,180,1,133,7278,1.738888888888889,-4.723071012362787,-2632.833494736751,0.5119067448255823,54,21,33,15.0,-11.951756755879783,138.89374385619826,124.83866951603827,-14.05507434015999,0.8988070020294671
2026-05-07,44.93927125506073,53.23886639676113,56.09756097560975,57.113821138211385,492,173,321,0,-148,7130,0.5389408099688473,-20.386335652109803,-2653.219830388861,0.4825059601572578,12,8,4,12.4,-12.38836694105831,138.42173923922803,124.19673402308827,-14.225005216139763,0.8972343123679776
2026-05-08,42.51012145748988,51.821862348178136,54.26829268292683,55.6910569105691,492,205,289,0,-84,7046,0.7093425605536332,-27.19876244731069,-2680.4185928361717,0.47022846868957824,26,27,-1,10.4,-12.506545692128752,139.58578579184427,124.25888833770595,-15.326897454138319,0.8901972907399441
2026-05-11,42.10526315789474,49.797570850202426,53.2520325203252,55.08130081300813,492,210,284,0,-74,6972,0.7394366197183099,-31.875247795983032,-2712.2938406321546,0.4620235133960001,36,45,-9,8.8,-12.611846758214607,139.48477213791764,123.94518487316691,-15.539587264750736,0.8885929479858509
2026-05-12,44.12955465587044,51.012145748987855,53.86178861788618,55.89430894308943,492,257,236,1,21,6993,1.0889830508474576,-26.09888191473336,-2738.392722546888,0.47280072449530747,16,25,-9,8.7,-11.89125881071471,139.1947302586509,123.96761075677372,-15.227119501877183,0.8906056323139372
2026-05-13,41.497975708502025,45.95141700404859,52.03252032520325,54.8780487804878,492,172,320,2,-148,6845,0.5375,-38.134857834585965,-2776.527580381474,0.4503994102116078,33,44,-11,8.8,-12.712557356514164,140.37592745132338,123.24891655084558,-17.1270109004778,0.8779918237304843
2026-05-14,41.29554655870445,47.16599190283401,52.642276422764226,55.48780487804878,492,297,196,1,101,6946,1.5153061224489797,-23.032513807089437,-2799.560094188563,0.4780420769147895,29,21,8,5.6,-12.401342621475276,141.3194566315158,123.77338789694949,-17.54606873456632,0.8758410968114821
2026-05-15,35.82995951417004,44.73684210526316,48.170731707317074,52.642276422764226,492,139,353,2,-214,6732,0.3937677053824363,-41.88743818766188,-2841.447532376225,0.4424926675126918,14,36,-22,1.7,-13.648918756464651,139.60511927067859,122.56615434489959,-17.038964925779,0.8779488530593039
2026-05-18,44.33198380566802,51.61943319838057,51.829268292682926,56.50406504065041,492,353,139,2,214,6946,2.539568345323741,-14.479123285432838,-2855.9266556616576,0.492490305200702,26,7,19,3.9,-12.975194673049446,139.49591500277037,123.56813062629459,-15.927784376475785,0.8858189906409842
2026-05-19,39.473684210526315,47.57085020242915,51.829268292682926,54.47154471544715,492,181,312,1,-131,6815,0.5801282051282052,-25.891646767680815,-2881.8183024293385,0.469699333242765,16,18,-2,1.0,-13.54023509628649,138.4130364515366,122.88162433472883,-15.531412116807786,0.8877893837532718
2026-05-20,47.77327935222672,53.441295546558706,54.0650406504065,56.91056910569106,492,342,150,2,192,7007,2.28,-2.8275884188567346,-2884.645890848195,0.5106852637839917,13,1,12,-1.1,-12.935128106976801,139.80436659235144,124.25912136440303,-15.545245227948413,0.8888071552637836
2026-05-21,52.02429149797571,55.06072874493927,56.300813008130085,57.72357723577236,492,283,207,4,76,7083,1.3671497584541064,5.165428723223028,-2879.480462124972,0.5228426740792956,16,3,13,-0.2,-12.314392705757676,139.97030591662,124.70910132460023,-15.261204592019766,0.8909682700764344
2026-05-22,59.91902834008097,57.89473684210526,57.31707317073171,59.552845528455286,492,348,145,1,203,7286,2.4,24.827882248230857,-2854.652579876741,0.5561226156905467,31,0,31,3.0,-11.91173390765155,140.35709939478895,125.77899335140825,-14.5781060433807,0.8961355990809116
2026-05-26,61.336032388663966,56.477732793522264,57.72357723577236,59.75609756097561,492,247,246,1,1,7287,1.0040650406504066,21.069796471316746,-2833.5827834054244,0.5461029035255311,42,4,38,7.7,-11.946340222668672,141.29624172292486,126.14489924223868,-15.151342480686182,0.8927689633076212
2026-05-27,56.072874493927124,56.072874493927124,57.926829268292686,58.94308943089431,492,230,260,4,-30,7257,0.8846153846153846,14.613632327836246,-2818.9691510775883,0.5321546947212602,23,8,15,10.1,-11.895528911745307,141.3762604368898,126.14359134492746,-15.232669091962336,0.8922544064690254
2026-05-28,55.26315789473684,56.68016194331984,57.926829268292686,59.959349593495936,492,234,259,1,-25,7232,0.9034749034749034,9.526616698015165,-2809.4425343795733,0.5216983921221153,19,10,9,12.1,-11.955569834910529,142.2014779410921,126.56111569434199,-15.640362246750101,0.8900126603942244
2026-05-29,50.607287449392715,54.65587044534413,56.50406504065041,59.146341463414636,492,195,299,0,-104,7128,0.6521739130434783,-2.8663661659759825,-2812.3089005455495,0.49861447393723307,24,13,11,12.4,-12.392263609583942,142.30491538003267,126.6806340073564,-15.624281372676265,0.8902056100384811
2026-06-01,47.57085020242915,52.42914979757085,53.86178861788618,55.28455284552845,492,207,287,0,-80,7048,0.7212543554006968,-11.018884886287685,-2823.327785431837,0.4841442677815492,36,13,23,16.9,-12.688195657680518,142.52383886337978,126.81696041498472,-15.70687844839506,0.8897947278598682
2026-06-02,52.22672064777328,52.63157894736842,54.969574036511155,55.89430894308943,492,253,240,1,13,7061,1.0541666666666667,-8.52123850213571,-2831.849023933973,0.4894243253082673,30,19,11,16.1,-12.416498518003483,142.23887919144317,127.06426102872857,-15.174618162714609,0.8933159608049872
2026-06-03,50.40485829959514,50.607287449392715,53.14401622718053,55.89430894308943,492,197,294,3,-97,6964,0.6700680272108843,-17.476747890041487,-2849.3257718240147,0.47338753814797874,25,16,9,17.2,-12.194917874138495,141.16922751612952,126.46425844299978,-14.704969073129746,0.8958344581757408
2026-06-04,62.14574898785425,55.87044534412956,57.809330628803245,58.739837398373986,492,355,139,0,216,7180,2.553956834532374,6.6338372660691185,-2842.691934557946,0.5179758915358692,24,8,16,17.6,-11.877938772057533,142.14189868538176,127.66301450344866,-14.478884181933097,0.8981378163944411
2026-06-05,61.1336032388664,54.8582995951417,59.026369168357,59.34959349593496,492,237,257,0,-20,7160,0.9221789883268483,3.3285787120999792,-2839.363355845846,0.5110270176239371,16,6,10,17.3,-12.775161822349384,138.51448161223962,126.50924889779265,-12.005232714446976,0.9133286817759989
2026-06-08,54.8582995951417,52.83400809716599,55.98377281947262,57.926829268292686,492,175,318,1,-143,7017,0.550314465408805,-11.963452957654741,-2851.3268088035006,0.4826529369716778,10,8,2,14.4,-12.72226845089267,138.79731150453188,126.15998716563257,-12.637324338899305,0.9089512311015716
2026-06-09,64.5748987854251,58.502024291497975,60.24340770791075,60.97560975609756,492,364,129,1,235,7252,2.8217054263565893,13.280786541234136,-2838.0460222622664,0.5291408964306352,29,3,26,13.2,-12.365101822184693,138.45861845196916,127.38625515042405,-11.07236330154511,0.9200312452533529
2026-06-10,56.477732793522264,51.417004048582996,58.8235294117647,59.34959349593496,492,174,319,1,-145,7107,0.5454545454545454,-3.6633310814605053,-2841.709353343727,0.4971045837106266,13,11,2,11.9,-13.741368778374968,136.19078724341833,125.87091047384872,-10.319876769569603,0.924224854129637
2026-06-11,64.17004048582996,56.477732793522264,61.4604462474645,61.17886178861789,492,314,178,2,136,7243,1.7640449438202248,10.309060553101585,-2831.4002927906254,0.5227603652384801,32,11,21,13.1,-12.188280576783427,138.41966579008582,127.59931530626699,-10.820350483818828,0.9218293844154489
2026-06-12,70.8502024291498,60.931174089068826,62.47464503042596,61.78861788617886,492,392,102,0,290,7533,3.843137254901961,37.79095463229963,-2793.609338158326,0.5719898019599342,42,6,36,15.6,-11.49482100429836,139.12760761970202,128.65704366472767,-10.470563954974352,0.9247412922991166
2026-06-15,70.24291497975709,63.76518218623482,64.0973630831643,62.19512195121951,492,255,238,1,17,7550,1.0714285714285714,33.46744034948403,-2760.141897808842,0.5620355432963725,28,3,25,15.8,-10.82960590005062,141.51959759150938,129.05705159990563,-12.462545991603747,0.911937666558547
2026-06-16,68.62348178137651,65.9919028340081,65.72008113590263,64.02439024390245,492,272,222,0,50,7600,1.2252252252252251,32.9435794075892,-2727.1983184012524,0.5599576785969216,28,4,24,17.1,-11.089065622566242,140.91266620847674,128.9297697680722,-11.982896440404545,0.9149622474485285
2026-06-17,52.22672064777328,55.06072874493927,60.24340770791075,61.38211382113821,492,72,422,0,-350,7250,0.17061611374407584,-8.154869554283003,-2735.3531879555353,0.48464700755279966,19,26,-7,15.5,-12.23986994082747,139.0145262175021,126.79140803218039,-12.22311818532171,0.9120730867636277
2026-06-18,51.417004048582996,56.477732793522264,58.012170385395535,61.17886178861789,492,261,232,1,29,7279,1.125,-4.892945182272646,-2740.246133137808,0.49278605430790556,20,22,-2,13.7,-11.872786062608466,140.50176540508204,127.17067448166956,-13.331090923412475,0.9051179827884904
2026-06-22,51.821862348178136,55.26315789473684,59.10931174089069,60.16260162601626,492,262,231,1,31,7310,1.1341991341991342,-1.877105968494858,-2742.123239106303,0.49981407393770544,46,35,11,13.8,-11.717371085074774,139.48499127967338,127.22187588686886,-12.263115392804522,0.9120829038285815
2026-06-23,54.25101214574899,59.51417004048583,59.311740890688256,61.38211382113821,492,281,212,1,69,7379,1.3254716981132075,4.556975935281471,-2737.5662631710215,0.5125714634080027,23,10,13,14.9,-12.247168955607751,137.60853767106283,126.99959655910118,-10.608941111961656,0.9229049207882647
2026-06-24,59.91902834008097,63.56275303643725,61.94331983805668,63.21138211382114,492,316,176,2,140,7519,1.7954545454545454,17.221565901147592,-2720.344697269874,0.5361541832909527,30,7,23,14.6,-11.521609548575274,137.41370434574728,127.93193480108229,-9.481769544664985,0.930998370287669
2026-06-25,60.72874493927125,63.56275303643725,60.121457489878544,62.39837398373984,492,301,193,0,108,7627,1.5595854922279793,24.724816095696248,-2695.619881174178,0.5494555573999955,53,19,34,17.8,-11.234779997988376,137.24304245313508,128.66248132700852,-8.580561126126554,0.9374790811049195
2026-06-26,63.36032388663968,64.17004048582996,62.75303643724696,64.4308943089431,492,319,174,1,145,7772,1.8333333333333333,34.761410202811945,-2660.858470971366,0.567201605787162,50,3,47,20.4,-12.002394981439979,137.05858949248554,129.43069537546023,-7.627894117025306,0.9443457418811134
2026-06-29,65.18218623481782,64.5748987854251,62.14574898785425,62.60162601626016,492,226,267,1,-41,7731,0.846441947565543,24.342980182207704,-2636.5154907891583,0.5474227410801471,52,12,40,20.8,-12.018208711250672,139.03415619106624,129.55358376693792,-9.480572424128326,0.9318111988891439
2026-06-30,62.955465587044536,62.14574898785425,61.1336032388664,61.58536585365854,492,206,288,0,-82,7649,0.7152777777777778,11.163710042829834,-2625.3517807463286,0.5237102515352104,25,12,13,19.6,-11.682658817543995,140.04589375555133,129.37512974570055,-10.670764009850785,0.9238052346720248
2026-07-01,64.37246963562752,63.96761133603239,64.77732793522267,63.41463414634146,492,295,199,0,96,7745,1.4824120603015076,17.855809855431417,-2607.4959708908973,0.5370658406929602,43,2,41,21.3,-11.907121629993721,140.03963089673232,129.95498070948173,-10.084650187250588,0.9279871696128135
2026-07-02,69.02834008097166,67.4089068825911,67.4089068825911,67.27642276422765,492,354,139,1,215,7960,2.5467625899280577,35.53281055888408,-2571.963160332013,0.5699725493554608,53,0,53,27.3,-11.873389443490195,140.00262252483364,131.10274948331437,-8.899873041519271,0.9364306690759266
2026-07-06,68.82591093117409,69.02834008097166,66.39676113360323,67.27642276422765,492,215,277,2,-62,7898,0.776173285198556,22.432544860578133,-2549.530615471435,0.5457942440033223,32,3,29,30.4,-11.943926315080006,141.25093201800857,131.13098265326394,-10.119949364744627,0.9283548135211285
2026-07-07,67.81376518218623,68.21862348178138,66.59919028340082,67.47967479674797,492,282,212,0,70,7968,1.330188679245283,24.479978850863326,-2525.0506366205714,0.5503498728080182,34,0,34,32.7,-12.130042573993654,140.71148206640657,131.1197865341881,-9.591695532218466,0.9318343081079068
2026-07-08,58.70445344129555,64.5748987854251,63.56275303643725,64.4308943089431,492,109,385,0,-276,7692,0.2831168831168831,-8.912107896676904,-2533.962744517248,0.49040403653007886,6,1,5,31.9,-12.939250912893574,140.17731121026384,129.6726801713686,-10.50463103889524,0.925061830989621
2026-07-09,59.716599190283404,64.97975708502024,62.955465587044536,64.63414634146342,492,294,200,0,94,7786,1.47,0.03161118621019199,-2533.931133331038,0.5094472481436751,15,1,14,31.0,-12.273178805315338,141.18754151513787,130.45090775624385,-10.736633758894016,0.9239548076007623
2026-07-10,63.36032388663968,68.62348178137651,65.78947368421052,67.07317073170732,492,338,154,2,184,7970,2.1948051948051948,16.787644687038295,-2517.1434886439997,0.5417280884664067,17,1,16,29.2,-11.8361194606039,141.7366387364326,130.9647870119718,-10.771851724460817,0.9240009370866223
2026-07-13,63.56275303643725,66.19433198380567,65.58704453441295,67.47967479674797,492,272,222,0,50,8020,1.2252252252252251,17.46736207037388,-2499.676126573626,0.5433424882814951,28,2,26,27.1,-12.235175015052835,140.5961985389808,130.99274878166068,-9.603449757320107,0.9316948121135898
2026-07-14,58.502024291497975,63.96761133603239,64.5748987854251,66.26016260162602,492,197,294,3,-97,7923,0.6700680272108843,3.082641112652489,-2496.593485460973,0.5175023987624379,25,5,20,25.1,-12.254364647808929,141.26022154937888,130.49631385055724,-10.76390769882164,0.9238008578723699
2026-07-15,53.036437246963565,62.550607287449395,64.77732793522267,66.869918699187,492,255,239,0,16,7939,1.0669456066945606,2.20553845180018,-2494.387947009173,0.5172645684390502,23,4,19,25.7,-11.914922504299213,142.14885605689878,130.31094877934945,-11.837907277549334,0.9167217548848167
2026-07-16,65.78947368421052,68.01619433198381,69.02834008097166,70.52845528455285,492,366,127,1,239,8178,2.8818897637795278,24.01543818694161,-2470.3725088222313,0.55819710310973,45,1,44,26.0,-11.84542736309398,141.07574425266753,131.6764682329544,-9.399276019713142,0.9333742588458085
2026-07-17,59.311740890688256,64.97975708502024,67.00404858299595,68.4959349593496,492,144,350,0,-206,7972,0.4114285714285714,-2.4976605604066933,-2472.870169382638,0.5097063526731431,33,3,30,23.7,-12.370615437722194,139.52403686944885,130.67401620752779,-8.850020661921064,0.936569921136944
2026-07-20,53.441295546558706,62.550607287449395,64.17004048582996,66.46341463414635,492,163,330,1,-167,7805,0.49393939393939396,-21.20650326553483,-2494.076672648173,0.47714679823174183,7,6,1,20.9,-12.574570222676657,139.34631481533395,130.07034077369497,-9.275974041638989,0.933432225646356
2026-07-21,51.012145748987855,60.32388663967611,63.96761133603239,65.65040650406505,492,226,265,3,-39,7766,0.8528301886792453,-24.14106567504718,-2518.21773832322,0.4740810408046782,15,6,9,18.4,-12.123519721367797,140.31105523313266,130.349496870841,-9.961558362291669,0.9290037527995202
2026-07-22,46.76113360323887,63.56275303643725,64.77732793522267,66.46341463414635,492,240,251,3,-11,7755,0.9561752988047809,-23.695403109639003,-2541.913141432859,0.4767569189623908,16,6,10,18.9,-11.57664935873211,139.96370057988824,130.30790266888698,-9.655797911001258,0.9310121276374088
2026-07-23,44.534412955465584,59.91902834008097,63.76518218623482,65.44715447154472,492,206,288,0,-82,7673,0.7152777777777778,-30.38211941848059,-2572.2952608513397,0.4658927607115917,17,11,6,18.1,-12.437980549278894,137.5560488934607,129.7575252073893,-7.798523686071405,0.9433065739470935
2026-07-24,56.072874493927124,65.9919028340081,65.58704453441295,66.46341463414635,492,362,132,0,230,7903,2.742424242424242,-4.368403897026688,-2576.6636647483665,0.5144201719035216,32,5,27,19.2,-12.016008739116241,137.71434874122832,130.85502959525448,-6.859319145973842,0.950191688747969
2026-07-27,64.77732793522267,69.83805668016194,68.82591093117409,69.91869918699187,492,328,166,0,162,8065,1.9759036144578312,11.012573800184121,-2565.651090948182,0.5416106154367054,32,1,31,19.7,-11.349376748190654,138.01333737007286,131.93751020611728,-6.07582716395558,0.9559765216917863
2026-07-28,70.24291497975709,72.67206477732793,70.64777327935222,71.95121951219512,492,352,141,1,211,8276,2.49645390070922,29.06776103233893,-2536.583329915843,0.572953402303644,58,0,58,23.5,-10.20084096863349,138.46605077424988,133.3894941867692,-5.076556587480667,0.9633371750035876
2026-07-29,63.76518218623482,66.80161943319838,65.78947368421052,69.91869918699187,492,181,313,0,-132,8144,0.5782747603833865,9.643008120386192,-2526.940321795457,0.5353976493636365,21,2,19,23.5,-10.9734232513375,136.6326969921316,132.27671327968167,-4.355983712449927,0.9681190241549519
2026-07-30,56.88259109311741,64.97975708502024,65.9919028340081,69.10569105691057,492,192,300,2,-108,8036,0.64,-4.584220862364475,-2531.5245426578213,0.509006059013707,6,4,2,19.3,-10.497163471092264,138.54443045618046,132.2283520949462,-6.3160783612342755,0.9544111709114719
2026-07-31,54.04858299595141,63.36032388663968,65.38461538461539,67.88617886178862,492,216,277,1,-61,7975,0.779783393501805,-11.968495518061555,-2543.4930381758827,0.4961202072365513,3,3,0,16.3,-10.85150265482271,140.10901996224268,132.03387880881246,-8.075141153430224,0.9423653012803433
2026-08-03,60.32388663967611,65.78947368421052,67.61133603238866,69.91869918699187,492,335,159,0,176,8151,2.106918238993711,5.765646379919893,-2537.727391795963,0.5292142880702442,18,0,18,18.0,-10.277431387954927,142.55183742204238,133.4394152245719,-9.112422197470494,0.9360764311266502
2026-08-04,68.62348178137651,69.43319838056681,71.05263157894737,71.95121951219512,492,354,137,3,217,8368,2.5839416058394162,25.049307041644624,-2512.678084754318,0.5640803441922624,35,3,32,20.3,-9.506009521328679,144.93952203947282,135.35703503257398,-9.582487006898845,0.9338863073917882
2026-08-05,66.19433198380567,68.42105263157895,71.05263157894737,71.54471544715447,492,241,253,0,-12,8356,0.9525691699604744,18.233452720389202,-2494.444632033929,0.5502210545231502,31,5,26,21.9,-9.698941902534575,144.29832573383868,135.09196799297197,-9.206357740866707,0.9361991367949201
2026-08-06,63.56275303643725,65.78947368421052,69.83805668016194,71.13821138211382,492,196,296,2,-100,8256,0.6621621621621622,3.4078474210207403,-2491.036784612908,0.5226124961989115,18,4,14,22.7,-10.220211330096484,143.91838871211152,134.40095108421266,-9.517437627898857,0.9338692038378976
2026-08-07,65.58704453441295,67.20647773279352,72.46963562753037,73.17073170731707,492,317,175,2,142,8398,1.8114285714285714,15.20884277846168,-2475.8279418344464,0.5447391229062786,21,1,20,22.0,-9.798774939439802,144.68860552439128,135.34180594277151,-9.346799581619763,0.935400582874205
2026-08-10,64.17004048582996,66.80161943319838,70.64777327935222,72.5609756097561,492,226,265,3,-39,8359,0.8528301886792453,6.902811538501211,-2468.925130295945,0.5293838519020264,22,3,19,20.8,-9.944655310023315,144.7714186283466,135.36677277036867,-9.404645857977926,0.9350379657318874
2026-08-11,64.37246963562752,64.97975708502024,71.65991902834008,71.95121951219512,492,274,218,2,56,8415,1.2568807339449541,9.382025386027124,-2459.543104909918,0.53438870957542,29,1,28,17.8,-10.174161652645736,144.0180926164066,135.66742063340652,-8.350671983000069,0.9420165075700443
2026-08-12,65.18218623481782,66.19433198380567,71.05263157894737,71.34146341463415,492,257,236,1,21,8436,1.0889830508474576,7.912332977274154,-2451.6307719326437,0.5320086122784691,36,3,33,19.2,-9.788410975200923,144.3898086668843,135.92980500361747,-8.460003663266832,0.9414085818010567
2026-08-13,69.63562753036437,69.43319838056681,73.07692307692308,74.4421906693712,493,313,180,1,133,8569,1.738888888888889,17.952216691567955,-2433.6785552410756,0.5507140351612699,27,1,26,21.6,-9.602526616022693,145.38640467814454,136.94843542607143,-8.437969252073117,0.9419617723489825
2026-08-14,67.81376518218623,70.8502024291498,73.27935222672065,74.2393509127789,493,250,237,7,13,8582,1.0548523206751055,14.300807195977072,-2419.3777480450985,0.5439200328750879,18,1,17,23.3,-9.178058736737976,145.14778584460413,137.06039447406104,-8.087391370543088,0.9442816759244163
2026-08-17,58.502024291497975,62.75303643724696,69.83805668016194,71.39959432048681,493,128,364,2,-236,8346,0.3516483516483517,-14.0950811085306,-2433.472829153629,0.49232777264798394,13,2,11,22.6,-9.672137215107046,144.33011016149374,135.8194238249271,-8.510686336566636,0.941033188937195
2026-08-18,53.84615384615385,61.1336032388664,69.43319838056681,71.39959432048681,493,225,266,3,-41,8305,0.8458646616541353,-18.566248098078844,-2452.0390772517076,0.48613153625836714,13,5,8,20.2,-10.205109726224476,143.44981588575092,135.26830068091988,-8.181515204831044,0.9429660111146666
2026-08-19,55.26315789473684,61.94331983805668,70.24291497975709,74.84787018255578,493,285,208,1,77,8382,1.3701923076923077,-10.352944795595512,-2462.3920220473033,0.5028518580819427,22,0,22,19.8,-10.112379052135411,143.80583271483192,136.53768543088643,-7.2681472839454955,0.9494586057690839
2026-08-20,46.35627530364373,55.06072874493927,67.20647773279352,73.42799188640974,493,156,334,4,-178,8204,0.46706586826347307,-29.088522347184576,-2491.480544394488,0.46930921969227585,12,4,8,19.2,-10.519624908031805,142.42727297115863,135.58423985122994,-6.843033119928691,0.9519541940446027
2026-08-21,50.607287449392715,58.502024291497975,68.42105263157895,72.61663286004057,493,328,164,2,164,8368,2.0,-10.346613926672681,-2501.8271583211604,0.5051923918694378,19,5,14,18.6,-10.413487395106364,143.2231302381143,136.4024830203836,-6.820647217730681,0.952377474180385
2026-08-24,53.84615384615385,60.931174089068826,69.23076923076923,74.64503042596348,493,305,187,2,118,8486,1.6310160427807487,1.0735803971542168,-2500.753577924006,0.5260517204726294,21,4,17,18.4,-10.34618222568442,142.95460921088545,136.58420314618226,-6.3704060647031895,0.9554375609162372
2026-08-25,52.02429149797571,59.311740890688256,69.02834008097166,72.41379310344827,493,201,292,1,-91,8395,0.6883561643835616,-10.321367511805708,-2511.074945435812,0.5045346641595162,19,2,17,17.3,-10.21345913741653,143.3396384856269,136.41809173092122,-6.921546754705673,0.9517122630709041
2026-08-26,54.65587044534413,59.716599190283404,68.82591093117409,72.81947261663286,493,276,216,2,60,8455,1.2777777777777777,-4.729040326690811,-2515.8039857625026,0.5147966542679855,12,3,9,14.9,-10.07654698163063,143.16554211110414,136.69164666806694,-6.4738954430372075,0.9547803518390402
2026-08-27,45.54655870445344,54.25101214574899,66.59919028340082,70.79107505070994,493,148,344,2,-196,8259,0.43023255813953487,-25.834886555873194,-2541.638872318376,0.4758905367883665,13,9,4,12.7,-10.321768316572394,144.03693421756003,136.28219407543435,-7.754740142125684,0.946161446824378
2026-08-28,44.12955465587044,54.25101214574899,66.59919028340082,71.60243407707911,493,228,265,1,-37,8222,0.8603773584905661,-27.658093240137884,-2569.296965558514,0.47345128374146817,6,1,5,11.5,-10.362168165587683,143.9349729188276,135.87845496920968,-8.056517949617927,0.9440266824230313
2026-08-31,40.688259109311744,51.012145748987855,62.550607287449395,68.76267748478702,493,137,352,5,-215,8007,0.38920454545454547,-47.09483882096731,-2616.391804379481,0.43830806836702013,5,10,-5,9.9,-11.011816903778698,143.3277880540608,135.05461446200306,-8.27317359205773,0.9422779510911224
2026-09-01,32.99595141700405,46.963562753036435,60.121457489878544,65.78947368421052,494,161,330,3,-169,7838,0.48787878787878786,-58.8219116531275,-2675.2137160326088,0.41823428145044655,9,11,-2,8.9,-11.613846343981093,142.22304342626998,133.99478851997034,-8.22825490629964,0.9421454167477069
2026-09-02,38.663967611336034,48.582995951417004,61.53846153846154,66.39676113360323,494,297,196,1,101,7939,1.5153061224489797,-41.226514143686764,-2716.4402301762957,0.4517251533829303,18,7,11,7.8,-11.629282901573767,142.93458831428592,134.57782179097322,-8.3567665233127,0.9415343296407881
2026-09-03,46.963562753036435,51.21457489878542,64.97975708502024,68.21862348178138,494,333,159,2,174,8113,2.0943396226415096,-18.587652734785163,-2735.0278829110807,0.4926531742756126,17,1,16,8.6,-10.755300042334914,144.59847138012069,135.50814858372337,-9.090322796397317,0.9371340325410449
2026-09-04,36.43724696356275,47.97570850202429,63.1578947368421,67.00404858299595,494,171,322,1,-151,7962,0.531055900621118,-32.03322480860563,-2767.0611077196863,0.4661445941841956,7,5,2,7.4,-11.293674184241953,143.9049795829848,134.90433365944958,-9.000645923535217,0.9374542427258754
2026-09-08,27.530364372469634,42.91497975708502,60.72874493927125,62.550607287449395,494,143,350,1,-207,7755,0.4085714285714286,-49.03703900201109,-2816.0981467216975,0.43412936831924687,5,12,-7,5.0,-12.153519594708174,143.13846489589488,133.57592068768787,-9.562544208207015,0.9331937490376058
2026-09-09,22.06477732793522,37.65182186234818,55.465587044534416,59.51417004048583,494,99,395,0,-296,7459,0.25063291139240507,-72.33821210835461,-2888.436358830052,0.39163400286112837,7,22,-15,1.8,-12.942652276891842,142.28756642308247,132.31981302894997,-9.967753394132501,0.9299464201636982
2026-09-10,17.813765182186234,33.19838056680162,53.441295546558706,57.28744939271255,494,160,330,4,-170,7289,0.48484848484848486,-79.14598761648958,-2967.5823464465416,0.37979702274908644,3,21,-18,-0.9,-13.595131610527655,141.55108365155886,131.3856701968953,-10.165413454663565,0.928185548337541
2026-09-11,24.696356275303643,38.8663967611336,56.68016194331984,59.10931174089069,494,332,162,0,170,7459,2.049382716049383,-50.15795027227548,-3017.7402967188173,0.4329366144906953,11,12,-1,-1.4,-13.14739911339829,142.8684473864873,132.402828775247,-10.465618611240302,0.9267464663983592
2026-09-14,25.910931174089068,38.25910931174089,55.465587044534416,58.70445344129555,494,277,216,1,61,7520,1.2824074074074074,-36.154777255578665,-3053.895073974396,0.4563783438125051,7,10,-3,-2.2,-13.249134893828296,142.5673007120419,132.45668590064,-10.110614811401916,0.9290818107595136
2026-09-15,23.88663967611336,35.020242914979754,53.23886639676113,56.072874493927124,494,159,334,1,-175,7345,0.47604790419161674,-47.88793011613835,-3101.783004090534,0.43203959275236675,16,21,-5,-2.2,-13.387070553694326,141.8384288469675,131.7524161158963,-10.086012731071207,0.9288908315393621
2026-09-16,18.42105263157895,31.983805668016196,51.012145748987855,53.036437246963565,494,155,337,2,-182,7163,0.4599406528189911,-58.388838185627705,-3160.171842276162,0.41076705778039174,5,20,-15,-3.5,-13.925316539859084,141.14860564389747,130.6839795091768,-10.464626134720675,0.9258609315552023
2026-09-17,21.25506072874494,31.17408906882591,49.19028340080972,53.23886639676113,494,284,206,4,78,7241,1.3786407766990292,-40.759380920428754,-3200.9312231965905,0.44146247213571943,14,14,0,-4.6,-13.872344715824264,142.78976028313443,131.30485865642495,-11.484901626709473,0.9195677504889963
2026-09-18,19.02834008097166,28.13765182186235,49.392712550607285,52.22672064777328,494,153,340,1,-187,7054,0.45,-52.304260402259644,-3253.2354835988504,0.41762290039944444,2,22,-20,-8.2,-14.095732849258813,142.98498517871874,130.73914398021128,-12.245841198507463,0.9143557543248249
2026-09-21,25.101214574898787,30.364372469635626,49.797570850202426,52.02429149797571,494,282,210,2,72,7126,1.3428571428571427,-35.69903615842833,-3288.934519757279,0.44590432427360305,6,16,-10,-9.4,-13.745745975358743,145.16899939474058,131.34882569113097,-13.820173703609612,0.9047994147426057
2026-09-22,27.732793522267208,30.5668016194332,49.797570850202426,50.202429149797574,494,239,254,1,-15,7111,0.9409448818897638,-30.12874226535473,-3319.0632620226334,0.4529739049975985,9,19,-10,-9.7,-13.673440033571243,145.00378672565375,131.3096723646137,-13.69411436104005,0.9055602983186278
2026-09-23,25.303643724696357,28.13765182186235,46.76113360323887,48.987854251012145,494,168,325,1,-157,6954,0.5169230769230769,-39.58796691107757,-3358.651228933711,0.4325733388298625,9,30,-21,-10.3,-14.618484748032074,143.6312895469902,130.3907527359202,-13.240536811070001,0.9078157910241539
2026-09-24,25.910931174089068,25.303643724696357,42.91497975708502,46.76113360323887,494,169,324,1,-155,6799,0.5216049382716049,-47.27523499881765,-3405.926463932529,0.4162507660682463,10,40,-30,-11.5,-15.041370560702138,143.68610955543468,129.60681175024473,-14.079297805189952,0.9020135081341449
2026-09-25,29.149797570850204,26.518218623481783,45.34412955465587,48.178137651821864,494,322,170,2,152,6951,1.8941176470588235,-22.538598544914194,-3428.465062477443,0.45956363491319185,8,14,-6,-12.0,-14.960290310382652,144.37096485366018,130.13586663207755,-14.235098221582632,0.9013991612786417
2026-09-28,28.54251012145749,24.291497975708502,43.31983805668016,46.963562753036435,494,160,330,4,-170,6781,0.48484848484848486,-33.86717450151107,-3462.3322369789544,0.43537581260986563,6,29,-23,-14.0,-15.42202387611934,143.24556240629514,129.2928805204982,-13.952681885796949,0.9025960619553282
2026-09-29,26.11336032388664,24.291497975708502,41.902834008097166,44.534412955465584,494,189,300,5,-111,6670,0.63,-37.41211115286552,-3499.74434813182,0.42648985895073777,7,21,-14,-14.9,-15.764497196036348,142.9187919367424,129.06584678240333,-13.852945154339068,0.9030712129132007
2026-09-30,21.86234817813765,20.445344129554655,38.8663967611336,41.29554655870445,494,118,376,0,-258,6412,0.31382978723404253,-55.13451394413072,-3554.8788620759506,0.3923765021889915,6,29,-23,-15.7,-16.030900018446303,142.65847087810815,128.1492432154215,-14.50922766268664,0.8982939633841738
2026-10-01,24.493927125506072,22.672064777327936,42.10526315789474,43.11740890688259,494,294,198,2,96,6508,1.4848484848484849,-34.18153624677174,-3589.0603983227224,0.42968277008367595,4,24,-20,-17.7,-15.716591904639527,142.73447361032376,128.82854453553446,-13.905929074789299,0.9025748389786088
2026-10-02,25.101214574898787,23.481781376518217,41.497975708502025,44.93927125506073,494,286,205,3,81,6589,1.395121951219512,-17.614051257777746,-3606.6744495805,0.4574649437140833,9,22,-13,-17.0,-15.310872407722348,143.8857340245029,129.1494138030139,-14.736320221488995,0.897583173749668
2026-10-05,34.412955465587046,27.530364372469634,44.534412955465584,46.76113360323887,494,307,184,3,123,6712,1.6684782608695652,0.89023080985001,-3605.78421877065,0.4879721507632909,14,15,-1,-16.1,-14.754759823962205,144.86804917015968,129.91654869827357,-14.951500471886106,0.8967922840299705
2026-10-06,43.927125506072876,29.149797570850204,48.582995951417004,49.392712550607285,494,332,161,1,171,6883,2.062111801242236,21.56524041876417,-3584.218978351886,0.5216913946038579,16,7,9,-14.2,-14.384241845294204,145.69865657859816,130.7214147505613,-14.977241828036853,0.8972039812875194
2026-10-07,37.24696356275304,28.34008097165992,44.534412955465584,46.15384615384615,494,136,354,4,-218,6665,0.384180790960452,-0.23792220333557168,-3584.4569005552216,0.47730223565918617,8,22,-14,-13.5,-15.352100365738297,145.4806534221483,129.73338136035898,-15.747272061789317,0.8917569333697265
