Date,basic-materials,communication-services,consumer-cyclical,consumer-defensive,energy,financial-services,healthcare,industrials,real-estate,technology,utilities
2024-10-07,99.99999999999999,100.0,100.0,100.0,100.0,100.0,100.0,99.99999999999999,100.0,100.0,100.0
2024-10-08,99.8258093362077,101.03029819450892,101.09117844855209,100.66885936231274,97.4550872456635,100.58535457252917,100.58873836952874,100.10755349936852,100.2900368526001,102.13118652909688,100.05318471598481
2024-10-09,100.54851441846556,100.17260580921085,101.72248892178202,101.46519525029011,97.94637552622228,101.54882699502468,101.61383616286214,100.89119548800231,100.41633769365747,103.20026336335833,99.11491840980334
2024-10-10,100.83349935062272,99.87672516115653,101.50212257311111,100.89873964348787,98.73533006917008,101.19671966043614,101.26197138741831,100.26412261756911,99.52831567292344,103.31008605754302,98.81269692565128
2024-10-11,101.55706947088082,100.61956853054602,100.80009255652432,101.4225491746846,99.3116974728589,103.30531391418378,102.05925369579143,101.79667283767225,100.58719570265146,103.4169868583796,99.69501842059178
2024-10-14,102.07187143926176,101.31237823761136,100.97628215436472,101.83440279178448,99.2089881421908,104.10445321781216,102.5408272497774,102.43080495713325,101.28295848287074,104.73151428520052,101.01194865177919
2024-10-15,102.27049722825232,101.36139696377145,101.1697101055121,102.55046020339836,96.17436977600846,104.32974439091309,101.35359361776297,101.6791146578672,102.54700051805479,102.8922314288355,101.44694079550813
2024-10-16,103.05365504747923,101.05397821948819,101.47826126040054,102.29941221125645,96.6183043071155,105.74690272455827,101.6691846432069,102.66111541724992,103.58071554553773,103.24264219831355,103.51303893844575
2024-10-17,103.38074264757394,100.19845722525007,101.44583580337888,101.88513831101567,97.08994970702881,106.2167432772254,101.16203608883804,102.50349571679166,102.89191559371987,103.65995465332345,102.52954242350783
2024-10-18,103.85549267720154,100.88576626617001,101.89879039457374,102.1676375392403,96.7415966527709,106.36338843231184,101.67772848669327,102.77775153264027,103.65653178155348,104.10812541447521,103.08826115724663
2024-10-21,102.94851388915578,101.05375153834778,101.32000034702338,101.35461139395382,96.53347218725216,105.33864662161594,100.49786447101295,102.37087656985528,101.4900968114864,105.02081647791479,102.74203799401104
2024-10-22,101.94448466705975,101.52055314953414,101.11875235806052,102.33610728635234,96.75984321425052,105.22798320078023,100.3355995183861,101.04984823682548,101.65868227116253,105.15590630078086,102.33046968337662
2024-10-23,101.1766059478267,100.07952423473657,99.3264050315336,102.37606199814343,96.25731334464682,104.98976140770887,99.85912799036497,100.73868940151618,102.61944591814367,103.43754624888824,103.34873848203179
2024-10-24,99.79369578110186,100.33487766247931,103.16992374316423,102.1195718712398,96.11065432717385,105.32822255094744,99.09476687326801,100.20944175902746,102.82626429180475,103.64680471079578,102.64792304693528
2024-10-25,99.22220965175605,101.28059426537715,103.88505655556116,101.35658367332263,96.21054007176637,104.17140115742879,98.54542981858911,99.97297443368836,102.18500572243741,104.20379205832616,101.16433511856002
2024-10-28,100.18885438237221,102.0557728981917,103.85085615131155,101.48302221072372,95.55536008577684,105.44259007341488,98.67195259119102,100.29861252006546,102.4536083892382,104.11736730634829,101.95718112278195
2024-10-29,99.72640496708287,103.7303977212868,103.71850937716023,100.46173878528488,94.26523156401099,104.9479353734546,98.43311544389519,100.02507070086597,101.62543398416715,105.28418537201155,99.810529384161
2024-10-30,99.71118389680075,105.29947476660992,103.70927171674451,100.17382735667351,94.41604793221148,105.40518189077578,98.10437654660747,99.78123198960284,102.03803889969613,104.03081799479578,99.57166172710298
2024-10-31,97.84803361733839,103.36302959019152,101.9985375727489,100.01346363816565,95.00667454024527,103.86667591412295,97.2976256310846,98.94563773108361,100.34208747041859,100.29206981137256,100.6550271361976
2024-11-01,97.87382272917857,103.32959985293846,104.30118668713182,99.99563287940273,94.41240623466427,103.94145025959217,97.861269064797,99.03018244300577,99.30823748328838,100.9348025344816,98.42507319937647
2024-11-04,98.29768209897415,102.31128343201402,103.53941121906163,100.30215997204263,96.21272195388062,103.4727963173874,97.16523636053661,98.8922159458693,100.45141573184225,100.82840273422252,97.13279370259183
2024-11-05,98.85546673807211,103.18287462892225,105.51624929468555,101.05989894941652,96.75355759186024,104.74651795814928,97.91089616315894,100.65883894860532,101.73029629730615,102.31112435225124,98.58155679877989
2024-11-06,100.30541554800288,106.14774493408171,109.9551387795453,99.62185831858989,100.30245954895906,111.64158940470335,97.9847078932155,104.70846355401652,99.01363953744992,105.0172327741827,97.66870300089265
2024-11-07,101.1271909584572,108.7392078162046,111.56956006463498,100.0146861389781,99.91889463532263,109.9253762315694,98.67276789253262,104.16261422431957,100.25548772700853,106.88347171680692,97.87062558038788
2024-11-08,100.3712579705991,108.02643179019853,113.17825742486271,101.42625227077792,100.45817804791854,110.91938495664664,99.53662983988248,105.41109884634913,101.86991131918978,106.58410859607476,99.65730106428792
2024-11-11,99.96910708380823,108.7164632396705,115.52717064158897,100.87304082698041,100.92038444886795,112.92799617984511,98.95765839564109,106.30860095839527,101.07858288907553,105.72625121838362,99.98207321752079
2024-11-12,98.40935390499776,109.3665088031802,114.02416606347231,101.06588438272844,100.46756548761634,112.49763633367567,97.65013876682283,105.20091498705973,99.74674478842253,106.19659869022001,98.87449313182783
2024-11-13,98.50355357287687,108.34741604749445,115.2859589567515,101.39560264717785,101.23197291979866,112.29899442576308,97.34618506171317,105.46559276170716,100.46211681739578,105.8913942642347,98.69308750965595
2024-11-14,97.85713193508639,107.20890661462371,113.24578867820385,101.05588306820894,101.62762919642975,111.99015335312522,95.82715260212652,103.67491199455331,99.62131397355574,105.84318989242297,98.31579251652026
2024-11-15,96.99615066396095,105.18980696212446,111.90270169927493,100.23310001358988,101.23515050756296,112.68403984073211,93.934270502173,103.09196018566159,99.77866774447016,103.30840284851224,99.79148243650847
2024-11-18,97.62612683730666,106.46938906731654,113.16282958150714,100.822401883385,102.54048185024416,113.09548463173627,93.90947006296294,103.2379760144972,100.64167473169945,103.49623752330243,100.58489279256898
2024-11-19,97.38275890004614,107.86699199671271,113.89059207169151,101.48019685408296,101.8794088604645,112.54925805290866,93.46851841125033,103.44477899395623,101.131610124533,104.76076894874602,101.23937720707477
2024-11-20,97.78677054161238,107.53879643095844,113.3076327269117,101.42973348482012,102.96361380014174,112.16974412853693,94.59931777235602,103.47427853779479,100.95802283333364,104.546961875815,101.32820542398368
2024-11-21,98.83048103778933,104.72371119661585,112.83421418432235,102.72685309769632,103.91988303612062,113.61171505529917,95.35810394028029,104.81476643991103,101.56505068456575,105.24886934881472,103.15598481355124
2024-11-22,99.39861029211465,103.80691802864953,114.29819361253263,103.90934791628163,104.34381654871027,114.92164628928924,95.43140519214086,106.18020589606466,102.38882174531908,105.10300778049948,102.58122873165229
2024-11-25,100.2895231405314,104.83656731348913,115.04924132079951,104.14463958673988,102.14432824902872,115.74766364876007,96.29921777186698,106.75793707472646,103.68097698217099,104.72441926891408,102.77524242905073
2024-11-26,99.73542625673078,105.77313391747816,116.11141377032685,104.97761947793727,101.90902521255177,115.89107298256903,96.88996822087313,106.97996646782636,104.25345791541898,105.51006072953655,104.43846752435114
2024-11-27,99.70184226214587,105.78413857545051,115.2545419681709,105.09892559500571,101.84174603479241,116.09108170445761,97.3112214378908,106.53657003882111,104.92829956260405,104.17869797408227,104.37938432728146
2024-11-29,100.30772556558873,106.01658565915186,116.73640309077139,105.6438803987619,102.17478792854737,116.11500143852525,97.58687660463717,107.02255266459542,104.42240254028793,105.1984022103557,104.38294695811206
2024-12-02,100.15218356029023,107.60238735721165,118.14290489862803,105.57987877863968,101.26619072375686,115.11396661784327,97.46328301735872,106.23794979900188,102.92103395634466,106.21862684284227,102.15981489998649
2024-12-03,99.91987759753563,108.60192493724114,118.23669807818814,105.26403190842939,101.23713857178417,114.5019251739711,97.31689713297605,105.70013986363772,102.32004862811621,106.78483971611416,101.29747455759721
2024-12-04,99.19771540659517,109.66533857632987,119.73729387337382,105.22519135603157,98.75415045895257,114.22903745921707,97.32991163937383,106.1449283061276,102.03699930563278,108.68137871882656,101.3170440107525
2024-12-05,97.88418887834874,108.97001975931968,120.9465918386389,105.66089843151467,99.04874411727248,114.39520434119588,96.23030797585872,105.23727832803117,101.77147965898224,108.35661907121988,101.59857896698549
2024-12-06,97.72092420816462,110.52519759713782,124.04938141333187,105.37974727184469,97.47622812450949,114.6531534436914,95.80303927132603,104.87487379777713,101.72610095294927,108.61723494710294,100.39962300663161
2024-12-09,97.30320542500058,109.34318975281758,123.59612373453979,104.7664854947203,97.32253267845007,112.81711219576853,95.93604096001062,103.78767438133825,101.82803387941955,108.06267261326849,99.06604182952982
2024-12-10,96.41554825998423,112.97072954144777,123.90704380680596,105.27764595888077,96.67515309856198,112.73241790121874,95.5122928941115,103.4550487821498,100.17472505202248,106.6023804697591,98.26176231433409
2024-12-11,96.0355230213956,117.33469103106594,126.8032795506717,104.72929891449722,96.71727790633895,113.30822273265909,94.26551116519624,103.56424005743375,99.9019248659735,108.12025106973242,97.73901826785543
2024-12-12,95.31034749997107,116.0166596453103,125.71851972453356,104.814555680572,96.05376210564377,112.9164539339736,93.4572617770142,102.82954908439035,99.766693462451,107.63017359378014,97.66060934279682
2024-12-13,94.46131967789817,114.716937259731,126.53154631433692,104.65498722306333,95.50182508291417,112.60944391949378,93.48959151856455,102.6440222633216,99.37317487892658,108.18208494026742,97.71757609088694
2024-12-16,93.53672750399721,117.18166472049789,129.23770043752234,104.35981031572231,93.4379740361832,112.7948820175101,92.36775211154875,102.65628188762152,98.90744109280544,109.25305960635163,96.94280708492055
2024-12-17,93.138127130019,116.44744808765614,129.8678999045612,104.32697678186172,92.75139566879402,111.80676669151416,92.32843029210419,101.63313629168991,98.44843068977625,108.78024729060203,96.57677931443087
2024-12-18,90.45139824253721,112.56729772163813,123.28048869789876,102.76532118483445,90.31155383369448,107.98502037848112,90.9981389515983,98.64726684742985,94.52668791261395,105.49913482982105,94.27428044058246
2024-12-19,89.41166420669325,112.45499568842112,123.32813212992636,102.1363133047654,89.41108246573106,108.36614173161337,90.31578799947056,98.52719508087532,92.9184958269382,105.70314059420139,94.73666474333892
2024-12-20,90.40503351156264,113.43322315211925,123.23722625932739,102.10451648137675,90.2816093118468,109.95978755946659,91.43074754933643,99.7395955627194,94.55071660344811,107.31118195373675,96.1814991614214
2024-12-23,90.34281828579302,115.08353621412867,123.86365216021326,101.35880740369899,90.8331701335414,110.25211706536633,92.429976495476,99.61866929592122,95.04525327436752,108.63607000896549,96.56570132727248
2024-12-24,90.8628003672512,116.14791339535458,127.42471949497936,102.39057929728773,91.47621804199773,111.71081825003291,92.78088154717538,100.43867672441804,95.72515346646553,109.75820140721761,97.1142223698632
2024-12-26,90.68098652350956,115.79909321617549,126.4917742495567,102.52533339285583,91.36863236769638,111.95815197250893,92.91380858604701,100.46384146043499,95.8750893951391,109.8506256542772,96.8536086217274
2024-12-27,90.0971006914552,114.36043026670976,123.8347896045655,101.84807152061003,91.36892242601513,110.97229396834913,92.4378627183679,99.60182291912423,94.98579081517673,108.21397895914724,96.56560651623747
2024-12-30,88.85707764259946,113.32841748780315,121.76339601155081,100.64228819641436,91.32669650608857,109.91000788164395,91.30861117433709,98.63852270725477,94.55932774813317,107.02132819349386,96.19958878498552
2024-12-31,89.14388762051293,112.28692514241844,120.3652087686067,100.74809693859028,92.52466536633443,109.88581323367102,91.51759318690716,98.5141306943587,95.37037946162835,105.93748257683735,96.08245960947723
2025-01-02,88.21583205028199,112.91057830438292,118.56761965583004,100.32726847013163,93.53311910262886,109.84983433439707,91.55558685497645,98.06634852315204,94.51673317104627,105.78041064701293,96.82713825419509
2025-01-03,88.44387040636224,114.04835619843938,121.73396379252374,100.51720656228457,94.38561042991451,110.85453181785302,92.46610863207324,99.20148061427774,95.81992677955394,107.53386824365795,97.93676291008224
2025-01-06,88.90961432677213,116.63723359449287,122.54241275055244,99.73496656446316,94.03310527703015,110.61356938982591,92.40596567715708,99.06721195374665,94.55823949063263,109.00097563027661,96.92216236184908
2025-01-07,88.84220149069169,115.4364302173555,119.708817747609,99.41659149018285,95.05999977626196,110.13173512052336,92.96347708448084,98.91445566787388,93.93701474474895,106.43000593557328,96.6537477237119
2025-01-08,89.34641784520373,114.66156479966598,119.99240675040721,99.96085766123457,94.96687135785899,110.571479629334,93.50568941206218,99.38557540092923,94.37143292060178,106.51908705559813,96.57881278644288
2025-01-10,88.45960062278938,113.56908258346739,118.8719714668526,99.03864083505157,95.29758125701949,107.82653193584554,93.02208533494296,98.201928556045,91.99119392039053,104.15569619796207,96.14145309763603
2025-01-13,90.2472869152587,113.00493558924377,119.51930050736026,98.82533703466015,97.36862204335702,108.48388182384477,94.12895982837422,99.33806586940324,93.0313362508095,103.28168688915542,94.88524485217238
2025-01-14,91.25726413998692,112.04998238923216,119.01249561179786,98.72139952069047,98.28321180215009,109.89159236993106,93.12478593373615,100.68615215975854,93.83171515452727,103.21604754976867,96.12204725646454
2025-01-15,92.39185790758027,115.23194060914442,122.9944860534126,98.70038589826898,99.66297567735279,112.98954782774906,93.46306897166309,101.32215988585018,94.28831900134253,105.49190794949644,97.57981563734383
2025-01-16,93.16781872466962,114.0358049791398,121.7379794041734,99.18415779343826,100.29344615414382,113.68720929762141,93.9028865740575,102.47812960477627,96.43048201470133,104.2813313943296,100.09823079910525
2025-01-17,93.88911276375204,115.51106761764888,123.98429060676766,100.01632130831653,101.09550940630645,114.7002255916134,93.2018874089458,103.21507990960232,96.40381323391958,105.94657324680794,100.20176986330674
2025-01-21,94.99943220123481,116.55559316553236,125.19903251780764,100.61850462272446,100.44555573955986,115.80665754381747,94.77093541418111,105.53595995790273,98.27485587269815,106.50815145714283,101.77352110253977
2025-01-22,94.3857353343255,117.52175890976177,125.08131734911692,100.3924996188647,98.76366111625653,115.69898973959677,94.58229741793296,105.45171361676331,96.57733382853799,109.16760592241454,99.600798425678
2025-01-23,94.71684469424598,118.1387112003342,125.52648298574577,100.79928800479728,99.141707951552,116.53500017619447,95.86517485861476,106.57080653569007,97.42985851929598,109.30431835520733,100.08218355351272
2025-01-24,94.49805134093243,119.46860219238651,124.8130354112476,101.31283187374636,98.17689718338347,116.82047800437167,96.06816582955724,105.99889093863348,97.78023077743686,108.15831278666015,101.13962764874529
2025-01-27,94.38239266158074,117.17616903901435,124.92028835338323,104.22112368683929,97.29515671210675,117.48770217087294,98.18446916128124,103.75979588315616,98.57386298907007,102.01643319296916,98.54442966686139
2025-01-28,94.14142870037588,118.9657696454381,125.43836622680345,102.82251915100868,96.32891253554739,117.57238999580566,97.568913241641,103.21123889538005,97.35366787359546,105.58204991808644,97.20878986739645
2025-01-29,94.22809224760941,119.36792005560491,124.67259623121542,103.08802531019383,96.47339070473826,117.64913172145717,96.99276193450878,102.86668228784539,96.21499858675438,104.44243760600037,97.42915270800239
2025-01-30,95.40258478210929,121.3516692974111,125.49319801227709,104.24101499962934,97.00441222620603,118.87553307585483,98.13315312821521,104.16580851298777,97.49878072761244,104.02757986460655,99.53302218097136
2025-01-31,94.59184603969629,122.51643424308402,125.78008120783397,103.52552193964839,94.3700555124415,118.15230663445728,97.75208233769727,103.37850910895929,97.21753182893917,103.25277444366299,98.90792345006618
2025-02-03,94.62135092737492,121.96762288610168,123.91305471884625,104.31274548827386,94.83637282588208,117.73864217407565,98.11720457482599,102.1370473766784,97.08969224942162,101.4867429968033,99.38330664929134
2025-02-04,95.00324312232767,124.18480518438388,125.75670137633333,103.92762541943215,96.8573182489624,117.19424542468143,97.94204778203495,102.06317460324057,97.07462252706598,102.9664166981952,98.53055777764844
2025-02-05,95.48563589074764,119.11156519090636,123.60615931786596,104.91684432603583,96.99657722974327,118.47278598856197,98.974899452124,102.5940008606415,98.63998728805234,104.50612086284711,99.59893802438872
2025-02-06,96.17441479742644,119.62984002035762,124.10840384923317,105.77725927820059,95.38424584104976,119.30981008876502,98.21226555962802,102.90388509215799,98.97343297015439,105.29090437004739,99.51751780062428
2025-02-07,94.92128200309139,117.52877863286545,120.85885902577769,105.24590184458518,95.32865593376454,118.7564801840589,97.73723507618811,102.36366127342059,98.60770884440342,104.34671128374724,99.23033266560684
2025-02-10,95.42108904711331,118.34986981999585,121.22714346682208,106.2182704228533,97.38548448773913,117.85796768310064,97.65142757062527,103.15504944699208,98.81338229804753,105.95806677907247,100.38694332595917
2025-02-11,95.8848869087595,118.0005888456429,119.46483768098496,107.07678633554461,98.12737272925783,117.99162087310543,97.43777621937583,103.24797714215525,99.37017159557917,106.00620249016409,100.84909247855161
2025-02-12,95.51759532726362,117.75012908141804,119.27080204659266,107.47533209669167,95.77407067199802,117.57243067738065,97.35794726037399,102.3179235413661,98.50656026472363,105.95932955724739,100.72724603880792
2025-02-13,97.11711756965236,119.28565198743851,121.47912356675356,108.58636617676277,96.52349741164088,118.54014987832215,97.76299051563561,102.22819860429777,99.4163474901591,107.53249140527087,100.86240697558151
2025-02-14,96.83125150870724,119.65335476874066,121.3309745239234,107.36968353395463,96.89863716238477,118.7242502324056,96.6882373620358,102.07915442921728,99.00597843448999,108.11721997952738,100.44737238116262
2025-02-18,98.00676409581379,118.2119783747604,120.76135905843469,107.48085415224021,98.19115714803607,119.49834235402112,96.53804891402058,102.8306073302198,99.43106751755464,108.86409732825346,101.49117907586081
2025-02-19,96.73176438962703,118.36811926490007,120.87493152801598,108.27283099565362,98.97686149892641,119.35557009285918,97.69811059173902,102.81208591578832,99.61885443715622,108.99268034168662,101.9554082504964
2025-02-20,96.24367804948703,117.473813184718,119.28001811677129,106.5269504653906,99.91209337528151,117.23488731805564,98.23797771048348,101.99233302259597,100.28493958466767,108.86474787222261,101.93638948426015
2025-02-21,94.32544512833634,114.90900921553371,115.78021572747387,107.22326919263895,97.93320832546938,115.51090476430701,97.78722459183274,99.59381570003956,99.40473478191717,106.1027180195461,101.84395001239342
2025-02-24,94.13649716382783,114.30275445646919,114.62315641513455,107.18855776487658,98.01892324845166,115.30015617080636,98.52235607010317,99.18394858054194,99.71970688667642,104.57598001484371,101.31424167810458
2025-02-25,94.91821924409888,112.25121625290141,113.15812765476043,109.28504261444617,96.5673469027243,114.89242017327663,99.3670725345715,99.82760783669757,100.85243519916128,103.13506064117328,100.80485843376665
2025-02-26,95.0345520203624,111.58008774943718,112.6820088414682,107.28141937145239,96.14860947104029,114.97811887618322,98.78870723049363,99.9612337444533,100.33092206121881,104.10954349029917,101.20637747409599
2025-02-27,94.3735358774815,109.24923150322051,110.52724067597778,107.3614900973365,96.56929646069253,115.35697229668769,98.39273011364317,99.55348717736594,100.66960849929784,100.22022195266877,98.90977271139737
2025-02-28,95.28687266779431,110.68788320955953,112.62008757470844,108.89571218447067,98.06204160339173,117.76709679743735,99.5899583074931,100.92990043809394,101.47165293115674,101.92305483444675,100.4477616598051
2025-03-03,93.44246188420028,109.05349344715523,109.98273817446665,109.39319283648229,94.61485654821985,116.63447072462134,99.9420035414444,99.2786002705168,102.28355231150006,98.40753821684895,100.5725167437044
2025-03-04,92.37125436034458,109.36880038253666,107.9699751557182,107.29917061984735,93.84815517425739,112.41545092800223,99.0066045771826,97.18774605938724,101.0907136093132,98.3445350204831,98.8835137912511
2025-03-05,95.06718385668039,110.86634943278555,109.90603128767295,107.8327642146999,92.498037609194,113.20300785374438,100.04512772656994,98.86758248881115,102.1238348312984,99.71666001545235,98.22123940346887
2025-03-06,94.35333716807381,108.7556831516463,106.28660561515053,107.57253694952061,92.83637191497348,110.82343991910233,99.74523075412155,98.00115230309926,99.19443849062459,96.99004609294477,96.13902423964021
2025-03-07,94.36218991275203,109.37803473970756,105.99636270498685,106.69057667631559,94.34189817578961,110.27687505173476,99.67322512169122,99.13578945625753,99.78071451015167,98.40152537099162,97.88959348923085
2025-03-10,92.34718180216984,105.12213243142767,101.28821907844006,105.5421878717984,95.17207111347979,106.81339947652648,98.52938681549334,97.5679358869861,98.80313556784704,94.16327929737008,98.89135397612345
2025-03-11,91.75788060842947,104.38792270801844,101.3181784311222,104.37217824597492,94.34198119626242,105.97485914236182,97.41061397252705,96.33673617641679,97.85262009278817,93.7376431694445,98.06863997392472
2025-03-12,91.66162309782668,106.09887718405615,102.73689147151217,102.18760218190756,94.7361281984433,106.32523175521942,96.46132969878364,96.3756918085558,97.58782396585026,95.2489381282937,97.74381885104619
2025-03-13,91.51374353625525,103.27044574282175,100.06128877336722,101.43676301139503,94.13275230629289,105.07976960851805,95.91928537633832,95.37549436119374,95.61492566378925,93.58317059114776,97.99330504240561
2025-03-14,92.66078296914466,105.31292128271002,102.33761945183198,101.87535183732048,96.78352778378076,107.64885811245387,96.70806586834388,97.1903869609264,97.51314081513043,96.40501346863489,99.89269365195048
2025-03-17,93.61833669045572,105.25474922789577,101.7557688861545,103.55599919797743,98.30447394797233,109.00139112484908,97.83980375668938,98.47277111880226,99.20690399248535,96.69182008627901,100.32943043413903
2025-03-18,93.44551661044163,102.8181746840387,99.62897198556085,102.131099782505,98.53434019150193,108.69851128039066,97.93317975112276,97.66345275693537,98.62524385450281,95.11032198852712,99.65936414947284
2025-03-19,93.86028111331304,104.43319831370181,101.64044708627785,102.33118197013323,100.09072083113975,110.08785556792854,97.99587996938054,99.02060742132716,98.67865047636722,96.48050932523087,99.97032211196417
2025-03-20,93.29253527485103,104.04397385134486,101.49206989533974,101.86005413291011,100.50756363724771,110.20659085522031,98.10802178276867,98.4818883396618,98.59449305902243,96.04761112808114,100.42615431868013
2025-03-21,92.35127172630975,105.00355042264329,102.30139506714364,101.86135674417552,99.87314753102369,109.93054563640958,97.80713746235088,97.84458872388518,97.54588880395805,96.49497631376488,99.76682201165353
2025-03-24,93.60737032261048,107.42165875050205,106.87073848257684,102.65053248052703,100.90404449933041,112.26902372829579,98.62693829269354,99.82027433999636,98.96221424791058,98.17103749589333,99.79745254271657
2025-03-25,93.53785923104056,109.05252593791779,108.09699495161155,101.4974310331007,101.40246552733028,112.78586005452225,97.38750189488381,99.9432835048075,97.73679723905018,98.4085973416483,98.21691094255182
2025-03-26,93.35282487151554,106.37051973061027,105.98705321803371,102.84792680694684,102.01438601792967,112.1168616237061,96.93603170311913,99.09685386637668,98.24226958927342,96.00296903903238,98.87057973369569
2025-03-27,93.1838047308548,104.86537657308214,106.09705533454151,103.84684139537565,101.13367189002597,111.6953250979945,97.11603460882743,98.36906348548501,97.9788656582099,95.27368827068078,98.8066207168684
2025-03-28,91.42037813947094,100.64829817462787,102.58225462316841,103.34584607402644,100.66406340055043,109.32771723748644,96.85641914882288,96.35414573652845,97.97721241068817,92.94816960324424,99.51451982360425
2025-03-31,92.28628577892731,100.81891931247551,102.27119147167328,105.22297277910312,101.74415755898399,110.66631148005719,97.709741703319,96.92129531710738,98.94480316430484,92.96425227327916,100.55760169961653
2025-04-01,92.58338902519584,102.16385692295079,103.57826538598204,105.6435236502314,102.33475193116354,110.56383144491323,95.9995768874884,97.57428163818354,99.09493789720133,93.83658623278777,100.88286906054951
2025-04-02,93.35774875583839,102.09971025153213,105.88891817953082,105.58015980675803,102.4294694988565,111.64178146327436,96.62920182178335,98.47159414086687,99.5737275821983,94.44477750848651,101.36219264460424
2025-04-03,89.837463327894,97.33597376315092,98.88394078462686,105.89364722240722,94.62865572533946,105.10951768550318,95.7591313190243,92.91454621342757,96.60094538708981,88.01532907435264,100.65479324709314
2025-04-04,84.11226179281812,92.89058608501462,94.01582231741574,101.0167451708588,86.33726949423671,97.29224802270447,90.47657934226032,87.12624499179012,92.23739459411281,82.40926230603323,95.01511878755655
2025-04-07,82.91465250318134,93.86604471437454,93.54833409679932,100.02147154732607,85.5224249441481,97.30486839571122,89.92914768179152,86.80364245154236,89.98731876910345,82.68579336314133,93.62957312412715
2025-04-08,80.58029533934062,92.65237896066245,91.10192149428144,98.55500428672819,83.33299713854765,96.69188350334193,89.0004350588738,86.10433143968733,87.7347192042698,80.92397255992479,93.20036365070996
2025-04-09,87.73101587716978,102.00350921727573,102.11443041004,103.30251958224837,89.68488530178854,104.77643006737266,92.884902921303,93.90401450793674,92.73261197248073,92.25979739757729,96.93668309190754
2025-04-10,84.91841286027213,98.01079881598017,97.6447790217242,103.62254964535141,83.88437277908055,101.35942055728418,90.26001327332526,91.34350442288304,90.90815075773833,88.12412677510537,96.287681508964
2025-04-11,87.4744339417472,99.45642158076924,98.72090178630569,105.05624731791733,85.9940757555384,103.11040612487704,91.59201885819755,92.9043471995918,92.17809962086568,90.31062993155234,97.45528991706122
2025-04-14,88.34144534344244,99.90016297425156,98.57916578759969,106.8371448705343,86.22551980877526,104.20690484635824,92.72000512942601,93.87810241497188,94.07118610516086,90.91038845710489,99.12830957545248
2025-04-15,87.9754244427409,99.01232600641858,97.89571153904717,106.10842281436227,86.13358043944213,104.58513028417373,92.1752722628557,93.36341408283698,94.32477707942653,91.21729803359943,99.18997513723096
2025-04-16,87.30168672928806,96.63919896206976,95.1666207652635,104.66914616247198,86.86740295396466,102.90742363093361,91.22389505631315,92.10288628009472,94.17367335844752,87.71127774227445,98.26927582429084
2025-04-17,87.80732064457248,96.1434503050356,95.42630854715217,106.98335016967725,88.87257528963993,103.22257090179909,90.94720668008816,92.45775637100031,95.68594342378742,87.18471810478387,99.27335941953488
2025-04-21,86.23654563769298,93.8891735773539,92.52184855693153,105.69414899435867,86.60427364352955,100.84800059030015,89.00685503166618,90.38605130114343,93.61801883264407,84.78802525578618,96.8687722842622
2025-04-22,88.30769263017227,96.55059768652198,95.61219160703932,107.52129833955304,88.91365824755992,104.31866023196507,90.61795608135746,91.93798524331619,95.5744601038448,86.88923933362696,99.56815957219419
2025-04-23,88.47884391008286,98.89780766122033,98.44300009410493,107.13822267854698,88.65446927249282,105.66094603023691,91.12003678738071,93.30790601485371,95.74216374370286,89.38757615620291,100.01009530975188
2025-04-24,90.36593371244884,101.2780600151634,100.87523987088976,106.32874870288279,89.94833733234913,107.13313821735557,92.33357480455993,95.3182842121149,96.01609995846852,92.58180596496264,100.21126560976101
2025-04-25,89.90265640437552,102.33559023081793,103.18479221758484,106.01607142934589,89.85136141836009,106.67954314284556,92.83901915925588,95.49011354285204,95.95182534060316,94.01551988068071,99.84140502504671
2025-04-28,90.04383456685086,102.17037107326216,103.1256359438428,105.88519210061551,90.41083581531983,107.06689286283238,93.15206274333931,95.75873453253621,96.60348861469433,93.79114353993576,100.54400739554046
2025-04-29,91.01237290418581,102.4962647372498,103.78821761052124,106.7232335084448,90.08527378663359,108.08321560644754,93.63881381489757,96.23416787920904,97.31602037774364,94.25561604691363,101.24337625685212
2025-04-30,91.85728336126836,101.98921544792245,102.50920152670629,107.54675635325266,87.77833726392528,108.3851800472455,94.49135322607516,96.91414513712029,97.84037108734496,94.63942270305755,100.73371053909062
2025-05-01,91.70489353183152,103.59553070860183,103.50419463356911,106.79911158319146,88.13766987812338,108.38030441358306,91.74817947223323,97.90857081450999,97.97683007817635,96.67245292490992,101.12809995837587
2025-05-02,93.2135655962425,105.93743303164979,104.79098759930679,107.55462695699993,89.34237055364494,110.82415773123638,93.11826604904965,99.60066562198753,99.18074830191205,97.87322579317357,101.89256367508644
2025-05-05,92.83295040373024,105.9429153705394,103.33559582532662,107.64565393712411,87.58384061127092,110.77277521953322,92.80622414813097,99.52626019372005,99.09457296253042,97.09474498005041,101.61812235624842
2025-05-06,91.86168448086131,105.42089157124052,102.41150278931961,107.38644707556068,87.77686404557697,110.11167380945453,90.20821101794782,98.56880052062003,98.42447836450903,96.4655866284543,102.93165876158383
2025-05-07,91.26258094953666,101.76879390224336,103.41314468950455,107.61964920005808,87.85331056355132,110.77247300884876,90.92969901247615,99.185429579753,98.43407947840059,97.29151293808172,103.23387054721998
2025-05-08,92.06286610834914,102.91795751370171,105.04750175504567,106.97843496422422,88.97763220416643,111.9942766747538,90.0531795165724,100.68628521969754,97.94552364637975,98.1139376732768,102.37168596061932
2025-05-09,92.33671741920753,102.16799231926498,105.8654353885931,106.38162047122333,89.93117974550671,112.02830320222208,89.09347465619534,100.75359795192253,98.5771798090536,98.12779359268912,102.58622188412073
2025-05-12,93.8320704363482,105.8368505077013,112.0446501827541,106.47047172240374,92.14599726855798,114.8564755650405,91.24369015983348,103.80759465759685,98.58387437613233,102.69494536103282,102.00133828630217
2025-05-13,93.26742926792188,107.11818421839521,113.88573262477048,105.18048358308077,93.37674021050368,115.81545698202224,88.63989944651006,104.5089837067182,97.3142672675701,105.04931179000465,101.93222804358909
2025-05-14,92.12975779953824,109.42011399230236,114.61462651507372,104.9877411616599,92.82428025294861,115.78247980963647,86.59300829579352,104.08025397823896,96.49806985199173,106.01303070682087,101.47813177574544
2025-05-15,93.32545510238653,108.72467697226936,113.67329360683837,106.81062346001683,93.18076384093635,116.35982309136286,87.74439088645809,105.20961829460099,98.24024957460234,105.99165280325577,103.6292835071209
2025-05-16,94.20987469234456,109.56892344178965,114.7209424934928,108.07214957321054,93.00345488893272,117.15671380720553,89.5068462010929,106.28856727713058,99.49268282941073,106.18029840856477,105.20820754908698
2025-05-19,94.53168061337348,109.80834507071073,114.32266325687205,108.4508283205272,91.82742227999138,117.21700539297112,90.31813958488705,106.66336545320641,99.72813750826874,106.15039098442548,105.63232815814183
2025-05-20,94.24627146892928,108.68314635904133,113.70654913267217,108.6301053760169,90.90570379326417,116.6220227509523,90.53734170364578,106.28001077685653,99.1679310360993,105.6826727277267,105.93364685022046
2025-05-21,93.10291744659614,110.03192860778236,111.48846019543726,107.57261819285932,89.30385685094072,113.86762684689836,88.37990561339782,104.48844544436703,96.622666122313,103.77535328078206,103.91378814309031
2025-05-22,93.09253292631888,110.65443047780313,112.25693423162762,107.11721924263921,88.8855329067236,113.89483245493179,87.71239486212954,104.49134926519409,96.27330086025526,103.91977845278046,102.47978092849995
2025-05-23,93.13238667035921,109.46973791381987,111.29095909935077,107.46723285076406,89.14439319566131,113.36669632337353,87.51904787982922,104.13031055232155,96.3757711357517,102.59677559536803,103.67801345359024
2025-05-27,94.61940043233244,112.03244826283495,114.93043277080092,108.51308100789451,89.8848917871089,115.57791765967751,88.78278641188328,106.05526336285516,97.97916005496323,105.20250580163103,104.50893142651232
2025-05-28,93.24073602177316,111.8315842843765,113.85774847782025,107.91308618207827,88.76163904421247,114.85747151049415,88.25909184057073,105.51517004834965,97.9500919616322,104.84563930491085,103.03032107358695
2025-05-29,93.48318744444643,111.43204295225031,114.12052959476377,108.16749023970256,89.3366719743584,115.38661635119288,89.02861828288242,105.83906372119188,98.84801011358107,105.35459218316328,103.76286834431127
2025-05-30,93.67697627526074,111.84015481697826,113.3013194217861,109.492396666471,88.6853342299072,115.77363387120015,89.28814996283286,105.98852273843552,98.99002245030027,104.97609896123221,104.8559457722161
2025-06-02,94.34883556153,111.91483833375585,113.47747554636568,109.81754508777254,89.71785978926478,115.95515645399182,89.32584236011293,105.83091288333219,99.10362832253425,105.87452191945111,105.14566749126466
2025-06-03,95.19218020758153,110.79548607683402,113.8471925675729,109.69967521607609,90.73870573432457,116.40514084841811,89.5245024767559,106.78620523042986,98.74038104225065,107.41379527477861,105.359958249706
2025-06-04,95.65591811713358,112.30433081753927,113.42360538155633,109.05324912073333,89.07100103641012,115.91134472640543,89.73788814425428,106.83400553125296,99.07616566988617,107.65817931810989,103.53456633020417
2025-06-05,95.2355342789168,112.38179975536903,110.04608178474729,107.73713235070278,88.91695001102546,115.67449565133005,89.68215827017336,106.65280391821936,99.03959855668028,107.27432992072175,103.32487686223891
2025-06-06,95.30675400229977,114.85643863600828,112.01407379315025,107.93635197037995,90.66360115893073,117.22661330885938,90.46927549367871,107.58624680757947,99.40659122465797,108.12864125438948,103.75534605849954
2025-06-09,95.86225912438427,115.31149912052778,113.42694148953922,107.72690505143406,90.8499095613471,116.42737355296956,90.31867274442898,107.50906167667588,99.27054425845144,108.42281989036093,103.0563463655911
2025-06-10,96.41849653742042,116.60933350109799,114.9978536978928,107.88865562758308,92.46888016536285,116.57847462041953,91.33980231454618,107.06539216190534,100.08734424975486,108.86771788818444,103.25511339654646
2025-06-11,95.34266360137633,115.8231754680464,113.88215115991073,107.31491967897402,93.85480483825516,116.54726945476892,91.39404561129629,107.14948806598416,99.55500208501863,108.56596380169798,103.27762674075427
2025-06-12,95.98837331671189,114.99210083895322,113.26029401842018,107.66979579893245,94.20681927509624,116.53149651781045,92.10295069019429,107.00170380219356,100.08872205685994,109.81427149197648,104.57842993928861
2025-06-13,94.77851053756316,114.00499851013467,112.53035186903155,106.57429826321817,95.89555163206668,113.88209774580304,91.65904464212282,106.12734365100178,99.31822010934502,108.32596257579301,103.90925609197221
2025-06-16,95.2973246308808,115.70668353847387,113.9101772773816,106.65733905661585,95.57571695680986,115.35254513929193,91.36115785589826,106.90982103576809,99.32675155663468,109.92401384743278,103.4486862363913
2025-06-17,94.35164616559098,114.86073497291964,112.07833417565097,105.89131843484499,96.54226075295156,114.75072856182571,89.86826284113967,106.09608184143119,99.03684118118889,109.14392784877833,102.61868045960072
2025-06-18,93.95248659826746,113.71839562146349,112.02609690513368,105.91689104235937,95.86101173048581,114.78004045897268,89.69998515522292,105.93285445991552,99.21715460425763,109.54300175473605,102.90915087490878
2025-06-20,93.27731064958186,110.93291434828944,111.7812809372041,106.61157490590944,96.85898469712772,115.08701859577486,89.2511751048654,106.08842592347486,99.112341482949,109.21762169132415,103.15333712947127
2025-06-23,94.54569037542268,111.37777216802905,114.03322743960067,108.07588280753127,94.37878584445006,116.44678219027439,89.36649276022511,107.40091115870538,100.64624182813321,110.330911151643,104.46172332243538
2025-06-24,95.36863720508913,112.87355541306809,114.70662924704516,108.06185272393395,92.96078030811779,118.43787956798889,90.42847447628405,108.08700546618327,101.13802786917621,112.21952473371724,104.91012527020908
2025-06-25,94.4543832666484,113.94581448633248,113.24199349290562,106.63494625465054,92.560946010151,118.19884863110431,90.54021762084955,107.32652865690433,98.68057998188335,113.3588915052953,103.45805842806642
2025-06-26,95.46364777326939,115.93186263024329,114.4905569938616,106.31043617253465,93.966883758255,119.35375180883989,90.77155996310059,108.39820947002704,97.97710786671452,114.18899718686673,104.3757721850675
2025-06-27,95.6528929549177,117.96766757459191,116.49242552393133,107.11943456586226,93.51175853711644,119.8058387360896,90.59688649859105,109.7092916257984,98.41212835311354,114.23921000914524,104.62451501719909
2025-06-30,95.84984495630782,118.03083983799102,115.4586066697166,107.63999118893982,92.89411186067122,121.12581779322701,91.18279726327687,110.16612456870944,99.18311893864636,115.43182311842743,105.04103305555414
2025-07-01,97.73104419428147,116.92372575723526,115.38318037255283,108.46794277280824,93.64764937001483,121.70053950556469,92.37865071980235,110.40397076391642,99.79200349019936,114.16633546092858,105.33420473325306
2025-07-02,98.87055375785383,117.505013661451,116.51563070700438,108.38244645206383,95.24783962594223,122.10022141216088,91.5668180103819,110.62856542058933,99.99867745540833,115.66076826217217,104.4204334336183
2025-07-03,98.84777501553417,118.22309058673201,117.40089579204597,108.66906209476461,95.4367252648563,123.42063149823679,91.70265880669,111.51708716487535,100.13408696313809,117.25326531583427,105.1986110745926
2025-07-07,97.82048023011517,116.96700776319561,115.72253946486174,108.8693056368073,94.4716457658794,122.33591838340791,90.91309851492477,110.95512543411176,99.31332620353821,116.33783443435269,105.40243473747302
2025-07-08,98.2555069497034,116.06724239697647,115.00216691386429,107.52840120638193,97.07832945434804,121.15131483145113,91.2881009119239,110.91559485915859,99.13746666054236,116.77750659561889,104.27812900676038
2025-07-09,98.94208016947148,117.32125588287315,115.80011752785288,106.94554621996366,96.56522539507256,121.66811234886669,91.69203328598499,111.83580862883326,99.11989372387396,117.85039236427114,105.29499111996417
2025-07-10,99.30203658430162,117.17327833980316,117.06112858064269,106.83729406618929,97.29574625564311,122.7136888275277,92.2543101168137,112.45043467817227,99.58070713092884,117.70595849573536,106.09356512303415
2025-07-11,98.62953741354151,117.43494262217804,117.52172733993552,106.42741664396308,97.7755323971979,121.41441918164186,91.46472985055237,112.25719442835334,99.55259976113942,117.36555608900116,105.98865344855844
2025-07-14,98.28234733740715,118.39186168177211,118.00569091523086,106.71823553863399,96.58465959254575,122.34984714141011,91.39598726035295,113.00299236584102,100.25637124252319,117.09838816654668,106.37128947433541
2025-07-15,96.2593371997518,117.9396567197145,116.75672751006246,105.86877772187822,95.22358923736456,120.29958178505795,89.74225187977603,112.27324792389803,98.988900364898,118.50995156423048,105.35269932265432
2025-07-16,96.326915366501,117.97433851899225,116.90856743307816,106.00430328474015,94.46127887797797,121.27311461130134,90.84240732885482,112.74357716771519,100.02325865701354,118.88832096551033,105.38811677372752
2025-07-17,96.95047920825505,118.41748821490306,117.15403933602535,106.82422750956863,94.94343047078759,122.51494671973842,89.71968224192901,113.80749042805179,99.86372457357477,119.99832230550834,105.7773161380252
2025-07-18,97.54729026062871,118.55980886327853,118.39824991763068,106.55996232854392,94.00285482546266,122.7473925129393,89.26240790638026,113.57384217578651,100.24379576724112,119.87153720334868,107.6134988552685
2025-07-21,98.06093907463324,121.06650539003,119.06934551989026,106.68060050465687,93.08345943471745,122.15211926158334,88.722224287913,112.82165877002784,100.64425999325682,120.02428662427346,107.90567753861055
2025-07-22,99.16688154364407,120.92027415221091,119.80497895519828,106.93909813890924,93.56342162838786,122.68507946358834,90.37760497720886,113.07071892141589,102.39848293964461,118.74193885567513,109.28643925489122
2025-07-23,99.19702951414773,121.07344244345167,120.30220350472702,106.81643433955317,95.00309472342292,123.56494230730343,92.21411035447117,115.37059890020903,102.60420382066042,119.64165097813667,108.47852718350477
2025-07-24,98.48820318842768,121.92220953489722,118.57455288074271,106.60813120424842,95.70898455341776,123.73727466850504,91.88467116865682,115.20157752354208,102.51520406168184,120.43177491502159,108.32548752206226
2025-07-25,99.85263458701336,121.94035115538342,119.62219141742709,106.86588527659369,95.32382200551945,124.65578777890926,92.38491953330256,116.61795195044877,102.55206793810478,120.76074062030783,108.62734187298314
2025-07-28,98.33838434317173,121.69041071132305,120.5843454344665,106.04347326655557,96.4574750789861,123.86766891754989,91.64896530510913,116.36864169734748,100.76065679370895,121.66283123929946,107.51350165293921
2025-07-29,97.93220494890967,121.93813596536226,119.6429054695092,106.86872034341434,97.36651456710689,123.24154933698563,90.94193444314946,115.153275653009,102.52473688317583,121.39885123290166,108.75318700003861
2025-07-30,96.04458169157758,122.199927086261,119.01234029773109,105.92160541745388,96.05044054697973,123.07811838327301,90.80893965530973,114.47438635324674,101.18743883293737,121.8850909136897,109.5555903587056
2025-07-31,95.57895302184647,123.3831064772525,118.61182854900746,105.3857779035906,95.5141241892171,122.31489290159823,88.2769224207835,114.50660094504272,99.56242881874165,121.54137342961324,110.22492376504694
2025-08-01,95.12373365908189,121.32505473904256,114.20932563442774,105.96775588317495,93.87497974065832,119.77874626510946,88.82097379233377,112.90389063647571,99.33897858972155,118.97808939660837,110.3551320873905
2025-08-04,96.7351856273638,124.74388971245142,114.92278802076446,106.51412085045028,93.4756919307068,121.5702799276534,90.05666694194339,113.85482632198435,100.220037438139,121.56460869366526,112.3527262160447
2025-08-05,97.59892034837529,123.79197318598925,115.16817471792905,106.32253487583938,93.57680695847989,120.85585433648392,89.68989480318156,113.50386610486598,100.50258856872699,120.58295122028463,111.16100953905632
2025-08-06,96.96089732154857,124.74033245432528,118.12040538338653,108.44281652810871,92.71912965641658,121.36964598847806,88.33054271955974,113.65833328504615,99.64183140172821,122.14258268276791,110.13075113715297
2025-08-07,97.77142311633098,124.79199274864125,118.35372462376117,109.1285420332312,92.36686715985309,120.20927955853794,87.06903241628224,113.27435314719067,100.01975823240092,122.60961126853513,111.26763612378082
2025-08-08,98.58048436100461,126.86542763546925,118.62412055174352,109.57427756763704,92.978645155512,121.50627438953995,87.80864712327825,113.40999329289752,99.20383858392704,124.01177926489935,110.82931672876089
2025-08-11,98.15986811910649,126.79237688438783,118.91933860397414,109.73253995989771,92.21109496001138,121.48428571490953,87.87631683445052,113.06578224466496,98.59461981528574,123.39954166119784,110.46249045805195
2025-08-12,99.59202348674074,128.8462246322862,119.89048075604776,109.86352125556256,92.66812889774039,123.03149367458438,88.51791878948242,114.45626974268421,98.83767960369698,125.11823916762997,111.00322829195947
2025-08-13,101.22599153318397,128.01334965460666,121.26813890204627,109.17102244698596,93.77568323468793,123.30461641456351,89.93549540859028,114.78746006517251,99.3816348944663,124.80678106681715,111.18427711468004
2025-08-14,100.72968511437237,128.47686412076516,121.70627864806586,108.40785517383135,93.67877417932844,124.00513079280657,90.43116349927392,113.67306321839358,98.6662556056568,124.72481563007193,110.43369025946832
2025-08-15,100.8690098682041,129.1444816737971,121.35206400134938,108.46088886084719,93.67736308928446,122.5774817335062,91.9563538808707,112.99541283682468,99.32789400222562,123.87630807486407,110.05617729457305
2025-08-18,100.30534770672811,128.39392496804402,121.90085114657069,108.60032235122625,93.20730481575796,122.70804288865192,91.74967589153648,113.4200635318737,98.42116786041844,124.04740996339311,109.60941343268702
2025-08-19,100.8425432187563,126.91423913325036,121.22685615725356,109.621732513155,93.250792655393,122.47403721448899,92.32784561228785,113.43061900867532,100.18192845297817,121.69296232775682,110.68051125418904
2025-08-20,100.93719294053255,125.99731197475788,119.75275896678345,110.55144861139203,94.04209753889448,122.98140972576061,92.87931317581771,113.33096876102756,100.584708615911,120.7659112045773,110.78745528412043
2025-08-21,100.93309790599662,125.81712485005161,118.9781065474107,108.84214797097415,94.70294486470459,122.5785141466217,92.53980878673167,112.93880132459729,100.2087838640699,120.34161434082529,109.98675707695693
2025-08-22,102.66157896592236,128.68301464568384,122.9496162495398,108.36486938861002,96.6141174948084,124.83794416987713,93.32472852088542,114.67348243691733,101.79211098066858,121.99498560294458,110.59587229263892
2025-08-25,101.97139613379218,129.54469773816572,122.93944413426274,106.70161948346606,96.8812898492958,124.09287726029288,91.97355354563865,113.58766843087483,101.26932147354255,121.83443425912293,109.34124046069782
2025-08-26,102.60971148263441,129.17133348574208,123.55935793792958,106.2793801733325,96.66984409836509,124.98063429721144,92.62886666356704,114.836590660708,100.98605903714792,122.45669587307692,109.6109481504728
2025-08-27,102.7232973098019,129.08127240218053,123.54438307123887,106.49894159470755,97.78020087844395,124.97896523911601,92.60857380132138,114.90597433801729,101.43610220251851,123.02113579178084,109.67698609009626
2025-08-28,102.65250354147456,130.8114883098176,123.88227381026066,106.03790852533787,98.46534630508167,125.12755176156556,92.14071902740149,115.15505909321416,101.16200635558931,123.87656353271953,108.84597916421153
2025-08-29,102.53633521352825,130.73622363039178,122.33616418998407,106.76352428210544,98.98525885270811,125.34543193920952,92.77416624588334,114.04592551013047,101.71900204624653,121.75609330403974,108.4306587209493
2025-09-02,101.96585475884072,130.12523136124605,121.1413701101445,106.92098504654663,99.22162698702847,124.48320151187202,92.84892984123461,113.02031250771958,100.07247106462985,120.57433312485854,108.0403899472471
2025-09-03,101.70229407411593,137.01744886148714,121.65025934939409,107.17929387514933,96.94017563859691,124.17743757476964,92.4842420905211,112.49609786490386,99.82932148656039,121.4918810203921,107.83824287292157
2025-09-04,101.97932304931764,138.39350710434474,124.41422202591296,107.41735716525416,97.5151851068189,125.45241310462397,92.83267251684933,113.84617007156236,100.45850938378717,122.20336984311398,107.67148771199786
2025-09-05,102.52697839418329,139.35793874554213,124.44723445547761,107.58709948655662,95.50661324070632,123.06365604568805,93.10408426600914,113.45889585943468,101.41103561562372,122.03061670494209,107.33551852154984
2025-09-08,102.89496927027476,139.1938083036011,125.0149959701429,107.66816502338537,95.35117723459301,123.61229733449254,93.06469924492113,113.46554999018221,100.75717473047561,122.92566720283286,106.16503060048525
2025-09-09,101.18891844719039,141.81635499559005,125.21589886456954,108.04179874278763,95.8260661778401,124.30946051878847,93.60918365794343,112.65112041487217,100.6982867011988,122.99599433059522,106.9830124914043
2025-09-10,101.6175968519563,140.9086019877869,123.29976134699729,106.79902582568246,97.57695623698679,124.0593055389455,92.75394054486532,113.84563014712256,100.73141291846329,125.8349941390753,108.85857196308349
2025-09-11,103.96268634746849,141.22678399971323,125.51381959392282,107.94719141330151,97.53175957453628,126.20631358243149,94.3309366891659,114.84551357850086,102.36071218892552,125.91763892403722,109.39812146897437
2025-09-12,102.85505861444753,141.49344799502836,126.66208112687443,107.79080791304494,96.98427586659199,125.57270177421344,93.30879276088822,113.83363923965382,101.90987227139098,126.28765977770861,110.00766336170474
2025-09-15,102.2842508890546,145.701593304872,128.22461806555535,106.87706697641428,96.66148079499095,125.3169258947498,92.45500905830494,114.34598192547352,101.86589912078223,127.42178805480533,110.23269852659139
2025-09-16,101.58481516585077,146.00339024300797,129.44881997037157,107.09862515817362,98.36524817707526,125.1142022284739,92.5107701301177,114.07269704705843,101.23563431886,126.75227598829841,108.23215954034512
2025-09-17,101.88202785857683,145.64789000065184,129.20707370278186,108.04290191417864,98.65539371353702,126.41067852635871,92.69880566219189,113.76082046250265,101.14738007709606,125.80289678639828,108.54429576244574
2025-09-18,101.73493912553047,146.48402108988557,128.46761941208183,106.97184380428106,98.2543521688691,126.75087477178427,92.8817007581642,115.04606423205612,101.24763986583291,127.48792869226807,108.5872319106468
2025-09-19,102.11723532769273,147.60526714265228,129.10798205412723,106.58919878047828,96.9905541882529,127.05544770690248,92.73228769547458,115.10724759224054,100.75515947545672,129.06284374069355,109.30665023753913
2025-09-22,102.34472405286151,146.26697323108763,128.69762677300818,105.83307156087366,96.80365348313856,126.7965967482725,92.7074908145747,115.6149683465802,101.0970523887068,131.39807030020884,110.37904802448041
2025-09-23,102.02178634901827,145.66821554443425,126.72625758274974,106.13701553802522,98.47936045783922,126.19019911360571,92.89024034811095,115.67860350149235,101.95028841966108,129.80154215062748,110.89701555801312
2025-09-24,100.22702481781634,144.01074081740035,127.81428535952719,106.28327937740515,99.70627731965482,125.54093536818375,92.55042944891159,115.02563642816538,100.91292095675217,129.1178318978779,111.6910295148345
2025-09-25,99.2249714260236,143.12660572984717,125.73597080856935,105.7530055096287,100.57210341314578,125.21980863791651,90.9992426543188,114.25159501647191,100.71194634249663,128.99286120982183,110.57740456024837
2025-09-26,100.3030538691545,143.4287829046859,127.72823513797336,105.67277947931906,101.58338410473694,126.04388304822554,91.93451421337717,115.22134287389976,101.74535854175228,129.1733582497628,112.36371191714389
2025-09-29,100.79231712297899,142.73723956721844,128.56116422111768,105.7560965766664,99.64683949976134,126.83245446320511,92.2060855796167,115.58609644047023,101.93561229717835,129.7652057861126,112.68294812178719
2025-09-30,101.70459464022424,142.12908166586675,127.86620024310452,106.0211272857829,98.57633447319496,126.08775806342923,94.5008558018773,116.768472919246,102.41714751445686,130.79644676907589,112.89978156641317
2025-10-01,100.84253969060688,141.62752023942366,129.01750543976902,105.6669897997215,98.55584299208648,124.90702853846344,97.35595291273799,116.61101856852801,102.43999807360136,131.84742689489755,114.072265420211
2025-10-02,101.88282813258915,141.95575185542359,127.79389218975399,105.16301972319803,97.51706644662755,124.87538125642766,97.18572871373217,116.95065679884459,101.8979821393761,132.4948807199105,113.87985436055831
2025-10-03,102.07744800003503,141.3025567115849,126.60278179472957,105.24727432600069,98.18532091363792,125.83324166229825,98.30081854220379,117.10226354563656,102.30671662319574,132.06414924463303,115.17471313415913
2025-10-06,102.09254579123855,142.59109944542817,128.23410282136516,104.76565410541427,98.68195578053741,125.65254249182316,97.86528405485906,117.54246662444393,101.33613826064338,133.06501304626354,116.29649054534384
2025-10-07,101.6724393550125,141.30103839696287,126.25100762127612,105.63545913805277,98.79021839350453,125.6721653026303,97.96145260868471,116.85107342566079,101.00944949055629,132.26451687989217,116.78318613948565
2025-10-08,102.34559481791484,141.02863875424958,127.06616011356664,105.12512661010841,98.24235962171991,125.08614356811313,98.09962291696208,117.99190146712766,100.48385404878977,134.3450179866566,117.6663350096777
2025-10-09,100.80890086158989,140.27078809197118,126.79597409908848,105.53080731784928,96.94186669104275,124.72054539329986,97.95750846810323,116.44337731072007,100.06568243199646,134.31210986111248,117.42648535809425
2025-10-10,99.12351136813093,137.17511982928286,122.33174542238282,105.76616000742858,94.19406860258803,121.8367894711537,96.47615845726752,113.82830768417841,98.8927057267943,129.0865265002252,116.81983256340055
2025-10-13,100.71000525615351,140.23624037275547,125.32259521812738,105.46382160131877,95.52744385699015,123.1024292002918,96.36796777377467,115.16578720898059,99.42989889956598,132.28688557783917,117.75062988287469
2025-10-14,101.63264101871704,140.70439532913554,124.9031713544274,107.69658620204633,95.44659247188746,124.54838325160563,96.62239316709685,116.47255412646788,100.49439683775371,130.16835713416333,118.85405227714125
2025-10-15,101.03440548190689,142.95846003900448,125.1693399844295,108.0760601749966,95.37860394210676,124.47570696465213,96.74643009372464,115.98098013695719,102.11447026870297,131.14288964693546,120.42567693347425
2025-10-16,100.38307611064765,142.624975648429,123.99910973604653,107.05095337645105,94.31552399600525,120.81010283870557,96.64285140888093,115.39611123544842,101.80464881360867,131.32116312031923,119.16772544888371
2025-10-17,100.00895482312504,143.6697293960442,124.83623496141557,108.39173700194793,95.06730234258829,121.7868888254887,97.16802719552204,115.42873358582456,102.45977171089477,131.60660493688064,118.66238699184788
2025-10-20,101.10742542471726,145.52806491217058,126.21853005679803,108.21653811459998,95.97422722708988,123.35509599776603,98.19868474580205,116.8269418941475,103.60039631052936,133.01507805129975,118.54201462124662
2025-10-21,100.36141746556048,143.46494456691224,127.71676625251749,107.82510750539772,95.79059811639908,123.29059779021294,98.39199999856257,117.89474194549385,103.18273872524558,132.82386708096362,117.34927653949016
2025-10-22,99.69785120225167,143.01932370120255,126.39051249041233,108.53848317377269,97.05039102595812,122.47663013972078,99.02916375237334,116.25126473517412,103.58540032160764,131.7246902531527,117.01676376554411
2025-10-23,100.5103140088165,143.3072923844581,127.60666426352168,108.10442500902474,98.29866939981306,122.8448226170829,99.13226591621483,117.77682562344773,103.52222963059114,133.07743525150295,116.98438274995996
2025-10-24,100.20554199481757,145.91854393778803,127.2404839260547,107.73577219380905,97.30058872483359,124.31772359768974,99.12945567180599,118.11253282428909,103.92116516873521,135.10780809926047,118.446549592748
2025-10-27,99.95614497643452,150.01335544378503,129.39524530776004,107.27554827678526,97.56021143572846,125.00714915143679,99.43250895560661,118.81317313975235,104.25004007815812,137.84042235860656,118.77143970675219
2025-10-28,100.13607246223242,149.3723036451301,129.95079150906037,106.22755428123737,96.50514353191716,124.28074177563262,98.73820407615409,117.90871205402934,101.96699954322386,140.01347710444426,116.789054161572
2025-10-29,98.80077310788944,151.65100923427096,129.3672679128376,104.22542290428669,97.26751539220407,122.25145854971123,97.79197571710007,118.53366067290366,99.32776863773464,141.31119393427005,116.83069411808734
2025-10-30,98.23215389980632,150.63659129846064,125.68758640304546,104.22832816904696,96.61519306593502,122.55506875962236,98.07341025862372,117.99725489177034,99.99203284006957,139.2092180165675,116.30504258634473
2025-10-31,97.50053224281932,150.27113790013843,130.91346299341168,103.6883980133529,97.27569241379273,122.8572665324687,98.02262846312533,118.25928054360257,100.11050216372283,138.82292416331944,115.445595114451
2025-11-03,96.95440833118887,150.3444171439107,133.3971430117391,103.27037550857028,97.12429557392444,122.44593218281209,98.23833273949178,117.58584769426412,99.9553290021484,139.33802305297957,115.53790996526456
2025-11-04,96.39256140190552,147.63497321568963,130.5668089786798,103.8411539330432,96.13647417369675,122.69784229955572,98.66909636341214,116.28381098424673,100.25412213277959,136.11997647023165,115.06954999733837
2025-11-05,96.55100098000756,150.4219293935595,132.2522995330205,103.53079976061053,96.30653558833737,123.09205650132917,99.14483914014119,116.97960229606163,100.1636006571461,136.0563198225358,115.12458156262623
2025-11-06,96.14161199627284,149.86440845664168,128.7983493802369,103.29469023777169,97.16018558990561,122.39898223703815,99.32743362317612,116.49669904473015,99.81104403670442,133.3717431060256,114.58885553280942
2025-11-07,97.03716925311119,148.03795121250113,128.65199740511903,104.5817098859856,98.7022308523218,123.30034462454242,99.4856886663776,117.05500119483021,101.14676567224207,132.92111321989466,116.20836314641012
2025-11-10,98.22407349746263,152.60247722574326,130.77642561033164,104.27607019150139,99.62575514921825,123.79349237623775,100.33541137002486,117.73066897718522,101.04234447966118,136.4392719474855,116.14980979379754
2025-11-11,99.1493539850533,152.95179514586712,130.93804880035876,105.53823485627552,100.91288830515983,124.3590975603968,102.65323055054735,117.63812727483638,102.10124361882448,135.50612589436005,116.15759121304674
2025-11-12,100.02847490892027,150.90936188543455,129.4404424688249,105.37316565846739,99.53350808615042,124.87866385188812,104.0742915483407,117.7293130668667,101.3073251430106,135.7601661678343,116.45276306064466
2025-11-13,99.04714795984633,147.61769881970991,125.63706607303598,105.2616023585384,99.8565499560594,123.11194241298487,104.07335914233613,115.75612769552922,99.97960183533691,132.4602649070482,114.80974286423881
2025-11-14,97.90820279700557,146.49828752984286,124.98118728448713,105.22125146341808,101.51278919678353,121.9499183260306,103.47155898145945,115.89334538528155,100.25902555439738,133.43532405986102,114.9291300374023
2025-11-17,96.52466910186982,149.07164834368515,124.18900175474832,104.73504977072103,99.6741525871554,119.36179468461789,103.3711320780511,114.67873607550416,99.70184053589962,131.57969263352803,115.93380345889028
2025-11-18,96.48526672520885,148.87124020176134,121.13822003549939,104.71358511622222,100.49096026359177,119.06700611768505,103.9258710480145,114.2186991559181,100.08846098692156,129.42471307128469,115.43633556923763
2025-11-19,97.11521239129696,151.15537455281154,121.29780221201212,104.05709728924624,99.21046086305549,119.78341803555149,103.82502801156997,114.78057230153124,99.32282624498717,130.6328379273859,114.60139427597844
2025-11-20,95.48919254040186,149.53318413429528,119.08298272668657,105.8462446990467,98.18503599253019,118.47495430687829,103.17654855535027,112.91982171501621,98.94115819954825,127.00827444900419,113.97773414382644
2025-11-21,97.3281210897866,153.37194538958445,120.89276710343877,106.37480283340993,98.69738628786929,119.87406427979721,105.26918646297376,114.30043852431142,100.19154208567265,127.05124512832002,114.05206869857297
2025-11-24,97.85409776727408,160.89571263544198,123.58287561891522,105.03523262377757,98.3806206311086,120.46051783184052,105.75013407215611,114.82230771115344,100.40362724111473,130.14999683527626,115.41029858948225
2025-11-25,99.14169018106148,163.48912467394925,125.89830040488289,106.74042194103784,97.72643142003956,122.07242298206734,108.12907051012783,116.2628400763746,101.14054034494802,130.1258952629898,114.98722618808904
2025-11-26,100.53471212957454,162.47528699398558,126.6662647867278,107.90859305317468,98.38998118440153,123.09717242393134,107.86263856262707,116.9642890779061,101.65648042844893,131.80998611982204,116.53198445834379
2025-11-28,101.0870617311905,163.2891680444386,127.87911713930183,108.61829378288748,99.70159740898032,124.00643152723283,107.27276859973584,117.63168104971747,102.1122451166666,132.5238630338705,117.38767742856213
2025-12-01,100.81651357103091,161.38815285049486,127.96987435235208,108.6343351420207,100.63073778014818,122.96882943527302,105.69520492857818,115.85313352750407,100.6832329056753,132.49373649776075,114.64483902747817
2025-12-02,100.22696872244994,162.0824884197318,127.93007510025063,108.35009175552092,99.36267745876889,123.03732923747305,105.08158378210298,116.87319421305038,100.43164243543183,133.5304502916916,113.81587269270656
2025-12-03,100.7574280056384,163.03597004679878,129.25147581383365,108.73099567936913,101.19943792638053,125.00700730766468,105.50589043332292,117.83986466516133,100.64586552539707,133.1003264036501,113.44310777215435
2025-12-04,100.1953347062532,163.2224959104613,128.8600102987941,108.10530592563558,101.60307444974933,125.36547314657416,104.7251780395489,118.54742443417807,100.57015200432704,133.70849885503458,113.24694042110282
2025-12-05,99.65230110118469,164.9174927406536,129.39802347959258,107.98222356736122,101.1495432806445,125.41513132205408,104.31732097636866,118.25528351885957,100.63071384724913,134.34184844629965,112.14141992019859
2025-12-08,98.60062948948702,161.69505985316454,127.49154354601997,106.95545488747895,100.11745530391408,125.11309950231039,103.03626118046763,117.98137340129384,99.93416369694957,135.59546774814075,110.69674251895567
2025-12-09,98.43258336661717,162.53349851444952,127.79333785698023,107.47339495829432,100.7605038296274,124.96621343512545,102.00320671223284,117.208876597364,99.33966662180032,135.73676443299146,110.73423468317944
2025-12-10,100.07764431646876,163.07468970459195,129.72127678363034,107.26730606861791,101.89739203487864,126.54982576374614,103.4227245078873,119.81692293221573,99.40760593140661,135.85565391388403,110.67128944935249
2025-12-11,102.29829664147593,160.72221939829038,129.77167830662617,108.16674305199372,101.4504391492359,128.92247584502763,104.42385625530748,120.96330728781551,99.88872463926874,134.96277645771139,111.56116805956626
2025-12-12,102.5008862045562,159.16702865680548,129.99626797363624,109.24857919578498,100.55619541044221,128.84025926812023,104.75294872599657,119.95180024490892,99.7450428019047,131.08900403670776,110.95695597004591
2025-12-15,102.57547270594257,158.86285737926914,130.82286769503605,109.49978484213025,99.76301530645021,128.7157092618692,106.16999940712587,120.35057041293555,100.24850663499404,129.66911275104312,111.95658083040883
2025-12-16,102.34641796365665,158.79757945300224,131.5181005005704,108.93016852223533,96.80975781146,128.01350115470768,104.82656519400686,119.69271866364781,99.3576444997962,130.06283969050466,111.58954167594669
2025-12-17,102.41201775800732,155.0129116330547,129.6217945954745,109.38876068174275,99.01085768745384,127.77975598898743,104.58604912629775,117.45554593075771,99.5910270760058,127.19353264167829,110.65814411716944
2025-12-18,102.52157090349195,157.765930589896,132.1342711212298,108.67029611747866,97.56410715552457,127.59171451692916,104.70400038535816,118.38928445919332,98.96092291608618,128.8956815655476,111.91786627701256
2025-12-19,102.93767978368625,159.28008701742326,131.67788338617493,108.23458528032572,97.64441583006104,128.7194436805818,105.47698874372779,119.62203720946091,98.67031757613319,131.55139742778152,110.4235888994654
2025-12-22,104.36302799716664,160.37580042742098,132.57267416961952,107.66664783577299,98.70972028571765,130.39505353645987,106.17356732253388,120.97332544230363,99.3361763423701,132.18617052772817,110.91030185785168
2025-12-23,104.62323951161731,162.16126185083604,132.77855208015967,107.07258198877852,99.30553558059515,130.6034599770694,105.96765677689737,120.94816830984223,99.34314609522173,133.3580222140354,111.23555401943631
2025-12-24,104.84600889140204,162.3639799913195,133.10481097182523,107.88390272069435,98.97957875999765,131.3176593188315,106.4681076671985,121.3417542637729,100.00594480418361,133.65932492297614,111.8428163346683
2025-12-26,105.42879418372509,161.98591453370534,132.40405858871696,107.98093450526909,98.67526619675438,131.10475422968614,106.6309795388051,121.0661284839861,100.11748569519467,133.95700374243575,111.69460968403138
2025-12-29,104.22860324504934,161.68982541122804,130.98012958068972,108.18285685126324,99.61226331874946,130.2676662535012,106.4787633941224,120.75149101893432,100.40988851284254,133.3703766636646,111.90355570251076
2025-12-30,104.27093621206478,162.0405206076771,130.49693980039984,107.91166900724066,100.38677804070939,129.76054205383565,106.38817033414631,120.38194711762185,100.5529118371467,133.05382389107788,112.12294935821157
2025-12-31,103.33994791355543,161.36472080946066,129.45034475531682,107.34410351685163,99.87121212939421,128.69294405033955,105.7886914881929,119.31848613218301,99.65340166318988,131.92763789732598,111.43608702778454
2026-01-02,104.95502183039626,161.06863202199762,127.83110084713073,107.37944376850061,101.97971169025811,129.50167474308378,106.25495760456158,121.8591750042053,99.78020648908137,132.16519085101126,112.79885314202163
2026-01-05,106.35212740974926,162.21525636697226,130.44375327282455,107.06103438176962,104.60532573653201,132.66882894987654,105.85259846424364,123.36103528403981,99.95814153205488,131.8948781982654,111.46525365783974
2026-01-06,108.60963834853816,161.18259106681367,131.30771995597954,107.38261366743541,101.70823826065562,133.42541479168054,107.96552613140555,124.82773541494873,100.54274445434723,132.94155760335,112.00587020347233
2026-01-07,106.88237934734632,163.47133819937906,131.13886440290452,106.24288061459828,100.43915505149123,131.2332423436495,109.12349648514498,122.2461260079037,99.20570221332007,133.03187695925692,109.21652990630733
2026-01-08,107.98430149888304,164.64498620194226,133.3503563438013,108.39335698185764,103.71511118241867,131.92561051568373,108.11589506067858,123.02515216422584,99.92241716661223,130.99761172074633,109.49590616453146
2026-01-09,110.137563997822,166.1439073661781,134.9286382313692,109.63245545769392,104.10831113271823,131.4610502745391,107.45189668704556,124.64596636514081,100.30393003323424,132.28589382013146,110.9278786779934
2026-01-12,111.15777444305571,166.92230926968998,135.02035904204922,111.3751658232674,103.43429568649869,130.28421397955756,107.53176115681086,125.80926062844433,100.56487735437574,132.75661295477613,111.10597254587343
2026-01-13,111.46517365054225,167.7691101607134,134.3331376882072,112.71506478708507,105.04388172860845,127.74703159556333,107.09869464878231,126.54858142788244,101.40452081518762,132.59682863561008,111.78284187043835
2026-01-14,111.09801802907502,166.94527187851543,131.98937066977356,113.82143984139064,107.41880101717899,127.57305373208808,107.77905920481636,126.7732769212831,102.47148324139543,130.71519146740755,112.57250328642297
2026-01-15,111.40476590199968,165.87771060906505,132.49766592773844,113.6816812198831,106.37200874680964,128.29915187256358,107.11761023899045,128.02447430120316,103.18226072898437,131.37322258505475,113.78962030280097
2026-01-16,111.13116936867587,164.40931966800662,132.21617800932128,113.72820251501822,106.62843329978588,128.4667073337578,106.32229168264034,128.89203363172552,104.43451850299809,131.56006268914874,113.06426892834803
2026-01-20,110.42421816775983,160.78115420418843,128.42426265677142,113.7893568963098,106.3983143576518,125.47784249723179,106.10938177580607,126.39767651487857,102.41369670119063,127.6882714356796,111.84450800937289
2026-01-21,112.40199547283164,163.21932707671792,130.52730632219698,114.12102964907426,108.96856138874266,126.21167392153878,108.06254620058706,128.7295190114702,102.79732545281163,128.97118941526244,112.06093783823145
2026-01-22,113.22110416940723,165.2530343488503,132.36462174358016,113.79101930220651,109.24766023269879,127.09179267055723,108.15020649282596,128.0614063997298,101.6755788020984,129.90540670922942,111.21479711745219
2026-01-23,113.92667606904864,164.963581935957,133.3291698080731,114.51372003016294,109.93678901090995,125.29809964084676,107.54999388206146,127.04518050623409,101.90555548485625,130.47513303715363,110.7786514124776
2026-01-26,114.29108597718249,167.38729245941835,132.2052969468149,114.44691546944038,109.97775740213119,125.97157201295948,107.98531591851544,127.18635413338953,101.88897870023501,131.53988127103634,111.62139174877134
2026-01-27,114.37240856101731,167.6875903527644,132.9800250566054,114.7221945792238,111.10374239324152,125.24046478186338,106.23157867552293,127.95402478276561,102.06209287344866,133.29056982997648,113.00750124095978
2026-01-28,114.7764197517278,168.01668526952056,132.05235664421477,113.88639594279395,111.93463774375627,125.25231453973909,105.37262134711385,127.44567554440826,101.17951915861471,134.08988969802755,112.72621721333888
2026-01-29,115.0811432452915,171.7541889060947,130.9648753051236,113.95623981526472,113.12846530082751,126.67555933089693,105.04836692069131,128.71401194346555,102.64431055956679,131.5945854921066,112.8165297654451
2026-01-30,112.67201600247688,170.9755264192522,131.08880930657642,115.51441311683934,114.2220455098839,126.13814557664418,105.64828759112358,128.32722978038666,102.72148766665839,129.97261803481564,112.5977398588484
2026-02-02,113.5404178447001,172.51147375678036,131.8479902848671,117.68943563153393,112.04892877659798,127.36391799200342,106.30303722909925,130.0303972018274,101.60172654197486,130.58784737452882,110.85138925682818
2026-02-03,115.79130332430532,170.28715718126782,130.71479905940754,119.8538493616484,115.67416018619748,125.85210294818374,105.15220313049741,131.6000735544562,101.34725730544861,127.77281729758116,112.54411655104397
2026-02-04,117.44820117935035,166.8169512308306,129.07397922515392,120.98015050173233,118.26789844211723,126.56411585298301,106.62219242362943,132.05600065163287,102.88592301671449,125.4050616410376,112.02791320747689
2026-02-05,114.07755403639014,166.08022379077795,125.75692340177118,121.06179096279777,116.98106020922356,124.60832282441847,105.72842991790844,131.09062591329445,102.69457953001299,123.26317388108606,112.14643114728713
2026-02-06,116.08111106270532,163.0231147203622,125.18770774449504,122.94760045334777,119.19096146627662,127.12462016663274,107.6739316975872,135.29203192647336,104.51607139518416,128.24930708256534,112.81963854739891
2026-02-09,117.85747849309591,164.3797618582498,124.92112519107974,121.7608121561625,120.17707423445495,126.76849006338465,106.71734501413044,135.9329000761828,105.10479204365548,130.2940476862669,113.22538319516751
2026-02-10,119.40131981346649,162.4672432508245,125.55680121419961,120.81508338561696,120.08768338388012,125.66245787095787,106.03958841889622,136.1143582728064,106.53576450575085,129.5445302113247,115.07096448489949
2026-02-11,120.61447000259393,159.720521106116,124.98220390224213,122.57658017438813,123.21075703879015,123.6544045486398,106.64835896617889,137.74590043847874,106.60983994843477,129.71050424934376,116.0917675449574
2026-02-12,118.58211343367029,157.47437976071464,122.86248890223904,124.48898413316054,120.8309105550045,120.85157162827788,106.52851638046914,136.0081084576397,107.02123660187756,126.44349610528901,117.8356544883712
2026-02-13,119.9544835094186,156.2496577150351,122.79139966082977,124.7430446565554,121.52266912287155,120.85989031154068,107.63059623431535,137.18802965230958,108.6413905862141,125.83613923785825,121.14524529240023
2026-02-17,118.49518840662958,154.9374611076044,122.7151409014027,122.59909206254557,120.10204568587157,121.96116020835339,107.42689645477353,137.94199391321104,109.80753692672772,126.42813190974371,120.83442808169048
2026-02-18,119.44110404077152,155.570666958103,123.83763099676341,121.79224842063034,122.59274774842969,123.15385968002289,107.61499777038651,137.78437743706033,108.14205598158605,127.67245109862579,118.81348769669899
2026-02-19,119.36138800000118,155.49499576866802,123.23027464980709,121.16527393537562,123.47732416272714,121.94415951318345,107.32665691097465,138.92246384852209,107.80183132164333,127.08686422951996,120.16557082166611
2026-02-20,119.81537770000523,160.29355893739566,124.68063073375986,121.09021811901981,122.66392334431164,122.73371480546116,106.98373390306001,139.5786783366133,108.69148270159555,127.76552853369253,120.72829274506825
2026-02-23,120.45185943045203,158.1097641764472,121.87108267718286,122.95481621258575,123.41443418255831,118.10416620354083,108.25839136692845,137.91589017449823,108.89356270671769,126.29215199177307,121.58336291278965
2026-02-24,121.51764601060847,158.2560373173536,123.8122837610719,123.81974239897956,123.28797435093047,118.7514615104851,107.72349744809324,139.66690062709748,109.11697507221035,127.7837362561774,122.9734659784108
2026-02-25,121.00561974496424,159.71050636217743,124.5549183483889,123.06958221261434,122.73007050091869,121.10883812255894,107.6974959159523,138.39868820395256,108.47295540021513,130.0700581791604,123.45477173647521
2026-02-26,120.81099764815173,158.01844768149158,123.95870397492017,122.52272355503203,123.04102042009728,122.5411054988272,107.4673373780339,139.09290477750298,108.95795900277722,127.78543189260522,123.01441820082186
2026-02-27,121.74157284819923,160.1320048502604,123.87754134771208,124.54670681386503,125.13531892633907,119.45497600471037,109.3799219972791,139.49197057408892,109.57655408107746,125.21454051595998,124.47726037639328
2026-03-02,121.2729514490563,158.4698122342665,122.6431699783907,122.91254140454737,127.57476456532412,119.97345116557347,108.25111943993656,140.9192056724801,109.83828039676885,126.46535459519743,123.56731883905121
2026-03-03,117.9548311868238,157.7010958230652,121.48005210186147,121.9514981281056,126.37847661319559,119.60036265491873,107.04724418821186,137.9034973326187,109.18247128585692,125.05792577458001,122.73660830400198
2026-03-04,118.01882836405223,158.4651858751862,124.25512205939967,121.37186843923254,125.47554187929286,120.23429374809524,107.24925155764247,138.40218605428078,109.34698281422905,126.58521980419269,123.22326968628097
2026-03-05,115.37386644455928,157.48671469600873,124.54868946186467,118.27258670445197,126.22219562644626,119.10377995572874,105.15771686423938,135.22713727366144,108.15594596602455,126.99501917761867,122.32052760265977
2026-03-06,113.16768221941905,155.93267986775584,122.03767994805537,118.71361565828732,126.41458583959862,117.24983554347186,104.37540020891319,133.32824484595517,106.9703647211871,124.6550262299882,121.81530732347413
2026-03-09,113.69395930232997,158.6688448844178,122.20023043438019,119.35916133078729,125.93564509335556,116.65279682329717,105.42876291528403,134.45766610230203,107.27475723062493,126.843996884342,122.06967625617648
2026-03-10,113.58779632828204,158.91187648410911,122.20924398637784,119.31734102133234,124.24811059929864,116.10292269712649,104.64982391483377,133.8661642681641,107.25859397235163,126.97600959919137,121.35047617785384
2026-03-11,113.11591104752411,159.13013398226,122.06746593337239,117.81361979976182,127.29523905809619,115.01404713354597,104.42712273528358,133.38899058109476,106.10593904042851,127.5606641643254,120.3249489876864
2026-03-12,113.1262748762835,156.47490718080698,119.28022181877706,118.09939100601454,128.57604225494651,112.91187017227203,102.56067724723471,130.0914162082297,105.43668883509473,125.29965087366706,121.18495659044024
2026-03-13,111.6957856591741,155.2203814842793,118.52104404344703,118.86838396885415,129.15658141101466,113.09659194122074,102.31252328123946,129.45185522630268,105.76630188640053,123.72531284119293,122.32927149298604
2026-03-16,112.41903012988158,156.79632959432374,120.1028943733312,118.898799559362,129.62106051826007,114.1969907646836,103.1312196881403,130.5964485640309,106.65246878570684,125.43004243854989,123.07286985921735
2026-03-17,112.56493095443525,158.43102086940246,121.34512011716593,118.31318985946393,130.93990267120867,114.94552233670076,102.07754323994658,130.82454916833908,106.92430815052448,125.702390582991,122.7654418739704
2026-03-18,110.10835536588819,156.623121118935,118.53704005587278,115.41378392962814,130.7551414969049,113.71449085349998,100.42582412061275,129.8210647272459,105.25490955348562,124.21618136310884,121.83013529414143
2026-03-19,108.61821458261662,155.91189943050762,117.30050249635897,114.53285151515622,132.69368282488952,113.82881290702517,100.04509752106952,128.95479563371293,105.08261421020951,124.34317652354426,121.29228982966309
2026-03-20,106.93331924677268,153.1985301556486,115.00209427521891,113.47854317255218,132.70757270996032,114.00695694912186,99.14492051750068,126.94885195615817,101.7115797559482,121.52615458702259,116.21300415406581
2026-03-23,108.31681104539564,154.06549660753075,117.94555296594174,114.03580376233973,134.20988039507822,115.18102306494525,99.18527686872676,128.44704617488293,102.33410932653014,123.3411821758108,117.41694275620249
2026-03-24,110.0516824107136,149.57940498768275,117.41139187357479,114.24554718471109,136.9353229157279,115.21460934351141,99.16030375313906,129.47147766178594,101.52302259572642,122.4495166257194,118.28067411736347
2026-03-25,112.22732388623722,149.84234488169795,118.81433489344224,114.94974505893863,136.23673699096858,115.52488125192869,100.13164645053605,130.36305070448796,101.52315890458772,123.13780308672565,118.6686656225879
2026-03-26,111.44433653375432,144.5474096188744,116.48286243379516,114.29083390651496,138.3812763178856,114.78915603547502,99.76473958051432,127.29961944534719,101.49974399344939,119.81064493709964,118.90778895436533
2026-03-27,111.2570277545109,141.1418854308788,112.97593682377118,115.15250023995542,140.90207918403132,111.76436481211573,98.06012312338171,125.68575219045701,100.9561984747607,117.39735464234624,119.64391253071017
2026-03-30,111.8352001760577,141.3591907764487,112.88118739275265,115.78606676018902,139.66909673175303,112.9487520494443,98.41792202219474,123.43428160739796,101.3381011508886,115.68963574455617,120.42022623359537
2026-03-31,113.85308999683016,147.9906929669422,116.71359596363915,115.93320436968828,138.11763759658388,115.61159761151788,100.36123555877427,127.60021127219892,103.00441951144816,120.523529148817,120.26917202719345
2026-04-01,115.27823672038033,151.13125695123358,117.82468895641962,115.41579639825598,132.7438971910702,115.64943920399396,101.20066471981218,129.87148221985558,103.38710762554705,121.8880115590091,120.82049333060955
2026-04-02,115.38442950166613,150.74837595311223,115.8262125993455,116.20898857719516,133.37977900738608,116.05043761218701,100.51083476255769,129.29226964651974,104.9083072822431,122.82343890011863,121.46906253735303
2026-04-06,114.96623074881983,152.0854626394956,116.52934426526639,117.07373511218609,134.38129066014264,116.9628560942684,100.15337024909999,129.95368461831148,105.17175412945876,123.3665038202492,120.96684741190873
2026-04-07,114.702105594104,154.18896141345087,115.45536244365107,114.77368247736848,135.42091580064314,116.95095339738126,100.38654509538287,129.70826261663498,105.0864588889933,123.79724621859584,121.2883606110965
2026-04-08,118.51037191976795,159.56270615987148,118.53584353020742,117.4420041805462,130.47059924670185,120.40538142422436,102.44525963335451,134.80102955906358,106.96140696580593,127.25882666320642,122.59567866059693
2026-04-09,118.73709019624313,160.7312834653427,121.3247125208599,118.56515206712656,128.9128130595677,120.59853231384352,102.23947220281849,136.39249200129052,107.91205762846388,127.67847489825361,123.60901202497934
2026-04-10,119.69871282490251,160.38673225927857,122.02165946539844,116.84320502317118,127.91804410967043,119.31864851235714,100.85269771432748,135.98511574569704,108.0766196322582,128.54253387667353,123.0948204494883
2026-04-13,119.96817866229931,162.00602600491484,123.08658854944164,115.5219652474811,128.34229718002152,121.75577433783803,101.31085847996222,136.86714120849587,108.66914520885211,130.92025393862008,121.63497686455868
2026-04-14,119.54814993566399,167.4196607782892,126.27988707732698,115.34524841323285,125.56457265144789,122.28655120942712,101.78135499509968,137.32057936830003,109.71682854478671,133.0666115438906,121.86197963897303
2026-04-15,118.05568380004179,169.43424310130086,128.3507420827489,114.88514609867195,125.22381894613883,123.60950695405059,101.11948158514325,135.24810398940465,109.68615920071518,135.81156487712377,120.72821552892906
2026-04-16,118.83893745884937,169.5696712359835,128.02110608992598,115.23191836677813,127.17793852489699,123.16956567943801,100.35308785796768,134.57114413242252,110.86794718305171,136.98219389973488,121.5345985286629
2026-04-17,119.18057523495474,171.68913861538047,130.61607601853018,116.85123864121715,123.45918157893804,124.28263830922306,101.80691095329074,137.08769204702656,112.4272416116029,139.07455200813308,121.01741676178283
2026-04-20,119.9895835904065,169.48077429141054,129.70466314456195,116.68670343921471,123.73785666623728,124.77594517609937,100.87292252973363,137.3461445830816,112.70013637229397,139.14964777686643,119.90506370195884
2026-04-21,118.59103391586571,167.19285888101277,129.00506814096684,116.36807480855848,125.38044226498567,124.0027556266812,99.81960501796657,135.33977840292897,110.55879227417724,138.91597311011014,117.77899555753473
2026-04-22,119.44021449669721,170.00983439657904,129.60328983405856,116.976473110567,126.81802804507453,123.89239737306825,100.13595959459599,135.1556884984875,109.75005435320544,142.05281986527402,117.6177180245005
2026-04-23,118.98391377831446,169.4321267506603,128.24932519450823,118.98312054691037,127.78529845537497,122.51917424872101,100.04777103421239,137.82253362287062,111.1523948482843,139.92828094874633,120.85299300709087
2026-04-24,119.95949990614628,171.26046899833233,129.98320429947796,118.3884251461461,127.45985278561956,121.71175754113494,98.59554851334612,136.5363870122709,110.74549975834945,143.31507617996544,121.11133596217688
2026-04-27,119.30625754748199,173.41892696303276,129.12201885106555,116.87347553691511,127.14375639279854,122.48186436223068,98.06664098937075,136.39326916180812,109.77056562297557,143.93689372992682,121.0806497228181
2026-04-28,117.70156647982246,172.9500945129331,128.31727386381766,117.93021798425916,129.24698508261034,122.50992996318362,98.28262917886344,135.19062691060427,110.65264011651654,142.00950213089382,121.1902734178333
2026-04-29,116.45666325194992,172.86294070331542,128.33402619679384,117.7538066781782,132.27241371982598,122.73173374087891,97.59632362682207,134.11198779483024,109.87729612995211,142.36037946467246,119.70140073854897
2026-04-30,117.9764581502481,183.43242449723667,129.94940143942947,119.87740579472414,133.35917084435988,123.50292238657435,99.82347373385728,138.17883100714667,111.96528803892886,141.50574061397236,122.7910589562117
2026-05-01,117.39062343978802,183.69995403550683,130.8258580186452,119.73445004994272,131.6113092522808,123.01867441007421,99.40031562597584,136.74815612246798,111.69038851400366,143.53172987048006,121.97245384608586
2026-05-04,115.44414969159436,182.57539628794942,130.62906745524296,118.81394124953438,132.83632061548514,122.25802814553765,99.13040125384241,135.14913907006178,111.0211842854462,143.33960947394698,121.61444499153623
2026-05-05,117.38890907700394,183.84467054187775,130.98993529424146,119.39299492151756,132.97189194820717,122.43076165226054,99.52470554036826,136.45474955655737,111.08321269204104,145.6617059882374,121.62945120810566
2026-05-06,119.51067035439166,187.96122385239923,132.865541812058,119.43376933647934,127.55720167368925,123.06480204420261,99.6250441579851,139.88394418649338,112.64429648959096,149.46993894987472,119.89572993189456
2026-05-07,117.29063176694055,188.25055504130623,132.82624727032297,119.29071225004179,125.28323854473157,122.00845417060518,99.1324766648708,137.54948997269767,111.5242669260396,149.48221071861735,118.30329867322573
2026-05-08,117.7398159422107,188.50812484020355,133.76812176486155,119.52432245618587,124.56561712965096,121.28468486146225,98.32175941766616,137.02256010603008,111.74827821587839,153.65445605812704,117.2615470635473
2026-05-11,119.64629005360375,183.87628838478707,133.2374953675174,118.36930221297374,127.91856209148153,120.96735049113528,97.99650023178805,138.4294341523161,112.07946224958431,155.14500394303613,118.38337179791755
2026-05-12,119.54811935707755,183.6025653273471,131.68735717611656,120.31023168496873,128.84054686385403,121.78076661959183,99.89383173735128,137.82983458494667,112.22130013083985,153.51633528682612,118.52480943427318
2026-05-13,119.60524796354296,189.19017262044056,132.84543109646526,120.73425025122712,129.0560475228964,120.35240064870978,100.55755444244161,137.4200691882141,111.23186686477989,155.00933602361445,117.00782088655497
2026-05-14,118.5899838900069,188.7872805036521,132.3896233931472,121.35982695065029,130.07104711617575,121.25950100283968,100.46364431751506,138.20273609074238,110.64860049716071,157.77016608995186,117.67983639635523
2026-05-15,115.50906704553694,186.98919965792965,129.72985715824197,120.95958500955135,133.34525701045652,120.81113191331902,99.44786023794053,135.49656465026132,108.89666414221738,155.21055924405826,114.9155964915894
2026-05-18,115.33577026297509,187.21520904445012,129.27400235156298,122.61753968516773,135.7593738593951,122.16031648649832,99.82039473962855,134.82167762370963,110.06118004170916,153.72308411337914,115.04693366104591
2026-05-19,112.7993543918097,183.7346492182918,127.45493182803584,123.1104365697622,137.37746562277184,120.67304691337142,100.92999882963699,133.22386187809195,110.59740355079074,152.6356379234171,116.19420889664067
2026-05-20,114.16583697274896,183.99114454403286,130.6798582946633,121.71205693636625,133.86163789999253,122.0960185468979,100.85212898362799,134.90432812281895,111.95811024681474,155.5209988610819,116.72691041200376
2026-05-21,115.00476094663158,183.79555024265042,131.6270270980511,118.90374506798082,132.56139485266246,122.46692211927888,101.51091622588861,134.73753179968466,112.16096889305358,156.04307087100088,117.94513824302383
2026-05-22,115.43651366783479,182.23519920872988,132.02432499058992,118.74014539518664,133.1408696678692,122.61521426902229,102.73584621221066,135.74740818848352,112.25020455899498,156.96675455908365,118.92188560260941
2026-05-26,117.08568560739519,184.41235050181106,132.3621986875173,116.7666965414197,129.42062885721634,122.54473858885787,101.76887001156868,138.02310445442524,112.72817977797034,159.49973495069125,118.93257803991702
2026-05-27,117.00132043731254,185.50376061390227,134.81862136969542,117.8366805713265,127.46893984307877,121.51852982485751,102.01671591535829,138.03822358621025,112.331998389806,158.77990996609037,118.32536171534511
2026-05-28,117.176860466604,186.03526615566008,135.56075421718526,117.37333489850064,127.30525156512634,121.23484286765704,103.40763109393521,137.64001825553106,111.8119588406947,160.93818183622722,116.98996981257318
2026-05-29,116.89144515055229,182.40671228096815,134.0963896096683,114.96986018599621,125.93370902245579,122.19439463316006,102.47936065306882,137.01091478779009,110.74156764632437,164.24066863395882,116.52186278621856
2026-06-01,116.23325303214237,179.89759238261652,130.4659973513277,113.582498541759,128.26688793008108,121.98683851144068,101.24659379396194,136.06722629614657,108.69850474587068,168.56281548704337,112.94052386817845
2026-06-02,117.63793978291352,174.4050642786981,129.68001354025273,113.2624098979299,129.54678097378584,121.98584580047908,100.22248820765485,137.66901423267532,109.17653909014395,169.9695900282019,115.13227031196959
2026-06-03,118.05133219078404,173.5609860944701,128.34989929520995,114.44646800972025,131.40042604141146,120.15091452433872,100.92820993087358,137.6517008310083,109.28877544093132,167.35147298250735,114.52729376065086
2026-06-04,118.15195739372504,178.23429568383406,128.9474671353885,114.46891585538563,131.3781485275658,123.74687986621433,104.14327524401854,139.4465737307563,111.48199845508006,165.14767803583354,115.23919714280802
2026-06-05,115.53999863202574,175.79149053007265,125.52434354743035,116.36273567006994,129.0169679036142,123.58044826577857,104.8399841848616,137.93328221377857,112.32058675834946,155.53837329605483,116.24267710694703
2026-06-08,114.08696334941618,173.84605209257725,126.41859136946198,116.16905191859108,130.48655298640864,122.9143462449081,104.64164551921438,137.46541253651256,110.49066236631114,157.77731591644388,113.9926111170806
2026-06-09,116.0380672755897,174.0107325034543,126.34364515481022,117.06938903999766,128.40556053819088,124.24839169670888,105.95343994110311,139.06569724707802,113.03939071739715,154.96376942648484,115.31818807282555
2026-06-10,113.2778802115472,170.60936438772885,123.4747465504238,118.82973890241848,130.27610029069908,123.68249899903851,104.7670505193771,134.25450261325577,113.05725665894654,151.3890421029555,115.31099442083072
2026-06-11,116.79906898845945,171.29234700496107,126.58581926301204,118.3451223204633,127.59606629339986,124.77893825979855,105.6548750717861,138.87946944542986,113.01470387430963,155.69916431372354,115.41412226871724
2026-06-12,118.94372601730416,172.04430437827725,126.69075716360943,119.16362644377227,128.57589438600127,126.57539952753083,105.45794151560766,139.75418725152852,114.17265662108302,156.30060833246603,116.71760053646734
2026-06-15,119.94471421885197,176.3839195845141,129.112019925992,118.72621346188683,124.03267191730606,126.96175462633005,104.82147472019514,141.53348267511436,113.37863141398958,161.5955795828979,117.28677949130976
2026-06-16,120.59013953440721,177.70957710034395,128.86048229487312,119.0258058781915,123.70141926158193,129.10622931157417,104.81542672976173,142.5322746706221,113.68250674474447,157.88339122926635,118.11063477999762
2026-06-17,118.79231142148886,172.61783011558018,125.41915906668201,116.50980814329228,122.27945020803418,128.57011279044298,103.36541431483955,142.50679006625646,110.88920045528177,156.96429810252303,116.58027682975894
2026-06-18,118.14639569721399,174.67277716083402,127.61240788086285,115.81374034705978,120.17932843227803,127.35119347171882,102.45626433046107,143.50834285449642,110.71510076415727,161.10327758953372,117.3567159768591
2026-06-22,118.09889731231684,167.18478736759724,124.88556183890317,115.14807223746831,121.67003452753353,128.1571629782939,103.33761494274212,144.70753556562164,112.26784107665084,161.01194485552614,117.97798136560101
2026-06-23,115.98331595115478,166.29524598857267,123.39370500045878,117.2138010749493,122.49969617761134,128.42048993688525,104.74164734108656,141.69993213023415,113.75907862866718,155.28609941889135,118.92325209573826
2026-06-24,115.99708148936506,165.49709388734018,124.20529158851308,117.79924994436666,120.37807918606941,127.6972947423502,105.56673857588002,143.27383401779792,113.29933695299466,154.35276336019012,120.16642897798327
2026-06-25,117.59677739426827,163.97143818156988,122.12619047589685,116.42790219082376,121.54107463531378,127.26866844523349,107.10300021674877,146.74341996274956,113.44218969505731,154.08328373617277,120.95164811698231
2026-06-26,117.12260321001757,162.30953575139074,123.97499309643459,117.44748667044291,121.01788111349833,127.29225855034002,110.61992029002666,144.0796790654199,115.01167337651766,152.5593323552389,121.95200541575487
2026-06-29,114.6675171580286,168.46523291550173,127.63447879255357,116.87572420492243,120.26459294620469,127.53019700418362,110.85385280814275,145.38522568702678,114.13231673087245,155.0285369647853,121.36523157092664
2026-06-30,115.2722671774484,169.09504482612684,127.85298961555017,115.15068043895478,119.48610881594125,127.20504376404224,109.38473541781576,147.6847913602093,111.70627201619996,158.76110903316194,119.53236957857496
2026-07-01,115.8146473663043,172.91412101842562,128.95229722350268,114.37609333765914,118.78823961812526,130.39638699190374,109.94141847166229,145.8486735248863,111.99744302138338,155.93381225577227,117.94181996163476
2026-07-02,118.28526989306171,171.54602369068502,127.46693312018179,117.16427519750174,119.81286299355955,132.41055524543196,112.9632768256644,146.03322890874654,113.31757953524294,153.8806114645631,120.60617282642144
2026-07-06,118.10342561498926,174.85140620713986,129.0617468667451,116.05446796692932,119.49814903439477,133.92496607506553,111.65568975399536,147.53031699586168,112.26210239002128,155.94165238060717,119.3613817710022
2026-07-07,116.90959797767059,175.36354050343908,128.2107391419471,117.18911876196412,123.13678035085714,133.6642123274792,113.41567130703898,144.78408180213182,113.97441386257611,153.59250793993616,120.46450231960519
2026-07-08,114.21282371644502,172.8741713754544,126.11962429992067,116.8380220110781,124.93785123573186,131.12292360270555,111.90375540611265,143.2794733454171,112.16249337275806,155.74912407132194,119.60202377132455
2026-07-09,114.56167136745405,172.93488697431152,128.07292915080453,114.98526898119972,122.97103005553335,132.67626235324806,111.7977949231523,143.78495958180125,112.37779092359007,158.31032748430408,118.98995796189686
2026-07-10,115.70212623292956,173.75833270759938,128.1789773417684,116.0828880404271,123.72595592278756,133.15327389181422,110.85074061619548,144.48997577325116,112.88561177361186,159.2358119443864,119.70879327891375
2026-07-13,114.83828224018698,171.55222385903113,127.09346883086921,116.75523439426725,127.63386364423599,133.90500422870838,111.09191258285554,143.1318041893494,113.40267462168846,156.14599465150434,120.53169781080014
2026-07-14,115.30886487145185,174.01108972652216,127.10408532438427,115.24858690833176,128.08842459229103,134.51207365026792,108.91450582449568,143.4225461086292,112.99715214075545,158.02359881808968,120.47605635202036
2026-07-15,114.70888049634279,179.26061253599858,128.70710646320939,115.24234731300261,127.10065440772946,135.61240724946464,109.02959885672337,143.07591577186588,113.14535025338527,157.85738978232254,119.32994910063783
2026-07-16,114.81975887326224,173.04673601320914,128.29598746500199,118.47195911625104,128.34897024282265,135.91031203040944,111.41393681384862,143.0276533854057,115.51842739944512,155.18556888164363,119.96240151415964
2026-07-17,113.76065737386634,169.1091379545317,126.23540054641286,117.47191676826577,129.88698046110747,134.56177744957998,110.9580719643672,142.45318624570933,115.56060805909203,153.51729344229378,119.10366654517034
2026-07-20,112.80220633131182,170.91336712423856,125.57408649449418,116.68412513595409,130.5933947175003,133.91410625088815,109.64986539517447,141.40564698258837,115.04788092843718,153.5639944213764,118.4980357284382
2026-07-21,113.16072674484624,169.04707728482416,125.7796946388699,115.44489526919415,132.11045281023348,134.2436122623657,110.3393419607829,142.09735555443126,115.11174983549341,157.08735986133803,118.55292440187996
2026-07-22,114.75978179722756,166.74041891952595,124.68914859639284,115.71644038401617,133.69928913953103,134.0684365491392,109.69495375194244,142.29003669373986,114.5150066967711,157.13282266986718,121.29922617302223
2026-07-23,113.48128876307271,156.76186177005664,117.7451946199987,114.37877502612638,134.44410492533737,133.46047115546523,111.13012462316883,145.1464057616438,114.4384930337208,155.36100271194715,121.89174007452614
2026-07-24,114.4245752413632,157.41419340130926,117.90579205058854,115.60913034480654,134.76381236043622,134.58125052296262,111.91242570470442,145.69667215813396,117.29979406839664,154.05678197288864,122.11372530884235
2026-07-27,114.74000847349127,160.2551183938398,118.70823983637331,117.54916037388811,131.98359727158774,136.00954798638432,112.51053707515197,145.93089348279315,116.76117770060944,152.69528247850386,120.48754626688797
2026-07-28,116.58732770410711,163.1117300980277,119.72980191132774,119.79118827947168,130.1266222224546,137.18196698681535,115.1510307090962,144.99947381997228,117.1451945722779,151.00956719473146,120.02607010231362
2026-07-29,115.3603949643599,163.80611475417217,118.04881173372553,120.17644266235635,132.73768169343788,134.7192039987001,114.44011884768209,140.02935889716935,116.84519448965906,147.42629981680503,118.4183894131265
2026-07-30,115.672231724937,160.72842475804129,120.00800766632047,117.44920994879826,133.41146084797904,135.713044973224,112.48345650816088,141.6798079301827,115.44519772367798,154.99554238354432,117.83333520808849
2026-07-31,113.06873764341798,169.35774427728714,127.02671699609543,117.03205522037398,134.5304958455032,135.48525305334124,111.85505385182384,142.76823115942426,114.71251503893552,154.21752456839758,116.9823009750772
2026-08-03,114.6928611678078,176.94922033596958,130.46366284131503,116.67731530915634,132.92288709593618,136.65614005845907,111.6215713926948,145.47197009182756,114.93826089905706,156.8175417321895,117.13316197122802
2026-08-04,116.9633286249994,178.21491155307353,129.9324109138106,117.22575308326525,132.22261035189345,137.9034136219299,111.45194214803361,148.04643309352213,114.74712965759511,163.1322276724661,116.40370042846557
2026-08-05,118.97213730685456,172.78540972118853,129.4131710560182,117.36403323986845,129.54034117446392,138.23859314526285,112.99237365832248,148.31389716687124,114.93445206522895,163.10925612985727,115.22873094264958
2026-08-06,118.25120230868374,171.27663806778284,128.87642131061568,117.2232855957614,131.6000892483681,137.4085726265807,113.1736757206289,147.21169665026608,113.99185117092226,163.1830801783856,114.49292276798694
2026-08-07,119.99010724214017,170.2580134542121,130.74852965909002,117.19744026918438,130.09081833607596,137.11675008655496,114.02776160158932,147.19716180623192,114.49539136446533,165.27526759886413,115.12426933817414
2026-08-10,121.05404330460534,171.47047099838053,131.19284668848738,117.04531774343693,136.10627905906887,137.4334107538083,115.97982395010241,146.5397239377666,113.11441632476655,163.71044762465954,113.88823467701016
2026-08-11,120.79976176503479,166.79729291499947,130.285287932203,116.87790401644357,137.5527182176593,137.93539909685475,115.63677893863091,147.49525645052302,112.14674770303525,163.18551784756565,115.17932351391151
2026-08-12,119.31432057544448,165.6752049066283,128.45792820226362,117.71745086664384,137.808055963394,138.4350943448367,115.92129816203857,147.88845952276114,113.49949189346893,164.98730522386126,115.79014598896697
2026-08-13,118.29396657561534,167.70352192403757,129.03178133978764,118.61494934405235,137.7092133444654,139.3978998627544,115.8317398573556,147.64469357418332,114.96091388677102,166.6202827439889,116.24498126619501
2026-08-14,119.05609292513651,167.51662413779917,128.63798287488817,118.70173297165523,139.59411455906988,139.27373071242957,115.11433673665233,148.32515136152853,115.3703485958087,165.83460128813604,117.00585137267576
2026-08-17,118.56436520522476,165.59578463326508,127.30866210043081,117.0033691806821,141.13188543751264,137.93023768911962,114.87403011804115,148.32199690081967,114.49616810159482,165.39380800238035,116.60885049519779
2026-08-18,117.17716021985756,164.87855903719552,126.75316190168523,118.26648520412473,143.68690263705025,138.38363184644294,116.74423113426828,146.05328323154805,113.93666874116741,162.2971858849659,116.17602956592033
2026-08-19,119.03023060253477,165.49000462194184,129.64561449660692,119.10533561554453,143.47090744376953,137.62693285747628,120.94037428106932,144.30722931201674,114.84167591579912,161.03192222927788,116.21951056853294
2026-08-20,118.88602118227371,164.07203983728553,127.39100820269066,115.8846528119344,144.02298565088705,136.14939145712967,118.59474168008555,142.4321635480699,114.96020074476273,160.38984129151586,115.58973353877987
2026-08-21,121.4454147765481,165.6575277274215,128.79476526257378,116.54541052305746,143.69150707518494,137.85113497566522,120.19352697535108,142.83259692785148,114.78174702270296,160.50626114887527,112.93800015686332
2026-08-24,121.9004840526985,167.24286074252885,128.93579590770142,118.68146900376868,142.57091670404066,139.4414347728448,120.22105241450747,141.81673869049425,115.39243704449555,158.02379532612298,114.13974525194064
2026-08-25,122.40797485669687,167.47291067867695,128.63622397750262,117.66290829135657,140.14128052540144,139.85689698041006,120.65145322718506,141.33874375351604,115.5425099058859,159.5306500243038,114.40781004159015
2026-08-26,122.3807654472437,165.89852999631722,127.80612354242481,117.09972940852259,140.5342780788129,139.62493095307607,119.36089247865682,143.02085695647153,114.93850993621986,160.13499386894281,114.92582752363003
2026-08-27,121.6917625905637,164.86618372988872,126.66837471103494,115.36408516742776,140.03194077526635,138.76316172327884,118.03174845690062,141.77943816398962,113.91828217433707,165.49230689216185,114.06943635556117
2026-08-28,121.24174690602652,167.5140725306484,128.62443793427875,115.99329751033507,140.82890101499828,139.19890529972443,117.75783773990212,140.2031205363305,113.32333268205687,163.52322468846944,112.79100458791032
2026-08-31,120.3495236752563,164.46310433212923,127.98053568451215,115.85273265118299,143.77861213729273,138.23507042331005,117.23157279163846,138.75945815468984,112.45676312913233,163.953569698207,111.27485749170555
2026-09-01,118.49859463814077,163.25243650879034,125.54741792249217,116.1792463424426,145.98562201298273,136.74243820485003,118.01735672655579,136.87255981937687,112.31676961282928,162.1609089576363,112.26771228539113
2026-09-02,120.32857343910732,164.82698983016667,125.79888135890239,116.41566117367928,146.4856771520592,137.7221148303666,118.90467623329936,136.9006837704382,111.43785051553971,162.89307208056897,112.46918264614948
2026-09-03,119.8952470211797,167.386438393118,128.0394137716434,116.60345829632898,145.44334164784627,140.1140174874009,119.14147042406114,138.39981574880926,112.8856898654593,165.00756746984308,113.43910882224219
2026-09-04,119.31447549372749,165.75915613532416,126.18046662842721,115.56294111548375,144.01014932677705,139.026703584516,117.88896628803658,139.0443059191484,111.89635633146409,165.32897323618135,113.63498702745167
2026-09-08,118.53260461684275,165.47569938219237,125.78931842421461,114.9671553403002,145.47009436214154,136.87180874790928,114.89038015543991,138.61922377288377,111.8694766815101,165.0029666166893,114.64042584766624
2026-09-09,117.76108623576653,163.92742329839663,124.01944689067001,114.09657551755653,147.03664863793406,136.15074292420786,114.52023872278713,136.5955890998299,110.6945605906181,164.64362235135087,113.30237690373026
2026-09-10,115.83343557286526,164.49579111466974,123.3947780652702,114.3124284702524,146.4343608760534,135.58656530497234,113.93166370691222,135.47756245795873,109.70955512382183,163.09604558344975,112.16726722521527
2026-09-11,116.49144742121011,166.92653812180606,124.7151716473003,115.06009790315368,146.96776272548718,136.50021215918517,113.76110702730188,137.01360423216528,110.66867345929487,164.9176948919853,111.77580199677921
2026-09-14,115.13164015075705,171.80880823612472,124.03851462032895,116.57610110346204,145.74532657693405,135.7924948283053,115.36237844560715,134.7294980645583,109.72999044636065,162.2473042167795,110.2238707544107
2026-09-15,115.67050000070441,170.1193873637209,121.91530741906402,115.77708779816906,149.06082926872776,135.1708188647152,115.31076188715517,133.95911133726602,109.71197490760508,161.66315562646304,108.91644769470717
2026-09-16,114.81258277775079,169.06788946354771,121.17723451420649,115.15422598636322,144.5506270987388,132.55152247164213,115.35531376290243,133.77564646219204,109.23467040989696,161.8338620061488,108.93933378817738
2026-09-17,115.39118010110329,170.46756194486989,122.9889613658804,115.02487202164377,145.34543867734197,132.86161780361493,116.09947706388961,134.07128709692796,109.68101748214981,165.3526267787413,109.877307576265
2026-09-18,114.25046001804978,169.98225481794282,122.95584933578068,114.39516344110008,145.0638905392149,133.0269622266679,115.8650909698691,134.80769432457706,108.74217875241426,166.5330408996529,108.33029429692985
2026-09-21,113.92522403861781,175.13672032749616,124.88999885927919,114.10414691945397,141.36015787811917,133.84868862529953,116.64034301618604,135.19332917872632,109.90219559516946,170.5234410659404,107.91704167101393
2026-09-22,116.14131803636458,173.3466029116652,124.68479989972231,115.62503444077466,139.90315339950124,130.79238354460756,117.24579245591649,135.494083049519,109.61588989007328,171.4748705281814,107.6033701879279
2026-09-23,115.2989036615739,168.9563177165783,122.77018704153247,115.46581350563767,141.3391782321263,130.00267193032306,116.44523583896057,135.53022150466137,108.00149596366039,170.31729581251147,105.58130848400215
2026-09-24,114.26245327887473,171.82075891857005,122.4057163973597,114.11134644152048,141.95984397925346,129.99248885472946,117.13097426044541,134.66654406346467,107.62355034215284,169.71348900643224,104.54577403553674
2026-09-25,114.671757758876,171.4232726215515,122.3985812076231,114.6424592321189,140.70853440385673,130.738119701906,117.74935540734023,135.82519011659517,107.21288071967956,171.35424463987394,104.95430035128545
2026-09-28,113.91295521142197,169.3272866695935,120.29698108755343,115.10382130913705,140.97671747561017,129.11912137801374,118.07081680589216,134.7160997214588,106.79339105351728,170.08771549675342,104.24692753326569
2026-09-29,113.29995755648079,169.39480205449576,120.28678843064887,114.33375427237775,139.7148121051392,128.602111045951,117.69994975898216,134.68189743550184,106.78280726673223,169.59237983213004,105.4487584467578
2026-09-30,112.38370467385081,169.9462707631421,120.48929719185864,112.30192641198077,139.6938741630175,127.01245087496295,116.0466955625172,133.01098846034762,105.59378510258006,170.56282319572492,104.6864751564753
2026-10-01,111.75502523876483,167.58241965656515,120.312909633553,112.05046214727041,142.3998805102881,127.15736069524561,114.57687257276942,134.3704739626941,104.98611655497166,171.82501118358357,105.32664864507926
2026-10-02,113.19679410642887,169.50912621000933,122.14440222708055,112.31938818695463,142.70172696162246,127.16962268344638,114.52611568975718,135.47474329558233,105.39920444435613,173.62963949896692,105.72037180598745
2026-10-05,114.28787240184074,171.34132983815056,122.65217534072984,113.05148194867427,143.97283530616318,128.14418989996585,115.33291639668313,135.4917924097462,104.91234029348506,174.8755969952511,106.10738945391296
2026-10-06,115.23372152805186,171.67362378834284,124.28840202153265,114.25837122942363,144.6099196830444,128.4890424590296,115.2223132833466,136.70183332854228,106.11466622395224,175.80666122767025,109.3510642193122
2026-10-07,113.49048501082015,172.12580032462145,124.42727846976803,114.43696225116965,143.9468721686116,127.74884052775988,116.50513766715568,133.64862939676192,104.69198258930426,175.6389628100978,109.41339701499872
2026-10-08,113.94653275688788,171.63436878953453,123.85053214017597,116.91091232821407,148.16430567674973,128.83477745923486,116.0235531269931,134.01439156968473,105.27942665188982,172.61016243156212,109.08316222819141
